CREATE DATABASE  IF NOT EXISTS `ecommerce_shoes_4` /*!40100 DEFAULT CHARACTER SET utf8mb4 COLLATE utf8mb4_0900_ai_ci */ /*!80016 DEFAULT ENCRYPTION='N' */;
USE `ecommerce_shoes_4`;
-- MySQL dump 10.13  Distrib 8.0.17, for Win64 (x86_64)
--
-- Host: skychallenge.cvzu4xrxvkdz.eu-south-1.rds.amazonaws.com    Database: ecommerce_shoes_4
-- ------------------------------------------------------
-- Server version	8.0.35

/*!40101 SET @OLD_CHARACTER_SET_CLIENT=@@CHARACTER_SET_CLIENT */;
/*!40101 SET @OLD_CHARACTER_SET_RESULTS=@@CHARACTER_SET_RESULTS */;
/*!40101 SET @OLD_COLLATION_CONNECTION=@@COLLATION_CONNECTION */;
/*!50503 SET NAMES utf8 */;
/*!40103 SET @OLD_TIME_ZONE=@@TIME_ZONE */;
/*!40103 SET TIME_ZONE='+00:00' */;
/*!40014 SET @OLD_UNIQUE_CHECKS=@@UNIQUE_CHECKS, UNIQUE_CHECKS=0 */;
/*!40014 SET @OLD_FOREIGN_KEY_CHECKS=@@FOREIGN_KEY_CHECKS, FOREIGN_KEY_CHECKS=0 */;
/*!40101 SET @OLD_SQL_MODE=@@SQL_MODE, SQL_MODE='NO_AUTO_VALUE_ON_ZERO' */;
/*!40111 SET @OLD_SQL_NOTES=@@SQL_NOTES, SQL_NOTES=0 */;
SET @MYSQLDUMP_TEMP_LOG_BIN = @@SESSION.SQL_LOG_BIN;
SET @@SESSION.SQL_LOG_BIN= 0;

--
-- GTID state at the beginning of the backup 
--

SET @@GLOBAL.GTID_PURGED=/*!80000 '+'*/ '';

--
-- Table structure for table `addresses`
--

DROP TABLE IF EXISTS `addresses`;
/*!40101 SET @saved_cs_client     = @@character_set_client */;
/*!50503 SET character_set_client = utf8mb4 */;
CREATE TABLE `addresses` (
  `id` int NOT NULL AUTO_INCREMENT,
  `created_at` datetime NOT NULL DEFAULT CURRENT_TIMESTAMP,
  `disabled_at` datetime DEFAULT NULL,
  `label` varchar(100) DEFAULT NULL,
  `name_surname` varchar(100) NOT NULL,
  `country` varchar(100) NOT NULL,
  `street_address` varchar(100) NOT NULL,
  `telephone` varchar(100) NOT NULL,
  `zipcode` varchar(5) NOT NULL,
  `instructions` text,
  `user_id` int NOT NULL,
  PRIMARY KEY (`id`),
  KEY `user_id` (`user_id`),
  CONSTRAINT `addresses_ibfk_1` FOREIGN KEY (`user_id`) REFERENCES `users` (`id`)
) ENGINE=InnoDB AUTO_INCREMENT=152 DEFAULT CHARSET=utf8mb4 COLLATE=utf8mb4_0900_ai_ci;
/*!40101 SET character_set_client = @saved_cs_client */;

--
-- Dumping data for table `addresses`
--

LOCK TABLES `addresses` WRITE;
/*!40000 ALTER TABLE `addresses` DISABLE KEYS */;
INSERT INTO `addresses` VALUES (1,'2023-03-07 16:36:28',NULL,'Prova','Marianna Nido','Italia','Via Proviamo Indirizzo, 2','9658742','98562','Indirizzo di prova',1),(3,'2023-03-07 17:43:00',NULL,'Prova edit address','Edit ancora',' Italia','Via Vai 3','3242343','06135','Suona tre volte',1),(6,'2023-03-07 17:08:32','2023-03-09 09:25:22','Prova 2','Nipote mia','Italia','Helo','0987654','3456','Prova prova',1),(8,'2023-03-08 09:16:22',NULL,'Casa','gianfranco','Italia','Via via','33333','11010','',7),(10,'2023-03-10 01:07:19',NULL,'Indirizzo Casa','Michela Rossi','Italia','Via Lavori, 5','3299444758','06345','',5),(11,'2023-03-10 01:07:37',NULL,'Ufficio','Pietro','Italia','via della tigre,5','3488555948','34343','consegna con cura grazie :)',5),(12,'2023-03-10 16:01:43',NULL,'Ufficio','Maria Gialli','Italia','via della tigre, 1','24323423','34543','consegna con cura grazie :)',13),(25,'2023-03-17 13:52:55','2023-04-02 14:46:10','via','user uno','ita','manzoni, 24','33364856','70035','lascia giu',15),(26,'2023-03-17 14:07:38','2023-04-02 14:51:02','via','user uno','ita','dante, 32','33364856','70035','lascia su',15),(27,'2023-03-17 14:34:42','2023-04-02 14:51:09','via','user uno','ita','dante, 32','33364856','70035','lascia su',15),(29,'2023-03-20 11:03:44','2023-03-20 11:14:18','Ufficio7','user uno','ita','pippo, 32','33364856','70035','lascia su',14),(30,'2023-03-20 11:03:51','2023-03-20 12:48:05','Ufficio7','user uno','ita','pippo, 32','33364856','70035','lascia su',14),(31,'2023-03-20 11:15:45','2023-03-20 11:14:18','Ufficio7','user uno','ita','pippo, 32','33364856','70035','lascia su',14),(32,'2023-03-20 11:16:21','2023-03-20 11:14:18','Ufficio7','user uno','ita','pippo, 32','33364856','70035','lascia su',14),(33,'2023-03-20 11:46:43',NULL,'Ufficiado7','user uno','ita','pippo, 32','33364856','70035','lascia su',14),(34,'2023-03-20 11:48:36',NULL,'Ufficio2','user uno','ita','pippo, 32','33364856','70035','lascia su',14),(35,'2023-03-20 14:07:53',NULL,'Ufficio2','user uno','ita','pippo, 32','33364856','70035','lascia su',14),(36,'2023-03-20 14:07:54','2023-03-20 15:08:05','Ufficio2','user uno','ita','pippo, 32','33364856','70035','lascia su',14),(37,'2023-03-30 12:47:28',NULL,'string','luigi rossi','italy','via test','00000','13100','nothing',73),(38,'2023-03-30 12:53:34',NULL,'string','luigi rossi','italy','via test','00000','13100','nothing',73),(39,'2023-03-30 12:53:54',NULL,'string','luigi rossi','italy','via test','00000','13100','nothing',73),(40,'2023-03-30 12:55:51','2023-03-30 12:53:14','string','luigi rossi','italy','via test','00000','13100','nothing',75),(41,'2023-03-30 12:56:34','2023-03-30 12:53:14','string','luigi rossi','italy','via test','00000','13100','nothing',75),(42,'2023-03-30 12:56:36','2023-03-30 12:53:14','string','luigi rossi','italy','via test','00000','13100','nothing',75),(43,'2023-03-30 12:56:54','2023-03-30 12:53:14','string','luigi rossi','italy','via test','00000','13100','nothing',75),(44,'2023-03-30 12:57:02','2023-03-30 12:53:14','string','luigi rossi','italy','via test','00000','13100',NULL,75),(45,'2023-03-30 12:57:09','2023-03-30 12:53:14',NULL,'luigi rossi','italy','via test','00000','13100',NULL,75),(46,'2023-03-30 12:57:10','2023-03-30 12:53:14',NULL,'luigi rossi','italy','via test','00000','13100',NULL,75),(47,'2023-03-30 13:01:32','2023-03-30 12:53:14',NULL,'luigi rossi','italy','via prova','00000','13100',NULL,75),(48,'2023-03-30 13:02:03','2023-03-30 12:53:14',NULL,'luigi rossi','italy','via prova 3','00000','13100',NULL,75),(49,'2023-03-30 15:16:42','2023-03-30 13:16:55',NULL,'luigi rossi','italy','Via Montebello','00000','13100',NULL,75),(50,'2023-03-30 15:17:49','2023-03-30 13:18:08',NULL,'luigi rossi','italy','vai PROVA','00000','13100',NULL,75),(51,'2023-03-30 15:21:08','2023-03-30 13:21:27',NULL,'luigi rossi','italy','Via Test','00000','13100',NULL,75),(52,'2023-03-30 15:24:59','2023-03-30 13:27:17',NULL,'luigi rossi','italy','Via Test','00000','13100',NULL,75),(53,'2023-03-30 15:34:16','2023-03-30 13:34:22',NULL,'luigi rossi','italy','Via Test','00000','13100',NULL,75),(54,'2023-03-30 15:36:53','2023-03-30 13:37:09',NULL,'luigi rossi','italy','via numero 14','00000','13100',NULL,75),(55,'2023-03-30 15:40:10','2023-03-30 14:52:59',NULL,'luigi rossi','italy','via test 15','00000','13100',NULL,75),(56,'2023-03-30 15:46:59','2023-03-30 14:53:05',NULL,'luigi rossi','italy','','00000','13100',NULL,75),(57,'2023-03-30 15:48:18','2023-03-30 14:53:08',NULL,'luigi rossi','italy','Via Test','00000','13100',NULL,75),(58,'2023-03-30 15:49:16','2023-03-30 14:53:11',NULL,'luigi rossi','italy','Via Test','00000','13100',NULL,75),(59,'2023-03-30 15:50:04','2023-03-30 14:53:13',NULL,'luigi rossi','italy','Via Test','00000','13100',NULL,75),(60,'2023-03-30 15:50:40','2023-03-30 14:53:16',NULL,'luigi rossi','italy','Via Test','00000','13100',NULL,75),(61,'2023-03-30 15:50:49','2023-03-30 14:53:18',NULL,'luigi rossi','italy','via test 15','00000','13100',NULL,75),(62,'2023-03-30 15:54:53','2023-03-30 14:53:20',NULL,'luigi rossi','italy','aaaa','00000','13100',NULL,75),(63,'2023-03-30 15:55:42',NULL,'Ufficio2','user uno','ita','pippo, 32','33364856','70035','lascia su',77),(64,'2023-03-30 15:56:48','2023-03-30 14:53:22',NULL,'luigi rossi','italy','Via Test','00000','13100',NULL,75),(65,'2023-03-30 15:58:13','2023-03-30 14:57:19',NULL,'luigi rossi','italy','Via Test','00000','13100',NULL,75),(66,'2023-03-30 15:59:23','2023-03-30 14:53:36',NULL,'luigi rossi','italy','via prova','00000','13100',NULL,75),(67,'2023-03-30 15:59:44','2023-03-30 14:53:34',NULL,'luigi rossi','italy','via prova2','00000','13100',NULL,75),(68,'2023-03-30 16:00:02','2023-03-30 14:01:43',NULL,'luigi rossi','italy','via prova2','00000','13100',NULL,75),(69,'2023-03-30 16:00:10','2023-03-30 14:01:22',NULL,'luigi rossi','italy','via prova1','00000','13100',NULL,75),(70,'2023-03-30 16:03:35','2023-03-30 14:53:33',NULL,'luigi rossi','italy','yyyy','00000','13100',NULL,75),(71,'2023-03-30 16:05:30','2023-03-30 14:53:31',NULL,'luigi rossi','italy','sssss','00000','13100',NULL,75),(72,'2023-03-30 16:06:26','2023-03-30 14:53:30',NULL,'luigi rossi','italy','qqqqq','00000','13100',NULL,75),(73,'2023-03-30 16:06:54','2023-03-30 14:07:37',NULL,'luigi rossi','italy','asasasas','00000','13100',NULL,75),(74,'2023-03-30 16:27:23','2023-03-30 14:28:16',NULL,'mario rossi','Italy','Via Test','44444','13400',NULL,75),(75,'2023-03-30 16:53:58','2023-03-30 14:54:08',NULL,'mario rossi','Italy','Via Test','3469650736','13400',NULL,75),(76,'2023-03-30 16:58:36','2023-03-30 14:59:07',NULL,'mario rossi','Italy','Via Test','3469650736','13400',NULL,75),(77,'2023-03-30 16:58:40','2023-03-30 14:58:55',NULL,'mario rossi','Italy','Via Test','3469650736','13400',NULL,75),(78,'2023-03-30 16:59:18','2023-03-30 15:03:10',NULL,'mario rossi','Italy','Via Test','3469650736','13400',NULL,75),(79,'2023-03-30 17:00:52','2023-03-30 15:01:16',NULL,'mario rossi','Italy','Via Test','3469650736','13400',NULL,75),(80,'2023-03-30 17:02:41','2023-03-30 15:03:12',NULL,'mario rossi','Italy','Via Test','3469650736','13400',NULL,75),(81,'2023-03-30 17:02:59','2023-03-30 15:03:21',NULL,'mario rossi','Italy','Via Test','3469650736','13400',NULL,75),(82,'2023-03-30 17:05:33','2023-03-30 15:08:06',NULL,'mario rossi','Italy','Via Test','3469650736','13400',NULL,75),(83,'2023-03-30 17:08:17','2023-03-30 15:17:56',NULL,'mario rossi','Italy','Via Test','3469650736','13400',NULL,75),(84,'2023-03-30 17:12:57','2023-03-30 15:15:43',NULL,'mario rossi','Italy','Via Test','3469650736','13400',NULL,75),(85,'2023-03-30 17:14:33','2023-03-30 15:15:39',NULL,'mario rossi','Italy','Via Test','3469650736','13400',NULL,75),(86,'2023-03-30 17:14:47','2023-03-30 15:15:37',NULL,'mario rossi','Italy','Via Test','3469650736','13400',NULL,75),(87,'2023-03-30 17:17:37','2023-03-30 15:17:55',NULL,'mario rossi','Italy','Via Test','3469650736','13400',NULL,75),(88,'2023-03-30 17:18:21','2023-03-30 15:20:16',NULL,'mario rossi','Italy','Via Test','3469650736','13400',NULL,75),(89,'2023-03-30 17:18:50','2023-03-30 15:19:35',NULL,'mario rossi','Italy','Via Test','3469650736','13400',NULL,75),(90,'2023-03-30 17:19:44','2023-03-30 15:20:14',NULL,'mario rossi','Italy','Via Test','3469650736','13400',NULL,75),(91,'2023-03-30 17:20:25','2023-03-30 15:20:52',NULL,'mario rossi','Italy','Via Test','3469650736','13400',NULL,75),(92,'2023-03-30 17:20:47','2023-03-30 15:20:51',NULL,'mario rossi','Italy','Via Test','3469650736','13400',NULL,75),(93,'2023-03-30 17:35:29','2023-04-02 08:28:07',NULL,'mario rossi','Italy','Via Test','3469650736','13400',NULL,75),(94,'2023-03-30 17:35:31','2023-03-30 15:35:35',NULL,'mario rossi','Italy','Via Test','3469650736','13400',NULL,75),(95,'2023-03-30 20:50:09','2023-04-02 08:28:02',NULL,'mario rossi','Italy','Via Test','3469650736','13400',NULL,75),(96,'2023-04-02 12:30:07','2023-04-03 13:48:14',NULL,'mario rossi','Italy','Via Test','44444','13400',NULL,75),(97,'2023-04-02 15:21:41',NULL,'Ufficio','Paolo Di Martino','Italia','via Piazza Matteotti, 11','3334445676','80045','Lasciare il pacco in portineria',15),(98,'2023-04-02 15:28:55',NULL,'Casa','Alfonso Di Martino','Italia','viale Europa, 15','3335467651','80097','Bussare al citofono',15),(99,'2023-04-02 17:03:15',NULL,'Seconda casa','Mario Rossi','Italia','Piazza della Libertà','3317573981','98754','Lasciare all\'ingresso',15),(100,'2023-04-02 18:52:07',NULL,'Casa','Paolo Di Martino','Italia','via dei Martiri, 14','0818723737','80053','Bussare al citofono',88),(101,'2023-04-02 18:53:30','2023-04-03 07:11:27','Ufficio','Paolo Di Martino','Italia','via Piazza Umberto, 2','3337673123','87623','Lasciare al portiere del palazzo',88),(102,'2023-04-03 15:17:48','2023-04-03 13:48:13',NULL,'Francesco Scialdone','Italia','Via Rossi 14','3331122333','80239',NULL,61),(103,'2023-04-03 15:47:30','2023-04-03 13:48:13',NULL,'mario rossi','Italy','Via Test','44444','13400',NULL,75),(104,'2023-04-03 15:47:37','2023-04-03 13:48:11',NULL,'mario rossi','Italy','via test 15','44444','13400',NULL,75),(105,'2023-04-03 15:48:00','2023-04-03 13:48:09',NULL,'mario rossi','Italy','via test 20','44444','13400',NULL,75),(106,'2023-04-03 15:48:19',NULL,NULL,'mario rossi','Italy','via test 20','44444','13400',NULL,75),(107,'2023-04-03 15:48:26',NULL,NULL,'mario rossi','Italy','via test','44444','13400',NULL,75),(108,'2023-04-03 15:48:45',NULL,NULL,'Mario Rossi','Italia','Via Roma','3331212123','81123',NULL,61),(109,'2023-04-03 15:49:06',NULL,NULL,'Francesco Scialdone','Italia','Via Roma','3331212123','81142',NULL,61),(110,'2023-04-03 17:50:08',NULL,NULL,'Giuseppe Rossi','Italia','Via Leopardi 14','3331122333','80209',NULL,61),(111,'2023-04-03 22:05:43','2023-04-03 20:09:10','Ufficio','Alfonso Di Martino','Italia','via Piazza Matteotti, 11','3334567891','80097','Lasciare in portineria',88),(112,'2023-04-03 22:09:38','2023-04-03 20:10:10','Ufficio','Alfonso Di Martino','Italia','via Piazza Matteotti, 11','3334567892','80041','Lasciare al portiere',88),(113,'2023-04-03 22:11:05',NULL,'Ufficio','Alfonso Di Martino','Italia','via Largo Fusco, 3','3213332134','87632','Lasciare in portineria',88),(114,'2023-04-04 09:01:43','2023-04-04 09:25:57','Casa vacanze','Anna Esposito','Italia','via Principe Umberto, 14','3337678923','89054','Lasciare dietro al cancello',88),(115,'2023-04-04 14:41:12',NULL,NULL,'Giuseppe Rossi','Italia','Via Roma','3333333333','81109',NULL,80),(116,'2023-04-04 15:00:57',NULL,NULL,'Giuseppe Rossi','Italia','Via Roma','3331212123','21122',NULL,85),(117,'2023-04-04 15:20:57',NULL,NULL,'Giuseppe Rossi','Italia','Via Roma','3331212123','21122',NULL,81),(118,'2023-04-04 15:38:20',NULL,NULL,'Giuseppe Rossi','Italia','Via Roma','3331212123','21122',NULL,82),(119,'2023-04-04 18:55:26',NULL,NULL,'Giuseppe Rossi','Via Roma','Via Roma','3331212123','22222',NULL,98),(120,'2023-04-04 19:50:23',NULL,'Casa','Alfredo Giacomelli','Italia','via Vico Perduto, 1','3453393214','80053','Lasciare all\'ingresso',96),(121,'2023-04-05 15:33:21','2023-04-05 14:04:06','Seconda casa','Mario Rossi','Italia','Piazza della Libertà','333777888999','32323','Lasciare il pacco in portineria',88),(122,'2023-04-05 18:01:56','2023-04-06 08:42:25',NULL,'fabrizio ettori','italia','Via del Cilianuzzo 584545','3892518898','59100',NULL,43),(123,'2023-04-05 22:50:54',NULL,'Casa','Mario Rossi','Francia','Via dei Ginepri 40','3334445566','12343','Lasciare sulla porta',101),(124,'2023-04-05 22:51:29',NULL,'Ufficio','Mario Rossi','Inghilterra','Via del Business 66','3334445566','66666','Consegnare in ufficio',101),(125,'2023-04-06 00:12:33','2023-04-06 08:42:28',NULL,'Fabrizio Ettori','America','Via Luca Rossi, 57','3336990097','59100',NULL,43),(126,'2023-04-06 08:55:47',NULL,'Casa vacanze','Giuseppe Di Martino','Italia','via Vico Perduto, 4','3337473876','80045','Lasciare all\'ingresso',88),(127,'2023-04-06 10:06:06',NULL,NULL,'michele angioni','Italia','Via rossi 25','3336990097','59100',NULL,104),(128,'2023-04-06 10:07:19',NULL,NULL,'michele angioni','Italia','Via rossi 25','3336990097','59100',NULL,104),(129,'2023-04-06 10:07:59',NULL,NULL,'michele angioni','Italia','Via rossi 25','3336990097','59100',NULL,104),(130,'2023-04-06 10:08:03',NULL,NULL,'michele angioni','Italia','Via rossi 25','3336990097','59100',NULL,104),(131,'2023-04-06 10:42:45',NULL,NULL,'Fabrizio Ettori','Italia','Via Roma 53','3336990097','59100',NULL,43),(132,'2023-04-06 10:43:35','2023-04-06 09:53:08',NULL,'Fabrizio Ettori','Inghilterra','Via Carlo Carli 13','3336990097','59100',NULL,43),(135,'2023-04-26 11:47:42',NULL,'Via','Carlo rossi','Italia','Via ugo la malfa','340411986','70036','Lascia giu',103),(136,'2023-04-26 12:06:13',NULL,'Via','Carlo rossi','Italia','Via ugo la malfa','340411986','70036','Lascia giu',103),(137,'2023-05-18 15:33:53',NULL,'hjj','bnu','bhjm','jngfynj','hjjbv','hgybn','hijjbgv',1),(138,'2023-05-18 16:31:51',NULL,'nicole','Casa','italy','via beije','9658742','0',NULL,1),(139,'2023-05-18 16:34:29',NULL,'nnnn','njdwjdskop','nnn','viaiaiaii','9658742','0',NULL,1),(140,'2023-05-18 16:36:39',NULL,'kjwerkjefoiperwpo','weijoipoewipoewipo','kmladskpoefwkpo','kladwkopefwkpo','9658742','0',NULL,1),(141,'2023-05-18 16:39:31',NULL,'Frazier','Provident optio qu','Natus sunt similique','Accusantium ratione ','333333','0',NULL,7),(142,'2023-05-18 16:43:33',NULL,'Hyde','Eaque quis id non et','Vel perferendis elit','Omnis tempore accus','333333','0',NULL,7),(143,'2023-05-18 16:44:36',NULL,'','','','','333333','0',NULL,7),(144,'2023-05-18 16:57:10',NULL,'Burt','Qui magna enim harum','Voluptate dolores co','Dolor nostrud minima','333333','0',NULL,7),(145,'2023-05-18 16:58:02',NULL,'Burt','Qui magna enim harum','Voluptate dolores co','Dolor nostrud minima','333333','0',NULL,7),(146,'2023-05-18 16:59:27',NULL,'Burt','Qui magna enim harum','Voluptate dolores co','Dolor nostrud minima','333333','0',NULL,7),(147,'2023-05-18 17:00:26',NULL,'Kennedy','Omnis vitae deleniti','Deserunt consequatur','Provident corporis ','333333','0',NULL,7),(148,'2023-05-18 17:01:03',NULL,'Howe','Molestiae minima ut ','Cumque culpa vel vel','Sint sequi duis inve','333333','0',NULL,7),(149,'2023-05-18 17:01:41',NULL,'Stone','Asperiores cupiditat','Animi deserunt mole','Quo sunt rerum cons','333333','0',NULL,7),(150,'2023-05-18 17:02:23',NULL,'Stone','Asperiores cupiditat','Animi deserunt mole','Quo sunt rerum cons','333333','0',NULL,7),(151,'2023-05-19 16:51:23',NULL,'marianna nido','via ','ita','picasso,67','9658742','0',NULL,1);
/*!40000 ALTER TABLE `addresses` ENABLE KEYS */;
UNLOCK TABLES;

--
-- Table structure for table `authority`
--

DROP TABLE IF EXISTS `authority`;
/*!40101 SET @saved_cs_client     = @@character_set_client */;
/*!50503 SET character_set_client = utf8mb4 */;
CREATE TABLE `authority` (
  `id` int NOT NULL,
  `authority` varchar(45) NOT NULL,
  PRIMARY KEY (`id`),
  UNIQUE KEY `authority_UNIQUE` (`authority`),
  UNIQUE KEY `id_UNIQUE` (`id`)
) ENGINE=InnoDB DEFAULT CHARSET=utf8mb4 COLLATE=utf8mb4_0900_ai_ci;
/*!40101 SET character_set_client = @saved_cs_client */;

--
-- Dumping data for table `authority`
--

LOCK TABLES `authority` WRITE;
/*!40000 ALTER TABLE `authority` DISABLE KEYS */;
INSERT INTO `authority` VALUES (2,'ADMIN'),(4,'DATA_ENTRY'),(3,'MARKETING'),(1,'USER');
/*!40000 ALTER TABLE `authority` ENABLE KEYS */;
UNLOCK TABLES;

--
-- Table structure for table `brands`
--

DROP TABLE IF EXISTS `brands`;
/*!40101 SET @saved_cs_client     = @@character_set_client */;
/*!50503 SET character_set_client = utf8mb4 */;
CREATE TABLE `brands` (
  `code` varchar(100) NOT NULL,
  `brand` varchar(100) NOT NULL,
  PRIMARY KEY (`code`),
  UNIQUE KEY `brand_UNIQUE` (`code`)
) ENGINE=InnoDB DEFAULT CHARSET=utf8mb4 COLLATE=utf8mb4_0900_ai_ci;
/*!40101 SET character_set_client = @saved_cs_client */;

--
-- Dumping data for table `brands`
--

LOCK TABLES `brands` WRITE;
/*!40000 ALTER TABLE `brands` DISABLE KEYS */;
INSERT INTO `brands` VALUES ('Adidas','Adidas'),('Asics','Asics'),('Bear','Bear'),('BelleScarpe','BellaScarpa'),('BR1','Hermes'),('Converse','Converse'),('Fila','Fila'),('Globe','Globe'),('Hoka','Hoka'),('New Balance','New Balance'),('Nike','Nike'),('Puma','Puma'),('Reebok','Reebok'),('Saucony','Saucony'),('Under Armour','Under Armour'),('Vans','Vans');
/*!40000 ALTER TABLE `brands` ENABLE KEYS */;
UNLOCK TABLES;

--
-- Table structure for table `categories`
--

DROP TABLE IF EXISTS `categories`;
/*!40101 SET @saved_cs_client     = @@character_set_client */;
/*!50503 SET character_set_client = utf8mb4 */;
CREATE TABLE `categories` (
  `code` varchar(100) NOT NULL,
  `category_it` varchar(100) NOT NULL,
  `category_eng` varchar(100) NOT NULL,
  PRIMARY KEY (`code`),
  UNIQUE KEY `category_it_UNIQUE` (`code`)
) ENGINE=InnoDB DEFAULT CHARSET=utf8mb4 COLLATE=utf8mb4_0900_ai_ci;
/*!40101 SET character_set_client = @saved_cs_client */;

--
-- Dumping data for table `categories`
--

LOCK TABLES `categories` WRITE;
/*!40000 ALTER TABLE `categories` DISABLE KEYS */;
INSERT INTO `categories` VALUES ('Calcio','Calcio','Football'),('Camminata','Camminata','Walking'),('Corsa','Corsa','Running'),('Cross training','Cross training','Cross training'),('Fitness','Fitness','Fitness'),('Pallacanestro','Pallacanestro','Basketball'),('Skate','Skate','Skate'),('Sneakers','Sneakers','Sneakers'),('Trail running','Trail running','Trail running');
/*!40000 ALTER TABLE `categories` ENABLE KEYS */;
UNLOCK TABLES;

--
-- Table structure for table `colors`
--

DROP TABLE IF EXISTS `colors`;
/*!40101 SET @saved_cs_client     = @@character_set_client */;
/*!50503 SET character_set_client = utf8mb4 */;
CREATE TABLE `colors` (
  `code` varchar(100) NOT NULL,
  `color_it` varchar(100) NOT NULL,
  `color_eng` varchar(100) NOT NULL,
  PRIMARY KEY (`code`),
  UNIQUE KEY `color_it_UNIQUE` (`code`)
) ENGINE=InnoDB DEFAULT CHARSET=utf8mb4 COLLATE=utf8mb4_0900_ai_ci;
/*!40101 SET character_set_client = @saved_cs_client */;

--
-- Dumping data for table `colors`
--

LOCK TABLES `colors` WRITE;
/*!40000 ALTER TABLE `colors` DISABLE KEYS */;
INSERT INTO `colors` VALUES ('Bianco','Bianco','White'),('Blu','Blu','Blue'),('Grigio','Grigio','Grey'),('Lilla','Lilla','Lilac'),('Multicolor','Multicolor','Multicolor'),('Nero','Nero','Black'),('Rosa','Rosa','Pink'),('Rosso','Rosso','Red'),('Verde','Verde','Green');
/*!40000 ALTER TABLE `colors` ENABLE KEYS */;
UNLOCK TABLES;

--
-- Table structure for table `conversion_sizes`
--

DROP TABLE IF EXISTS `conversion_sizes`;
/*!40101 SET @saved_cs_client     = @@character_set_client */;
/*!50503 SET character_set_client = utf8mb4 */;
CREATE TABLE `conversion_sizes` (
  `eu` varchar(100) NOT NULL,
  `usa` varchar(100) DEFAULT NULL,
  `uk` varchar(100) DEFAULT NULL,
  `cm` varchar(100) DEFAULT NULL,
  PRIMARY KEY (`eu`)
) ENGINE=InnoDB DEFAULT CHARSET=utf8mb4 COLLATE=utf8mb4_0900_ai_ci;
/*!40101 SET character_set_client = @saved_cs_client */;

--
-- Dumping data for table `conversion_sizes`
--

LOCK TABLES `conversion_sizes` WRITE;
/*!40000 ALTER TABLE `conversion_sizes` DISABLE KEYS */;
INSERT INTO `conversion_sizes` VALUES ('M36','M4','M3','M21'),('M40','M6','M9','M48'),('M41','M7.5','M7','M25.5'),('M42','M8.5','M8','M26.5'),('M43','M9','M8.5','M27'),('W35','W4.5','W2.5','W21.5'),('W36','W5.5','W3.5','W22.5'),('W37','W6','W4','W23'),('W38','W7','W5','W24');
/*!40000 ALTER TABLE `conversion_sizes` ENABLE KEYS */;
UNLOCK TABLES;

--
-- Table structure for table `coupons`
--

DROP TABLE IF EXISTS `coupons`;
/*!40101 SET @saved_cs_client     = @@character_set_client */;
/*!50503 SET character_set_client = utf8mb4 */;
CREATE TABLE `coupons` (
  `id` int NOT NULL AUTO_INCREMENT,
  `code` varchar(100) NOT NULL,
  `max_usages` int NOT NULL,
  `user_id` int DEFAULT NULL,
  `expire_date` datetime DEFAULT NULL,
  `type` varchar(100) NOT NULL,
  `value` double NOT NULL,
  `min_order` double DEFAULT NULL,
  `description_it` varchar(255) DEFAULT NULL,
  `created_at` datetime DEFAULT CURRENT_TIMESTAMP,
  `disabled_at` datetime DEFAULT NULL,
  `description_eng` varchar(255) DEFAULT NULL,
  PRIMARY KEY (`id`),
  KEY `user_id` (`user_id`),
  CONSTRAINT `coupons_ibfk_1` FOREIGN KEY (`user_id`) REFERENCES `users` (`id`)
) ENGINE=InnoDB AUTO_INCREMENT=50 DEFAULT CHARSET=utf8mb4 COLLATE=utf8mb4_0900_ai_ci;
/*!40101 SET character_set_client = @saved_cs_client */;

--
-- Dumping data for table `coupons`
--

LOCK TABLES `coupons` WRITE;
/*!40000 ALTER TABLE `coupons` DISABLE KEYS */;
INSERT INTO `coupons` VALUES (2,'WELCOME1',1,1,NULL,'percentuale',3,NULL,'promozione di benvenuto','2023-03-23 10:48:18','2023-03-31 10:14:33','welcome promo'),(4,'SPRING23',1,1,NULL,'assoluto',8,25,'promozione di primavera','2023-03-23 10:48:18','2023-04-04 14:32:25','spring promo'),(5,'HELLOSPRING',1,1,NULL,'assoluto',12,NULL,'promozione di primavera','2023-03-23 10:48:18','2023-04-03 11:31:47','spring promo'),(6,'EndSpring',3,NULL,NULL,'assoluto',300,NULL,'promozione di primavera','2023-03-23 10:48:18',NULL,'spring promo'),(8,'HELLO10',3,NULL,'2023-03-23 12:21:32','assoluto',300,NULL,'promozione di primavera','2023-03-23 11:57:08',NULL,'spring promo'),(11,'Hello',3,NULL,NULL,'assoluto',300,NULL,'promozione di primavera','2023-03-28 08:09:46','2023-04-03 20:00:53','spring promo'),(12,'Spring',3,NULL,NULL,'assoluto',300,NULL,'promozione di primavera','2023-03-28 08:10:05','2023-04-04 14:34:28','spring promo'),(13,'CIAOPRIMAVERA23!',3,NULL,'2023-03-28 12:44:25','assoluto',300,NULL,'promozione di primavera','2023-03-28 09:45:22','2023-03-30 17:48:19','spring promo'),(14,'CIAOPRIMAVERA23!',3,NULL,'2023-03-30 18:46:47','assoluto',300,NULL,'promozione di primavera','2023-03-28 10:43:19','2023-03-31 12:58:33','spring promo'),(16,'APRIL2023',3,NULL,'2000-01-01 23:59:59','assoluto',20,NULL,'ciao','2023-03-30 17:23:55','2023-04-04 15:15:52','hello'),(17,'TESTBO03',2,NULL,'2023-03-31 23:59:59','percentuale',19,NULL,'testando aggiunta coupon','2023-03-30 17:32:13','2023-03-31 12:51:37','testing add coupon'),(18,'CiaoCiao',3,NULL,'2023-03-30 17:42:59','stringa',300,NULL,'promozione di primavera','2023-03-30 17:32:26',NULL,'stringa'),(19,'Edit2Test',2,NULL,'2024-04-12 23:59:59','percentuale',15,80,'Sconto 15% su ordine minimo 80€','2023-03-30 17:37:28','2023-04-03 19:45:26','15% discount on minimum order 80€'),(21,'SPECIAL20',3,NULL,'2023-04-01 23:59:59','percentuale',20,NULL,'sconto 20%','2023-03-30 19:20:33','2023-03-31 12:49:26','discount 20%'),(22,'EDITTEST',3,NULL,'2024-01-01 23:59:59','string',10,5,'promozione di primavera','2023-03-31 09:56:24','2023-04-03 19:55:38','spring promo'),(23,'EndOfMarchPromo',1,NULL,'1982-02-01 23:59:59','Absolute',30,150,'','2023-03-31 10:00:20',NULL,''),(24,'EndOfMarchPromo2',2,NULL,'2023-04-02 23:59:59','percentage',50,150,'lorem','2023-03-31 10:14:55','2023-03-31 12:50:26','ipsum'),(25,'Test31MarchCoupon',1,NULL,'2023-04-01 23:59:59','percentage',20,50,'lorem','2023-03-31 10:19:01','2023-03-31 12:59:30','ipsum'),(26,'APRIL23',2,NULL,'2023-04-01 23:59:59','percentage',35,199,'35% discount','2023-04-01 11:40:58',NULL,'sconto 35%'),(27,'3APRILE23',3,NULL,'2023-04-05 23:59:59','Percentage',20,50,'sconto 20%','2023-04-03 11:40:49',NULL,'discount 20%'),(29,'ciao',3,NULL,'2024-03-02 23:59:59','stringa',300,200,'stringa','2023-04-03 16:48:42','2023-05-15 08:18:05','stringa'),(32,'DISCOUNTMANIA',3,NULL,'2024-03-02 23:59:59','Percentage',15,100,'Sconto 15%','2023-04-03 16:58:59','2023-04-06 10:11:37','Discount 15%'),(33,'Ok10',3,NULL,'2024-03-02 23:59:59','stringa',300,200,'stringa','2023-04-03 17:01:45','2023-04-03 19:52:12','stringa'),(34,'20SPECIAL',1,NULL,'2023-04-13 23:59:59','Percentage',20,100,'20% discount','2023-04-03 21:42:12',NULL,'20% sconto'),(35,'30SPECIALX',3,NULL,'2023-05-04 23:59:59','Absolute',30,99,'Sconto','2023-04-03 21:44:09','2023-04-04 14:46:27','Discount'),(36,'APRIL232',2,NULL,'2023-04-21 23:59:59','22',2,19,'ad','2023-04-03 21:44:53','2023-04-03 19:59:43','ad'),(37,'COUPONMAGIC5',2,NULL,'2023-04-12 23:59:59','Asolute',5,15,'5% sconto','2023-04-03 21:46:48',NULL,'5% discount'),(38,'TESTTOAST',2,NULL,'2222-02-02 23:59:59','w',2,2,'','2023-04-03 21:47:48','2023-04-03 19:57:12',''),(39,'TestPUTMarchCoupon',2,NULL,'2023-04-06 23:59:59','Percentage',2,87,'','2023-04-03 21:49:14','2023-04-06 06:57:21',''),(40,'SPRINGFEVER2',5,NULL,'2023-04-19 23:59:59','Percentage',25,99,'25% sconto','2023-04-03 22:01:38','2023-04-06 06:57:47','25% discount'),(41,'4APRILE23',3,NULL,'2023-04-07 23:59:59','Percentage',20,100,'20% discount','2023-04-04 09:45:53','2023-04-06 07:22:03','20% sconto'),(42,'SPRINGMAXI',2,NULL,'2023-04-12 23:59:59','Percentage',15,50,'15% sconto','2023-04-04 09:51:03','2023-04-04 17:01:30','15% discount'),(43,'APRIL4TH',3,NULL,'2023-04-05 23:59:59','Percentage',10,30,'Sconto 10','2023-04-04 09:55:59',NULL,'Discount 10'),(44,'APRIL5',3,NULL,'2023-04-12 23:59:59','Percentage',20,40,'sconto 20%','2023-04-05 14:05:22',NULL,'discount 20%'),(45,'FRA15',3,NULL,'2023-04-10 23:59:59','percentage',15,45,'sconto 15%','2023-04-05 14:06:34','2023-04-05 12:33:40','discount 15%'),(46,'APRIL6',10,NULL,'2023-04-13 23:59:59','Percentage',20,100,'20% sconto','2023-04-05 22:25:02',NULL,'20% discount'),(47,'MAGIC20',5,NULL,'2023-04-10 23:59:59','Percentage',20,75,'Sconto magico 20%','2023-04-06 09:15:09',NULL,'Magic discount 20%'),(48,'DISCOUNTPARTY',5,NULL,'2023-06-07 23:59:59','Percentage',10,50,'Sconto 10%','2023-04-06 09:16:20',NULL,'Discount 10%'),(49,'ciaociaociao',3,NULL,NULL,'ciaociaociao',123,12,'ciaociaociao','2023-04-26 17:00:38',NULL,'ciaociaociao');
/*!40000 ALTER TABLE `coupons` ENABLE KEYS */;
UNLOCK TABLES;

--
-- Table structure for table `order_items`
--

DROP TABLE IF EXISTS `order_items`;
/*!40101 SET @saved_cs_client     = @@character_set_client */;
/*!50503 SET character_set_client = utf8mb4 */;
CREATE TABLE `order_items` (
  `id` int NOT NULL AUTO_INCREMENT,
  `quantity` int NOT NULL,
  `price` double NOT NULL,
  `order_id` int NOT NULL,
  `product_details_id` int NOT NULL,
  `size` varchar(100) NOT NULL,
  `name` varchar(100) NOT NULL,
  `color` varchar(100) NOT NULL,
  `created_at` datetime NOT NULL DEFAULT CURRENT_TIMESTAMP,
  `disabled_at` datetime DEFAULT NULL,
  `status` varchar(100) DEFAULT NULL,
  PRIMARY KEY (`id`),
  KEY `order_id` (`order_id`),
  KEY `product_details_id` (`product_details_id`),
  KEY `size` (`size`),
  KEY `order_items_ibfk_4_idx` (`color`),
  CONSTRAINT `order_items_ibfk_1` FOREIGN KEY (`order_id`) REFERENCES `orders` (`id`),
  CONSTRAINT `order_items_ibfk_2` FOREIGN KEY (`product_details_id`) REFERENCES `product_details` (`id`),
  CONSTRAINT `order_items_ibfk_3` FOREIGN KEY (`size`) REFERENCES `conversion_sizes` (`eu`),
  CONSTRAINT `order_items_ibfk_4` FOREIGN KEY (`color`) REFERENCES `colors` (`code`)
) ENGINE=InnoDB AUTO_INCREMENT=206 DEFAULT CHARSET=utf8mb4 COLLATE=utf8mb4_0900_ai_ci;
/*!40101 SET character_set_client = @saved_cs_client */;

--
-- Dumping data for table `order_items`
--

LOCK TABLES `order_items` WRITE;
/*!40000 ALTER TABLE `order_items` DISABLE KEYS */;
INSERT INTO `order_items` VALUES (4,1,31,122,4,'W36','All Star','Nero','2023-03-06 22:28:13','2023-04-05 00:00:00',NULL),(5,1,34,6,3,'M40','TurboShoe','Rosso','2023-03-10 11:04:49','2023-04-05 00:00:00',NULL),(6,1,34,6,3,'M40','TurboShoe','Rosso','2023-03-10 11:04:49','2023-04-05 00:00:00',NULL),(7,1,15,6,2,'M41','TurboShoe','Rosso','2023-03-10 11:04:49','2023-04-05 00:00:00',NULL),(8,1,46,114,8,'M40','King Pro','Rosa','2023-03-21 16:45:18','2023-04-05 00:00:00',NULL),(9,1,34,7,3,'M40','TurboShoe','Rosso','2023-03-10 11:59:38','2023-04-05 00:00:00',NULL),(10,1,34,7,3,'M40','TurboShoe','Rosso','2023-03-10 11:59:39','2023-04-05 00:00:00',NULL),(11,1,15,7,2,'M41','TurboShoe','Rosso','2023-03-10 11:59:39','2023-04-05 00:00:00','refunded'),(12,1,34,8,3,'M40','TurboShoe','Rosso','2023-03-10 12:05:17','2023-04-05 00:00:00',NULL),(13,1,34,8,3,'M40','TurboShoe','Rosso','2023-03-10 12:05:17','2023-04-05 00:00:00',NULL),(14,1,34,8,3,'M40','TurboShoe','Rosso','2023-03-10 12:05:17','2023-04-05 00:00:00',NULL),(15,1,15,8,2,'M41','TurboShoe','Rosso','2023-03-10 12:05:17','2023-04-05 00:00:00',NULL),(16,1,34,9,3,'M40','TurboShoe','Rosso','2023-03-10 13:10:13','2023-04-05 00:00:00',NULL),(17,1,34,9,3,'M40','TurboShoe','Rosso','2023-03-10 13:10:13','2023-04-05 00:00:00',NULL),(18,1,34,9,3,'M40','TurboShoe','Rosso','2023-03-10 13:10:14','2023-04-05 00:00:00',NULL),(19,1,15,9,2,'M41','TurboShoe','Rosso','2023-03-10 13:10:14','2023-04-05 00:00:00',NULL),(20,1,34,10,3,'M40','TurboShoe','Rosso','2023-03-10 13:13:12','2023-04-05 00:00:00','refunded'),(21,1,34,10,3,'M40','TurboShoe','Rosso','2023-03-10 13:13:12','2023-04-05 00:00:00','refunded'),(22,1,34,10,3,'M40','TurboShoe','Rosso','2023-03-10 13:13:13','2023-04-05 00:00:00',NULL),(23,1,15,10,2,'M41','TurboShoe','Rosso','2023-03-10 13:13:14','2023-04-05 00:00:00',NULL),(24,1,59,117,24,'W37','Ultra Boost','Blu','2023-03-22 13:41:12','2023-04-05 00:00:00',NULL),(25,1,34,11,3,'M40','TurboShoe','Rosso','2023-03-10 13:22:36','2023-04-05 00:00:00',NULL),(26,1,34,11,3,'M40','TurboShoe','Rosso','2023-03-10 13:22:36','2023-04-05 00:00:00',NULL),(27,1,15,11,2,'M41','TurboShoe','Rosso','2023-03-10 13:22:37','2023-04-05 00:00:00',NULL),(28,1,15,12,2,'M41','TurboShoe','Rosso','2023-03-10 13:45:00','2023-04-05 00:00:00',NULL),(29,1,34,13,3,'M40','TurboShoe','Rosso','2023-03-10 15:26:47','2023-04-05 00:00:00',NULL),(30,1,34,14,3,'M40','TurboShoe','Rosso','2023-03-10 16:03:24','2023-04-05 00:00:00',NULL),(31,1,15,14,2,'M41','TurboShoe','Rosso','2023-03-10 16:03:24','2023-04-05 00:00:00',NULL),(32,1,34,14,3,'M40','TurboShoe','Rosso','2023-03-10 16:03:24','2023-04-05 00:00:00',NULL),(33,1,34,15,3,'M40','TurboShoe','Rosso','2023-03-13 09:57:59','2023-04-05 00:00:00',NULL),(34,1,88,15,4,'M36','Old Skool','Nero','2023-03-13 09:57:59','2023-04-05 00:00:00',NULL),(35,22,1936,15,4,'M36','Old Skool','Nero','2023-03-13 09:57:59','2023-04-05 00:00:00',NULL),(36,20,1760,15,4,'M36','Old Skool','Nero','2023-03-13 09:57:59','2023-04-05 00:00:00',NULL),(37,22,748,15,3,'M40','TurboShoe','Rosso','2023-03-13 09:57:59','2023-04-05 00:00:00',NULL),(39,1,15,27,2,'M41','TurboShoe','Multicolor','2023-03-21 08:56:51','2023-04-05 00:00:00','ANDIAMO A BERLINO BEPPE'),(40,1,34,27,3,'M40','TurboShoe','Multicolor','2023-03-21 08:56:51','2023-04-05 00:00:00','ANDIAMO A BERLINO BEPPE'),(41,1,15,28,2,'M41','TurboShoe','Multicolor','2023-03-21 10:33:36','2023-04-05 00:00:00','main'),(42,1,34,28,3,'M40','TurboShoe','Multicolor','2023-03-21 10:33:36','2023-04-05 00:00:00','main'),(43,1,15,29,2,'M41','TurboShoe','Multicolor','2023-03-21 10:34:23','2023-04-05 00:00:00','dtovecchio'),(44,1,34,29,3,'M40','TurboShoe','Multicolor','2023-03-21 10:34:23','2023-04-05 00:00:00','dtovecchio'),(45,1,70,113,45,'M42','Old Skool Pro','Bianco','2023-03-22 13:45:50','2023-04-05 00:00:00',NULL),(46,1,67,31,3,'M40','Zoom Rush','Multicolor','2023-03-22 15:16:42','2023-04-05 00:00:00','SENT'),(47,1,70,32,2,'M41','Zoom Rush','Multicolor','2023-03-27 10:18:18','2023-04-05 00:00:00','TEST CON FRANCESCO'),(48,1,67,32,3,'M40','Zoom Rush','Multicolor','2023-03-27 10:18:18','2023-04-05 00:00:00','TEST CON FRANCESCO'),(49,1,80,33,51,'M41','Nano X','Multicolor','2023-03-28 10:27:24','2023-04-05 00:00:00','SPEDITO OGGI'),(50,1,70,33,2,'M41','Zoom Rush','Multicolor','2023-03-28 10:27:24','2023-04-05 00:00:00','SPEDITO OGGI'),(51,1,80,124,51,'M41','Nano X','Multicolor','2023-03-22 14:03:53','2023-04-05 00:00:00',NULL),(52,1,78,120,52,'M43','Nano X','Multicolor','2023-03-22 14:21:37','2023-04-05 00:00:00',NULL),(57,1,100,39,54,'M41','Gel Sonoma','Nero','2023-03-31 15:58:17','2023-04-05 00:00:00',NULL),(58,1,100,40,54,'M41','Gel Sonoma','Nero','2023-03-31 18:12:06','2023-04-05 00:00:00',NULL),(59,1,100,51,54,'M41','Gel Sonoma','Nero','2023-04-03 10:02:10','2023-04-05 00:00:00',NULL),(60,1,100,52,54,'M41','Gel Sonoma','Nero','2023-04-03 10:02:57','2023-04-05 00:00:00',NULL),(61,1,100,54,54,'M41','Gel Sonoma','Nero','2023-04-03 10:04:19','2023-04-05 00:00:00',NULL),(62,1,100,57,54,'M41','Gel Sonoma','Nero','2023-04-03 11:31:47','2023-04-05 00:00:00',NULL),(63,1,100,59,54,'M41','Gel Sonoma','Nero','2023-04-03 11:33:29','2023-04-05 00:00:00',NULL),(64,1,100,74,54,'M41','Gel Sonoma','Nero','2023-04-04 10:19:13','2023-04-05 00:00:00',NULL),(65,1,67,80,3,'M40','Zoom Rush','Multicolor','2023-04-04 10:27:17','2023-04-05 00:00:00',NULL),(66,1,100,81,54,'M41','Gel Sonoma','Nero','2023-04-04 10:45:48','2023-04-05 00:00:00',NULL),(67,1,100,82,54,'M41','Gel Sonoma','Nero','2023-04-04 10:56:16','2023-04-05 00:00:00',NULL),(68,1,100,82,54,'M41','Gel Sonoma','Nero','2023-04-04 10:56:16','2023-04-05 00:00:00',NULL),(69,1,100,83,54,'M41','Gel Sonoma','Nero','2023-04-04 11:07:11','2023-04-05 00:00:00',NULL),(70,1,100,83,54,'M41','Gel Sonoma','Nero','2023-04-04 11:07:11','2023-04-05 00:00:00',NULL),(71,1,100,83,54,'M41','Gel Sonoma','Nero','2023-04-04 11:07:11','2023-04-05 00:00:00',NULL),(72,1,80,84,53,'W37','Fresh Foam Arishi','Verde','2023-04-04 11:16:07','2023-04-05 00:00:00',NULL),(73,1,80,84,53,'W37','Fresh Foam Arishi','Verde','2023-04-04 11:16:07','2023-04-05 00:00:00',NULL),(74,1,100,87,54,'M41','Gel Sonoma','Nero','2023-04-04 11:42:25','2023-04-05 00:00:00',NULL),(75,1,100,87,54,'M41','Gel Sonoma','Nero','2023-04-04 11:42:25','2023-04-05 00:00:00',NULL),(76,1,100,87,54,'M41','Gel Sonoma','Nero','2023-04-04 11:42:25','2023-04-05 00:00:00',NULL),(77,1,100,87,54,'M41','Gel Sonoma','Nero','2023-04-04 11:42:25','2023-04-05 00:00:00',NULL),(78,1,100,87,54,'M41','Gel Sonoma','Nero','2023-04-04 11:42:25','2023-04-05 00:00:00',NULL),(79,1,100,87,54,'M41','Gel Sonoma','Nero','2023-04-04 11:42:25','2023-04-05 00:00:00',NULL),(80,1,100,87,54,'M41','Gel Sonoma','Nero','2023-04-04 11:42:25','2023-04-05 00:00:00',NULL),(81,1,100,93,54,'M41','Gel Sonoma','Nero','2023-04-04 11:56:11','2023-04-05 00:00:00',NULL),(82,1,100,93,54,'M41','Gel Sonoma','Nero','2023-04-04 11:56:11','2023-04-05 00:00:00',NULL),(83,1,100,93,54,'M41','Gel Sonoma','Nero','2023-04-04 11:56:11','2023-04-05 00:00:00',NULL),(84,1,100,93,54,'M41','Gel Sonoma','Nero','2023-04-04 11:56:11','2023-04-05 00:00:00',NULL),(85,1,100,93,54,'M41','Gel Sonoma','Nero','2023-04-04 11:56:11','2023-04-05 00:00:00',NULL),(86,1,100,93,54,'M41','Gel Sonoma','Nero','2023-04-04 11:56:11','2023-04-05 00:00:00',NULL),(87,1,100,93,54,'M41','Gel Sonoma','Nero','2023-04-04 11:56:11','2023-04-05 00:00:00',NULL),(88,1,100,101,54,'M41','Gel Sonoma','Nero','2023-04-04 12:21:04','2023-04-05 00:00:00',NULL),(89,1,100,101,54,'M41','Gel Sonoma','Nero','2023-04-04 12:21:04','2023-04-05 00:00:00',NULL),(90,1,100,101,54,'M41','Gel Sonoma','Nero','2023-04-04 12:21:04','2023-04-05 00:00:00',NULL),(91,1,100,101,54,'M41','Gel Sonoma','Nero','2023-04-04 12:21:04','2023-04-05 00:00:00',NULL),(92,1,100,101,54,'M41','Gel Sonoma','Nero','2023-04-04 12:21:04','2023-04-05 00:00:00',NULL),(93,1,100,101,54,'M41','Gel Sonoma','Nero','2023-04-04 12:21:04','2023-04-05 00:00:00',NULL),(94,1,100,101,54,'M41','Gel Sonoma','Nero','2023-04-04 12:21:04','2023-04-05 00:00:00',NULL),(95,1,100,105,54,'M41','Gel Sonoma','Nero','2023-04-04 12:27:15','2023-04-05 00:00:00',NULL),(96,1,100,105,54,'M41','Gel Sonoma','Nero','2023-04-04 12:27:15','2023-04-05 00:00:00',NULL),(97,1,100,107,54,'M41','Gel Sonoma','Nero','2023-04-04 12:54:28','2023-04-05 00:00:00',NULL),(98,1,100,107,54,'M41','Gel Sonoma','Nero','2023-04-04 12:54:28','2023-04-05 00:00:00',NULL),(99,1,100,107,54,'M41','Gel Sonoma','Nero','2023-04-04 12:54:28','2023-04-05 00:00:00',NULL),(100,1,70,108,2,'M41','Zoom Rush','Multicolor','2023-04-04 12:57:44','2023-04-05 00:00:00',NULL),(101,1,70,108,2,'M41','Zoom Rush','Multicolor','2023-04-04 12:57:44','2023-04-05 00:00:00',NULL),(102,1,100,112,54,'M41','Gel Sonoma','Nero','2023-04-04 14:15:16','2023-04-05 00:00:00',NULL),(103,1,100,112,54,'M41','Gel Sonoma','Nero','2023-04-04 14:15:16','2023-04-05 00:00:00',NULL),(104,1,100,115,54,'M41','Gel Sonoma','Nero','2023-04-04 14:24:30','2023-04-05 00:00:00',NULL),(105,1,100,115,54,'M41','Gel Sonoma','Nero','2023-04-04 14:24:30','2023-04-05 00:00:00',NULL),(106,1,67,116,3,'M40','Zoom Rush','Multicolor','2023-04-04 14:41:50','2023-04-05 00:00:00',NULL),(107,1,67,117,3,'M40','Zoom Rush','Multicolor','2023-04-04 14:42:28','2023-04-05 00:00:00',NULL),(108,1,78,123,52,'M43','Nano X','Multicolor','2023-04-04 15:12:40','2023-04-05 00:00:00',NULL),(109,1,78,123,52,'M43','Nano X','Multicolor','2023-04-04 15:12:40','2023-04-05 00:00:00',NULL),(110,1,31,126,4,'W36','All Star','Nero','2023-04-04 15:38:32','2023-04-05 00:00:00',NULL),(111,1,31,126,4,'W36','All Star','Nero','2023-04-04 15:38:32','2023-04-05 00:00:00',NULL),(112,1,31,126,4,'W36','All Star','Nero','2023-04-04 15:38:32','2023-04-05 00:00:00',NULL),(113,1,52,126,23,'W35','Ultra Boost','Blu','2023-04-04 15:38:32','2023-04-05 00:00:00',NULL),(114,1,52,126,23,'W35','Ultra Boost','Blu','2023-04-04 15:38:32','2023-04-05 00:00:00',NULL),(115,1,70,135,2,'M41','Zoom Rush','Multicolor','2023-04-04 16:00:10','2023-04-05 00:00:00',NULL),(116,1,31,135,4,'W36','All Star','Nero','2023-04-04 16:00:10','2023-04-05 00:00:00',NULL),(117,1,50,135,100,'M40','MOCASSINI TATTICI 2.0','Nero','2023-04-04 16:00:10','2023-04-05 00:00:00',NULL),(118,1,70,137,2,'M41','Zoom Rush','Multicolor','2023-04-04 16:11:42','2023-04-05 00:00:00',NULL),(119,1,31,137,4,'W36','All Star','Nero','2023-04-04 16:11:42','2023-04-05 00:00:00',NULL),(120,1,400,137,69,'M41','Test 2','Lilla','2023-04-04 16:11:42','2023-04-05 00:00:00',NULL),(121,1,52,138,23,'W35','Ultra Boost','Blu','2023-04-04 16:34:34','2023-04-05 00:00:00',NULL),(122,1,52,138,23,'W35','Ultra Boost','Blu','2023-04-04 16:34:34','2023-04-05 00:00:00',NULL),(123,1,90,139,129,'M40','MOCASSINI FINALI','Lilla','2023-04-04 16:46:26','2023-04-05 00:00:00',NULL),(124,1,31,139,4,'W36','All Star','Nero','2023-04-04 16:46:26','2023-04-05 00:00:00',NULL),(125,1,90,139,70,'M40','Test 3','Lilla','2023-04-04 16:46:26','2023-04-05 00:00:00',NULL),(126,1,90,139,87,'M40','IMG TEST','Lilla','2023-04-04 16:46:26','2023-04-05 00:00:00',NULL),(127,1,52,140,23,'W35','Ultra Boost','Blu','2023-04-04 16:50:34','2023-04-05 00:00:00',NULL),(128,1,52,140,23,'W35','Ultra Boost','Blu','2023-04-04 16:50:34','2023-04-05 00:00:00',NULL),(129,1,46,141,8,'M40','King Pro','Rosa','2023-04-04 18:55:36','2023-04-05 00:00:00',NULL),(130,1,46,141,8,'M40','King Pro','Rosa','2023-04-04 18:55:36','2023-04-05 00:00:00',NULL),(131,1,70,141,2,'M41','Zoom Rush','Multicolor','2023-04-04 18:55:36','2023-04-05 00:00:00',NULL),(132,1,46,142,8,'M40','King Pro','Rosa','2023-04-04 19:01:30','2023-04-05 00:00:00',NULL),(133,1,46,142,8,'M40','King Pro','Rosa','2023-04-04 19:01:30','2023-04-05 00:00:00',NULL),(134,1,70,142,2,'M41','Zoom Rush','Multicolor','2023-04-04 19:01:30','2023-04-05 00:00:00',NULL),(135,1,46,143,8,'M40','King Pro','Rosa','2023-04-04 19:13:25','2023-04-05 00:00:00',NULL),(136,1,46,143,8,'M40','King Pro','Rosa','2023-04-04 19:13:25','2023-04-05 00:00:00',NULL),(137,1,46,143,8,'M40','King Pro','Rosa','2023-04-04 19:13:25','2023-04-05 00:00:00',NULL),(138,1,46,143,8,'M40','King Pro','Rosa','2023-04-04 19:13:25','2023-04-05 00:00:00',NULL),(139,1,70,143,2,'M41','Zoom Rush','Multicolor','2023-04-04 19:13:25','2023-04-05 00:00:00',NULL),(140,1,70,144,2,'M41','Zoom Rush','Multicolor','2023-04-04 19:17:30','2023-04-05 00:00:00',NULL),(141,1,70,144,2,'M41','Zoom Rush','Multicolor','2023-04-04 19:17:30','2023-04-05 00:00:00',NULL),(142,1,67,144,3,'M40','Zoom Rush','Multicolor','2023-04-04 19:17:30','2023-04-05 00:00:00',NULL),(143,1,46,145,8,'M40','King Pro','Rosa','2023-04-04 19:19:12','2023-04-05 00:00:00',NULL),(144,1,46,145,8,'M40','King Pro','Rosa','2023-04-04 19:19:12','2023-04-05 00:00:00',NULL),(145,1,46,145,8,'M40','King Pro','Rosa','2023-04-04 19:19:12','2023-04-05 00:00:00',NULL),(146,1,46,145,8,'M40','King Pro','Rosa','2023-04-04 19:19:12','2023-04-05 00:00:00',NULL),(147,1,46,145,8,'M40','King Pro','Rosa','2023-04-04 19:19:12','2023-04-05 00:00:00',NULL),(148,1,46,146,8,'M40','King Pro','Rosa','2023-04-04 19:23:42','2023-04-05 00:00:00',NULL),(149,1,300,146,59,'M41','King Pro','Rosa','2023-04-04 19:23:42','2023-04-05 00:00:00',NULL),(150,1,300,146,59,'M41','King Pro','Rosa','2023-04-04 19:23:42','2023-04-05 00:00:00',NULL),(151,1,70,147,2,'M41','Zoom Rush','Multicolor','2023-04-04 19:25:11','2023-04-05 00:00:00',NULL),(152,1,70,147,2,'M41','Zoom Rush','Multicolor','2023-04-04 19:25:11','2023-04-05 00:00:00',NULL),(153,1,67,147,3,'M40','Zoom Rush','Multicolor','2023-04-04 19:25:11','2023-04-05 00:00:00',NULL),(154,1,90,148,129,'M40','MOCASSINI FINALI','Lilla','2023-04-04 19:25:55','2023-04-05 00:00:00',NULL),(155,1,90,148,129,'M40','MOCASSINI FINALI','Lilla','2023-04-04 19:25:55','2023-04-05 00:00:00',NULL),(156,1,70,149,2,'M41','Zoom Rush','Multicolor','2023-04-05 14:29:10','2023-04-05 00:00:00',NULL),(157,1,70,149,2,'M41','Zoom Rush','Multicolor','2023-04-05 14:29:10','2023-04-05 00:00:00',NULL),(158,1,46,149,8,'M40','King Pro','Rosa','2023-04-05 14:29:10','2023-04-05 00:00:00',NULL),(159,1,78,150,52,'M43','Nano X','Multicolor','2023-04-05 14:32:55','2023-04-05 00:00:00',NULL),(160,1,90,151,129,'M40','MOCASSINI FINALI','Lilla','2023-04-05 14:33:40','2023-04-05 00:00:00',NULL),(161,1,70,152,2,'M41','Zoom Rush','Multicolor','2023-04-05 18:03:33','2023-04-05 00:00:00',NULL),(162,1,70,152,2,'M41','Zoom Rush','Multicolor','2023-04-05 18:03:33','2023-04-05 00:00:00',NULL),(163,1,70,152,2,'M41','Zoom Rush','Multicolor','2023-04-05 18:03:33','2023-04-05 00:00:00',NULL),(164,1,70,152,2,'M41','Zoom Rush','Multicolor','2023-04-05 18:03:33','2023-04-05 00:00:00',NULL),(165,1,75,153,233,'W38','CAVEN DIME M','Bianco','2023-04-05 19:27:51','2023-04-05 20:55:31',NULL),(166,1,110,155,230,'M40','JAZZ O','Blu','2023-04-05 22:31:24',NULL,NULL),(167,1,75,155,232,'W37','CAVEN DIME M','Bianco','2023-04-05 22:31:24',NULL,NULL),(168,1,149.99,156,237,'W36','AIR MAX 270 W','Multicolor','2023-04-05 22:32:20',NULL,NULL),(169,1,75,156,319,'W37','CAVEN DIME M','Bianco','2023-04-05 22:32:20',NULL,NULL),(170,1,110,156,288,'M40','JAZZ O','Blu','2023-04-05 22:32:20',NULL,NULL),(171,1,110,157,230,'M40','JAZZ O','Blu','2023-04-05 22:52:21',NULL,NULL),(172,1,133,157,234,'W36','GEL-NIMBUS 24','Nero','2023-04-05 22:52:21',NULL,NULL),(173,1,110,158,288,'M40','JAZZ O','Blu','2023-04-05 22:53:00',NULL,NULL),(174,1,85.99,158,257,'W35','BLAZER MID \'77 GS JR','Bianco','2023-04-05 22:53:00',NULL,NULL),(175,1,134.99,159,243,'W35','CLIFTON 9 W','Multicolor','2023-04-06 00:12:47',NULL,NULL),(176,1,134.99,159,243,'W35','CLIFTON 9 W','Multicolor','2023-04-06 00:12:47',NULL,NULL),(177,1,110,159,230,'M40','JAZZ O','Blu','2023-04-06 00:12:47',NULL,NULL),(178,1,110,160,520,'M40','JAZZ O','Blu','2023-04-06 00:13:26','2023-04-06 08:27:08',NULL),(179,1,90,161,127,'M40','MOCASSINI FINALI','Lilla','2023-04-06 08:53:39','2023-04-06 08:26:59',NULL),(180,1,90,162,127,'M40','MOCASSINI FINALI','Lilla','2023-04-06 09:31:46','2023-04-06 08:26:47',NULL),(181,1,134.99,163,274,'W37','CLIFTON 9 W','Multicolor','2023-04-06 10:20:59',NULL,NULL),(182,1,134.99,163,274,'W37','CLIFTON 9 W','Multicolor','2023-04-06 10:20:59',NULL,NULL),(183,1,134.99,163,274,'W37','CLIFTON 9 W','Multicolor','2023-04-06 10:20:59',NULL,NULL),(184,1,134.99,163,274,'W37','CLIFTON 9 W','Multicolor','2023-04-06 10:20:59',NULL,NULL),(185,1,133,163,235,'W37','GEL-NIMBUS 24','Nero','2023-04-06 10:20:59',NULL,NULL),(186,1,49.99,163,241,'M42','GRIZZLY SD M','Nero','2023-04-06 10:20:59',NULL,NULL),(187,1,49.99,164,240,'M40','GRIZZLY SD M','Nero','2023-04-06 10:42:02',NULL,NULL),(188,1,85.99,165,543,'W35','COURT VISION MID LTR W','Nero','2023-04-06 11:13:22',NULL,NULL),(189,1,85.99,165,543,'W35','COURT VISION MID LTR W','Nero','2023-04-06 11:13:22',NULL,NULL),(190,1,85.99,165,546,'W38','COURT VISION MID LTR W','Nero','2023-04-06 11:13:22',NULL,NULL),(191,1,110,166,230,'M40','JAZZ O','Blu','2023-04-06 11:52:43',NULL,NULL),(192,1,110,167,230,'M40','JAZZ O','Blu','2023-04-06 19:43:17',NULL,NULL),(193,1,110,167,230,'M40','JAZZ O','Blu','2023-04-06 19:43:17',NULL,NULL),(194,1,110,168,230,'M40','JAZZ O','Blu','2023-04-06 22:16:20',NULL,NULL),(195,1,110,168,230,'M40','JAZZ O','Blu','2023-04-06 22:16:20',NULL,NULL),(196,1,110,168,230,'M40','JAZZ O','Blu','2023-04-06 22:16:20',NULL,NULL),(197,1,110,168,230,'M40','JAZZ O','Blu','2023-04-06 22:16:20',NULL,NULL),(198,1,49.99,168,240,'M40','GRIZZLY SD M','Nero','2023-04-06 22:16:20',NULL,NULL),(199,1,85.99,169,545,'W37','COURT VISION MID LTR W','Nero','2023-05-15 10:27:30',NULL,NULL),(200,1,75,170,232,'W37','CAVEN DIME M','Bianco','2023-05-15 10:44:08',NULL,NULL),(201,1,85.99,170,253,'W35','COURT VISION MID LTR W','Nero','2023-05-15 10:44:08',NULL,NULL),(202,1,85.99,171,253,'W35','COURT VISION MID LTR W','Nero','2023-05-15 10:47:17',NULL,NULL),(203,1,133,171,263,'W36','GEL-NIMBUS 24','Nero','2023-05-15 10:47:17',NULL,NULL),(204,1,85.99,171,253,'W35','COURT VISION MID LTR W','Nero','2023-05-15 10:47:17',NULL,NULL),(205,1,85.99,171,253,'W35','COURT VISION MID LTR W','Nero','2023-05-15 10:47:17',NULL,NULL);
/*!40000 ALTER TABLE `order_items` ENABLE KEYS */;
UNLOCK TABLES;

--
-- Table structure for table `orders`
--

DROP TABLE IF EXISTS `orders`;
/*!40101 SET @saved_cs_client     = @@character_set_client */;
/*!50503 SET character_set_client = utf8mb4 */;
CREATE TABLE `orders` (
  `id` int NOT NULL AUTO_INCREMENT,
  `transaction` varchar(100) DEFAULT NULL,
  `transaction_date` datetime DEFAULT NULL,
  `payment_status` varchar(100) NOT NULL,
  `status` varchar(100) NOT NULL,
  `total_price` double NOT NULL,
  `created_at` datetime NOT NULL DEFAULT CURRENT_TIMESTAMP,
  `disabled_at` datetime DEFAULT NULL,
  `user_id` int NOT NULL,
  `address_id` int NOT NULL,
  `coupon_id` int DEFAULT NULL,
  PRIMARY KEY (`id`),
  KEY `user_id` (`user_id`),
  KEY `orders_ibfk_2_idx` (`address_id`),
  KEY `orders_ibfk_3_idx` (`coupon_id`),
  CONSTRAINT `orders_ibfk_1` FOREIGN KEY (`user_id`) REFERENCES `users` (`id`),
  CONSTRAINT `orders_ibfk_2` FOREIGN KEY (`address_id`) REFERENCES `addresses` (`id`),
  CONSTRAINT `orders_ibfk_3` FOREIGN KEY (`coupon_id`) REFERENCES `coupons` (`id`)
) ENGINE=InnoDB AUTO_INCREMENT=184 DEFAULT CHARSET=utf8mb4 COLLATE=utf8mb4_0900_ai_ci;
/*!40101 SET character_set_client = @saved_cs_client */;

--
-- Dumping data for table `orders`
--

LOCK TABLES `orders` WRITE;
/*!40000 ALTER TABLE `orders` DISABLE KEYS */;
INSERT INTO `orders` VALUES (1,'Prova',NULL,'','',150,'2023-03-09 13:41:34','2023-04-05 18:04:19',7,8,2),(6,'Transaction 1','2023-03-23 12:40:00','Completed','Shipped',117,'2023-03-10 11:04:49','2023-04-05 18:04:19',1,3,2),(7,'Transaction 2',NULL,'Completed','Shipped',117,'2023-03-10 11:59:37','2023-04-05 18:04:19',1,3,2),(8,'Transaction 3',NULL,'Completed','Shipped',117,'2023-03-10 12:05:16','2023-04-05 18:04:19',1,3,6),(9,'Transaction 4',NULL,'Completed','Shipped',117,'2023-03-10 13:10:12','2023-04-05 18:04:19',1,3,6),(10,'Transaction 5',NULL,'Completed','Shipped',117,'2023-03-10 13:13:11','2023-04-05 18:04:19',1,1,6),(11,'Transaction 6',NULL,'Completed','Shipped',117,'2023-03-10 13:22:35','2023-04-05 18:04:19',1,3,NULL),(12,'Transaction 7',NULL,'Completed','Shipped',15,'2023-03-10 13:45:00','2023-04-05 18:04:19',5,11,NULL),(13,'Transaction 8',NULL,'Completed','Shipped',34,'2023-03-10 15:26:47','2023-04-05 18:04:19',5,11,NULL),(14,'27q3eqwu',NULL,'Completed','Shipped',83,'2023-03-10 16:03:24','2023-04-05 18:04:19',5,11,NULL),(15,'3847092',NULL,'Completed','Shipped',4566,'2023-03-13 09:57:59','2023-04-05 18:04:19',5,11,NULL),(16,'api test',NULL,'completed','shipped',128,'2023-03-20 09:31:29','2023-04-05 18:04:19',1,3,NULL),(27,'12',NULL,'pagato','ANDIAMO A BERLINO BEPPE',49,'2023-03-21 08:56:51','2023-04-05 18:04:19',1,3,NULL),(28,'13',NULL,'pagato','main',49,'2023-03-21 10:33:36','2023-04-05 18:04:19',1,3,NULL),(29,'14',NULL,'pagato','dtovecchio',49,'2023-03-21 10:34:23','2023-04-05 18:04:19',1,3,NULL),(31,'15',NULL,'pagato','SENT',137,'2023-03-22 15:16:42','2023-04-05 18:04:19',1,3,NULL),(32,'16',NULL,'pagato','TEST CON FRANCESCO',137,'2023-03-27 10:18:17','2023-04-05 18:04:19',1,3,NULL),(33,'prova add order',NULL,'non pagato','SPEDITO OGGI',150,'2023-03-28 10:27:23','2023-04-05 18:04:19',1,1,NULL),(34,'12345',NULL,'pagato','in spedizione',178,'2023-03-31 15:19:38','2023-04-05 18:04:19',7,1,NULL),(39,'Shopping',NULL,'non pagato','in lavorazione',178,'2023-03-31 15:58:17','2023-04-05 18:04:19',7,8,NULL),(40,'Prova coupon',NULL,'non pagato','in lavorazione',170,'2023-03-31 18:12:05','2023-04-05 18:04:19',1,3,4),(51,'Prova 3 coupon',NULL,'non pagato','in lavorazione',178,'2023-04-03 10:02:09','2023-04-05 18:04:19',1,3,NULL),(52,'Prova 4 name',NULL,'non pagato','in lavorazione',178,'2023-04-03 10:02:56','2023-04-05 18:04:19',1,3,NULL),(54,'Prova 2 coupon',NULL,'non pagato','in lavorazione',100,'2023-04-03 10:04:19','2023-04-05 18:04:19',1,3,NULL),(57,'Prova 2 user',NULL,'non pagato','in lavorazione',166,'2023-04-03 11:31:46','2023-04-05 18:04:19',1,3,5),(59,'Prova 3 senza user',NULL,'non pagato','in lavorazione',-122,'2023-04-03 11:33:29','2023-04-05 18:04:19',1,3,6),(74,'completed',NULL,'paid','completed',100,'2023-04-04 10:19:13','2023-04-05 18:04:19',61,106,41),(80,'4',NULL,'Pagamento effettuato','In spedizione',0,'2023-04-04 10:27:17','2023-04-05 18:04:19',1,3,6),(81,'completed2',NULL,'paid','completed',100,'2023-04-04 10:45:48','2023-04-05 18:04:19',61,106,NULL),(82,'001',NULL,'paid','completed',200,'2023-04-04 10:56:16','2023-04-05 18:04:19',61,106,NULL),(83,NULL,NULL,'paid','completed',300,'2023-04-04 11:07:11','2023-04-05 18:04:19',61,106,NULL),(84,'0012',NULL,'paid','completed',269,'2023-04-04 11:16:07','2023-04-05 18:04:19',61,108,NULL),(85,'00835.6984857074758',NULL,'paid','completed',187,'2023-04-04 11:27:15','2023-04-05 18:04:19',61,108,NULL),(86,'00733.0585380325447',NULL,'paid','completed',187,'2023-04-04 11:29:32','2023-04-05 18:04:19',61,108,NULL),(87,'000000',NULL,'paid','completed',700,'2023-04-04 11:42:25','2023-04-05 18:04:19',61,106,NULL),(88,'00155.4416807618595',NULL,'paid','completed',780,'2023-04-04 11:44:11','2023-04-05 18:04:19',61,108,NULL),(89,'00901.0675860105844',NULL,'paid','completed',780,'2023-04-04 11:45:55','2023-04-05 18:04:19',61,108,NULL),(90,'00911.7012818000077',NULL,'paid','completed',780,'2023-04-04 11:46:56','2023-04-05 18:04:19',61,108,NULL),(91,'00982.8865059065246',NULL,'paid','completed',780,'2023-04-04 11:51:54','2023-04-05 18:04:19',61,108,NULL),(92,'00936.0200109558425',NULL,'paid','completed',780,'2023-04-04 11:54:46','2023-04-05 18:04:19',61,108,NULL),(93,'009000',NULL,'paid','completed',700,'2023-04-04 11:56:11','2023-04-05 18:04:19',61,106,NULL),(94,'0086.85126712840452',NULL,'paid','completed',780,'2023-04-04 11:57:15','2023-04-05 18:04:19',61,108,NULL),(95,'00730.1271415443604',NULL,'paid','completed',780,'2023-04-04 11:59:47','2023-04-05 18:04:19',61,108,NULL),(96,'00514.66758484879',NULL,'paid','completed',780,'2023-04-04 12:00:49','2023-04-05 18:04:19',61,108,NULL),(97,'00995.6074847587984',NULL,'paid','completed',546,'2023-04-04 12:02:11','2023-04-05 18:04:19',61,108,NULL),(98,'0023231',NULL,'paid','completed',390,'2023-04-04 12:07:10','2023-04-05 18:04:19',61,108,NULL),(99,'03231',NULL,'paid','completed',234,'2023-04-04 12:15:31','2023-04-05 18:04:19',61,108,NULL),(100,'0323231',NULL,'paid','completed',390,'2023-04-04 12:19:04','2023-04-05 18:04:19',61,108,NULL),(101,'8909000',NULL,'paid','completed',700,'2023-04-04 12:21:04','2023-04-05 18:04:19',61,106,NULL),(102,'0331',NULL,'paid','completed',390,'2023-04-04 12:23:19','2023-04-05 18:04:19',61,108,NULL),(103,'033113131',NULL,'paid','completed',156,'2023-04-04 12:25:50','2023-04-05 18:04:19',61,108,NULL),(104,'8909123000',NULL,'paid','completed',156,'2023-04-04 12:26:38','2023-04-05 18:04:19',61,106,NULL),(105,'890912df3000',NULL,'paid','completed',200,'2023-04-04 12:27:15','2023-04-05 18:04:19',61,106,NULL),(106,'00952.6655513501016',NULL,'paid','completed',138,'2023-04-04 12:53:30','2023-04-05 18:04:19',61,108,NULL),(107,'00642.470286512689',NULL,'paid','completed',438,'2023-04-04 12:54:28','2023-04-05 18:04:19',61,108,NULL),(108,'00128.4289231402813',NULL,'paid','completed',140,'2023-04-04 12:57:44','2023-04-05 18:04:19',61,108,NULL),(109,'00525.7067725907758',NULL,'paid','completed',140,'2023-04-04 13:00:18','2023-04-05 18:04:19',61,108,NULL),(110,'Prova per bug',NULL,'non pagato','loading',234,'2023-04-04 14:12:12','2023-04-05 18:04:19',1,3,NULL),(111,'890912dfaf3000',NULL,'paid','completed',156,'2023-04-04 14:14:49','2023-04-05 18:04:19',61,106,NULL),(112,'890912drhfaf3000',NULL,'paid','completed',200,'2023-04-04 14:15:16','2023-04-05 18:04:19',61,106,NULL),(113,'890912drhfagfdf3000',NULL,'paid','completed',140,'2023-04-04 14:18:03','2023-04-05 18:04:19',61,106,NULL),(114,'8g90912drhfagfdf3000',NULL,'paid','completed',92,'2023-04-04 14:20:52','2023-04-05 18:04:19',61,106,NULL),(115,'8g90912drhfagfdf3d000',NULL,'paid','completed',200,'2023-04-04 14:24:30','2023-04-05 18:04:19',61,106,NULL),(116,'00523.7859548529766',NULL,'paid','completed',126,'2023-04-04 14:41:50','2023-04-05 18:04:19',80,115,NULL),(117,'00814.6451841947952',NULL,'paid','completed',185,'2023-04-04 14:42:28','2023-04-05 18:04:19',80,115,NULL),(118,'0093.73793943366171',NULL,'paid','completed',93,'2023-04-04 14:43:42','2023-04-05 18:04:19',80,115,NULL),(119,'00257.51921035181914',NULL,'paid','completed',124,'2023-04-04 14:57:10','2023-04-05 18:04:19',80,115,NULL),(120,'890912drhfaf3001',NULL,'paid','completed',156,'2023-04-04 14:57:44','2023-04-05 18:04:19',1,106,NULL),(121,'00855.9824421894413',NULL,'paid','completed',93,'2023-04-04 14:59:14','2023-04-05 18:04:19',80,115,NULL),(122,'00946.7229899725671',NULL,'paid','completed',62,'2023-04-04 15:01:10','2023-04-05 18:04:19',85,116,NULL),(123,'890912drhfaf3002',NULL,'paid','completed',156,'2023-04-04 15:12:40','2023-04-05 18:04:19',1,106,NULL),(124,'00257.4847825705695',NULL,'paid','completed',240,'2023-04-04 15:21:14','2023-04-05 18:04:19',81,117,NULL),(126,'00173.83342698872474',NULL,'paid','completed',197,'2023-04-04 15:38:32','2023-04-05 18:04:19',82,118,NULL),(135,'1',NULL,'Pagamento effettuato','IN SPEDIZIONE PROVA',151,'2023-04-04 16:00:10','2023-04-05 18:04:19',88,100,35),(137,'2',NULL,'Pagamento effettuato','IN SPEDIZIONE PROVA',501,'2023-04-04 16:11:42','2023-04-05 18:04:19',88,100,35),(138,'8df3d000',NULL,'paid','completed',104,'2023-04-04 16:34:34','2023-04-05 18:04:19',1,118,NULL),(139,'5',NULL,'in pagamento','TEST CON FRANCESCO',301,'2023-04-04 16:46:26','2023-04-05 18:04:19',88,100,35),(140,'8df3d0001',NULL,'paid','completed',104,'2023-04-04 16:50:34','2023-04-05 18:04:19',1,118,NULL),(141,'00206.1912202251588',NULL,'paid','completed',162,'2023-04-04 18:55:36','2023-04-05 18:04:19',98,119,42),(142,'00580.3694145064607',NULL,'paid','completed',162,'2023-04-04 19:01:30','2023-04-05 18:04:19',98,119,42),(143,'00759.6592666315929',NULL,'paid','completed',254,'2023-04-04 19:13:25','2023-04-05 18:04:19',98,119,NULL),(144,'00731.0540321957267',NULL,'paid','completed',207,'2023-04-04 19:17:30','2023-04-05 18:04:19',98,119,NULL),(145,'0049.598796314730635',NULL,'paid','completed',230,'2023-04-04 19:19:12','2023-04-05 18:04:19',98,119,NULL),(146,'00904.0523334448427',NULL,'paid','completed',646,'2023-04-04 19:23:42','2023-04-05 18:04:19',98,119,NULL),(147,'00231.06220970012936',NULL,'paid','completed',207,'2023-04-04 19:25:11','2023-04-05 18:04:19',98,119,NULL),(148,'00883.970064679966',NULL,'paid','completed',180,'2023-04-04 19:25:55','2023-04-05 18:04:19',98,119,NULL),(149,'00763.8549832071407',NULL,'paid','completed',158.1,'2023-04-05 14:29:10','2023-04-05 18:04:19',98,119,45),(150,'00923.7274126842623',NULL,'paid','completed',66.3,'2023-04-05 14:32:55','2023-04-05 18:04:19',98,119,45),(151,'00739.1590408570097',NULL,'paid','completed',76.5,'2023-04-05 14:33:40','2023-04-05 18:04:19',98,119,45),(152,'003.91448033051911',NULL,'paid','completed',280,'2023-04-05 18:03:33','2023-04-05 18:04:19',43,122,NULL),(153,'00733.2104972801056',NULL,'paid','completed',75,'2023-04-05 19:27:51','2023-04-05 20:55:31',43,122,NULL),(155,'1234567890',NULL,'paid','in spedizione',185,'2023-04-05 22:31:24',NULL,88,100,NULL),(156,'12345346745747',NULL,'Pagamento effettuato','in spedizione',334.99,'2023-04-05 22:32:20',NULL,88,100,46),(157,'235767457823',NULL,'Pagamento effettuato','in spedizione',243,'2023-04-05 22:52:21',NULL,101,123,46),(158,'87684574234',NULL,'Pagamento effettuato','SPEDITO SENZA PROBLEMI',195.99,'2023-04-05 22:53:00',NULL,101,124,46),(159,'0043.259433991075454',NULL,'paid','completed',379.98,'2023-04-06 00:12:47',NULL,43,125,NULL),(160,'0041.47167029697974',NULL,'paid','completed',110,'2023-04-06 00:13:26','2023-04-06 08:27:08',43,122,NULL),(161,'0055.09486824269061',NULL,'paid','completed',90,'2023-04-06 08:53:39','2023-04-06 08:26:59',75,106,NULL),(162,'00633.7275083201616',NULL,'paid','completed',90,'2023-04-06 09:31:46','2023-04-06 08:26:47',75,106,NULL),(163,'00249.7700236185252',NULL,'paid','completed',722.95,'2023-04-06 10:20:59',NULL,43,125,NULL),(164,'005.924991800283053',NULL,'paid','completed',49.99,'2023-04-06 10:42:02',NULL,43,125,NULL),(165,'00474.7598003443359',NULL,'paid','completed',257.96999999999997,'2023-04-06 11:13:22',NULL,61,108,NULL),(166,'00755.6532485887298',NULL,'paid','completed',110,'2023-04-06 11:52:43',NULL,43,131,NULL),(167,'00321.11413605145844',NULL,'paid','completed',220,'2023-04-06 19:43:17',NULL,61,109,NULL),(168,'00136.6250786942925',NULL,'paid','completed',489.99,'2023-04-06 22:16:20',NULL,61,109,NULL),(169,'00256.85841307082893',NULL,'paid','completed',85.99,'2023-05-15 10:27:30',NULL,88,100,NULL),(170,'342',NULL,'Pagamento effettuato','in spedizione',160.99,'2023-05-15 10:44:08',NULL,88,1,NULL),(171,'434',NULL,'Pagamento effettuato','In spedizione',390.97,'2023-05-15 10:47:17',NULL,88,1,NULL),(172,'hhdsjidiwn',NULL,'pagato','completes',13,'2023-05-18 15:57:52',NULL,1,1,NULL),(174,'12345',NULL,'Pagato','completed',8,'2023-05-18 17:22:22',NULL,7,150,NULL),(175,'hhdsjidiwn',NULL,'pagato','completes',13,'2023-05-18 17:27:06',NULL,1,1,NULL),(176,'12345',NULL,'Pagato','completed',1200,'2023-05-18 17:33:38',NULL,7,8,NULL),(177,'12345',NULL,'Pagato','completed',1200,'2023-05-18 17:38:23',NULL,7,142,NULL),(178,'12345',NULL,'Pagato','completed',900,'2023-05-18 17:39:27',NULL,7,141,NULL),(179,'12345',NULL,'Pagato','completed',24139.96,'2023-05-19 14:22:28',NULL,1,1,NULL),(180,'12345',NULL,'Pagato','completed',440,'2023-05-19 16:30:20',NULL,1,3,NULL),(181,'12345',NULL,'Pagato','completed',600,'2023-05-19 16:48:22',NULL,1,1,NULL),(182,'12345',NULL,'Pagato','completed',300,'2023-05-19 16:51:23',NULL,1,151,NULL),(183,'12345',NULL,'Pagato','completed',600,'2023-05-19 17:33:15',NULL,1,151,NULL);
/*!40000 ALTER TABLE `orders` ENABLE KEYS */;
UNLOCK TABLES;

--
-- Table structure for table `product_details`
--

DROP TABLE IF EXISTS `product_details`;
/*!40101 SET @saved_cs_client     = @@character_set_client */;
/*!50503 SET character_set_client = utf8mb4 */;
CREATE TABLE `product_details` (
  `id` int NOT NULL AUTO_INCREMENT,
  `created_at` datetime NOT NULL DEFAULT CURRENT_TIMESTAMP,
  `disabled_at` datetime DEFAULT NULL,
  `is_listed` tinyint(1) NOT NULL DEFAULT '0',
  `selling_price` double DEFAULT NULL,
  `quantity` int NOT NULL DEFAULT '0',
  `size` varchar(100) NOT NULL,
  `product_id` int NOT NULL,
  PRIMARY KEY (`id`),
  KEY `size` (`size`),
  KEY `product_id` (`product_id`),
  CONSTRAINT `product_details_ibfk_1` FOREIGN KEY (`size`) REFERENCES `conversion_sizes` (`eu`),
  CONSTRAINT `product_details_ibfk_2` FOREIGN KEY (`product_id`) REFERENCES `products` (`id`)
) ENGINE=InnoDB AUTO_INCREMENT=552 DEFAULT CHARSET=utf8mb4 COLLATE=utf8mb4_0900_ai_ci;
/*!40101 SET character_set_client = @saved_cs_client */;

--
-- Dumping data for table `product_details`
--

LOCK TABLES `product_details` WRITE;
/*!40000 ALTER TABLE `product_details` DISABLE KEYS */;
INSERT INTO `product_details` VALUES (2,'2023-03-07 19:47:11','2023-04-05 18:04:34',1,70,10,'M41',1),(3,'2023-03-06 22:28:13','2023-04-05 18:04:34',1,67,21,'M40',1),(4,'2023-03-06 22:28:13','2023-04-05 18:04:34',1,31,-4,'W36',2),(8,'2023-03-21 16:45:18','2023-04-05 18:04:34',1,46,-3,'M40',3),(23,'2023-03-22 13:41:12','2023-04-05 18:04:34',1,52,5,'W35',4),(24,'2023-03-22 13:41:12','2023-04-05 18:04:34',1,59,10,'W37',4),(45,'2023-03-22 13:45:50','2023-04-05 18:04:34',1,70,22,'M42',5),(46,'2023-03-22 13:45:51','2023-04-05 18:04:34',1,44,30,'W38',6),(50,'2023-03-22 14:02:25','2023-04-05 18:04:34',1,47,10,'W37',6),(51,'2023-03-22 14:03:53','2023-04-05 18:04:34',1,80,11,'M41',7),(52,'2023-03-22 14:21:37','2023-04-05 18:04:34',1,78,-126,'M43',7),(53,'2023-03-22 14:23:59','2023-04-05 18:04:34',1,80,22,'W37',8),(54,'2023-03-22 14:23:59','2023-04-05 18:04:34',1,100,-14,'M41',9),(55,'2023-03-22 14:23:59','2023-04-05 18:04:34',1,110,11,'W36',10),(56,'2023-03-22 14:23:59','2023-04-05 18:04:34',1,110,5,'W35',10),(57,'2023-03-30 15:18:04','2023-04-05 18:04:34',1,410,20,'M40',11),(58,'2023-03-30 15:18:04','2023-04-05 18:04:34',1,430,30,'M42',11),(59,'2023-03-31 12:43:26','2023-04-05 18:04:34',1,300,18,'M41',3),(60,'2023-03-31 14:06:53','2023-04-05 18:04:34',1,200,4,'M40',22),(61,'2023-03-31 14:38:40','2023-04-05 18:04:34',1,100,40,'M40',22),(62,'2023-03-31 14:38:41','2023-04-05 18:04:34',1,400,100,'M41',22),(63,'2023-03-31 16:54:36','2023-04-05 18:04:34',1,90,37,'M40',33),(64,'2023-03-31 17:14:44','2023-04-05 18:04:34',1,90,37,'M40',34),(65,'2023-03-31 17:16:15','2023-04-05 18:04:34',1,90,37,'M40',35),(66,'2023-03-31 17:52:34','2023-04-05 18:04:34',1,90,37,'M40',36),(67,'2023-03-31 17:52:36','2023-04-05 18:04:34',1,400,100,'M41',36),(68,'2023-04-03 23:44:17','2023-04-05 18:04:34',1,90,37,'M40',37),(69,'2023-04-03 23:44:17','2023-04-05 18:04:34',1,400,99,'M41',37),(70,'2023-04-04 00:00:15','2023-04-05 18:04:34',1,90,36,'M40',38),(71,'2023-04-04 00:00:15','2023-04-05 18:04:34',1,400,100,'M41',38),(73,'2023-04-04 10:01:32','2023-04-05 18:04:34',1,90,37,'M40',42),(74,'2023-04-04 10:01:32','2023-04-05 18:04:34',1,400,100,'M41',42),(75,'2023-04-04 10:02:41','2023-04-05 18:04:34',1,90,37,'M40',43),(76,'2023-04-04 10:02:41','2023-04-05 18:04:34',1,400,100,'M41',43),(79,'2023-04-04 10:16:28','2023-04-05 18:04:34',1,90,37,'M40',46),(80,'2023-04-04 10:16:30','2023-04-05 18:04:34',1,400,100,'M41',46),(81,'2023-04-04 10:19:36','2023-04-05 18:04:34',1,90,37,'M40',47),(82,'2023-04-04 10:19:37','2023-04-05 18:04:34',1,400,100,'M41',47),(83,'2023-04-04 10:20:23','2023-04-05 18:04:34',1,90,37,'M40',48),(84,'2023-04-04 10:20:23','2023-04-05 18:04:34',1,400,100,'M41',48),(85,'2023-04-04 10:22:33','2023-04-05 18:04:34',1,90,37,'M40',49),(86,'2023-04-04 10:22:34','2023-04-05 18:04:34',1,400,100,'M41',49),(87,'2023-04-04 10:22:57','2023-04-05 18:04:34',1,90,36,'M40',50),(88,'2023-04-04 10:22:58','2023-04-05 18:04:34',1,400,100,'M41',50),(89,'2023-04-04 10:23:09','2023-04-05 18:04:34',1,90,37,'M40',51),(90,'2023-04-04 10:23:09','2023-04-05 18:04:34',1,400,100,'M41',51),(91,'2023-04-04 10:27:38','2023-04-05 18:04:34',1,90,37,'M40',52),(92,'2023-04-04 10:27:38','2023-04-05 18:04:34',1,400,100,'M41',52),(93,'2023-04-04 10:29:41','2023-04-05 18:04:34',1,90,37,'M40',53),(94,'2023-04-04 10:29:45','2023-04-05 18:04:34',1,400,100,'M41',53),(95,'2023-04-04 10:33:51','2023-04-05 18:04:34',1,90,37,'M40',54),(96,'2023-04-04 10:33:51','2023-04-05 18:04:34',1,400,100,'M41',54),(97,'2023-04-04 10:38:40','2023-04-05 18:04:34',1,90,37,'M40',55),(98,'2023-04-04 10:38:42','2023-04-05 18:04:34',1,400,100,'M41',55),(100,'2023-04-04 10:43:47','2023-04-05 18:04:34',1,50,36,'M40',55),(101,'2023-04-04 10:43:48','2023-04-05 18:04:34',1,30,100,'M41',55),(102,'2023-04-04 10:44:27','2023-04-05 18:04:34',1,90,37,'M40',57),(103,'2023-04-04 10:44:35','2023-04-05 18:04:34',1,50,37,'M40',55),(104,'2023-04-04 10:44:39','2023-04-05 18:04:34',1,30,100,'M41',55),(105,'2023-04-04 10:44:58','2023-04-05 18:04:34',1,90,37,'M40',58),(106,'2023-04-04 10:48:18','2023-04-05 18:04:34',1,90,37,'M40',59),(107,'2023-04-04 10:48:22','2023-04-05 18:04:34',1,400,100,'M41',59),(108,'2023-04-04 10:48:59','2023-04-05 18:04:34',1,90,37,'M40',60),(109,'2023-04-04 10:48:59','2023-04-05 18:04:34',1,400,100,'M41',60),(110,'2023-04-04 11:19:54','2023-04-05 18:04:34',1,90,37,'M40',61),(111,'2023-04-04 11:19:54','2023-04-05 18:04:34',1,400,100,'M41',61),(112,'2023-04-04 11:28:18','2023-04-05 18:04:34',1,90,37,'M40',62),(113,'2023-04-04 11:28:18','2023-04-05 18:04:34',1,400,100,'M41',62),(115,'2023-04-04 11:50:32','2023-04-05 18:04:34',1,3,3,'M40',64),(116,'2023-04-04 11:50:39','2023-04-05 18:04:34',1,3,3,'M40',65),(117,'2023-04-04 11:51:17','2023-04-05 18:04:34',1,90,37,'M40',66),(118,'2023-04-04 11:51:17','2023-04-05 18:04:34',1,400,100,'M41',66),(119,'2023-04-04 11:57:45','2023-04-05 18:04:34',1,90,37,'M40',67),(120,'2023-04-04 11:57:46','2023-04-05 18:04:34',1,400,100,'M41',67),(121,'2023-04-04 12:08:18','2023-04-05 18:04:34',1,50,37,'M40',67),(122,'2023-04-04 12:08:19','2023-04-05 18:04:34',1,30,100,'M41',67),(123,'2023-04-04 12:12:54','2023-04-05 18:04:34',1,50,37,'M40',67),(124,'2023-04-04 12:12:55','2023-04-05 18:04:34',1,30,100,'M41',67),(125,'2023-04-04 12:17:47','2023-04-05 18:04:34',1,50,37,'M40',67),(126,'2023-04-04 12:17:48','2023-04-05 18:04:34',1,30,100,'M41',67),(127,'2023-04-04 12:19:57','2023-04-05 18:04:34',1,90,35,'M40',68),(128,'2023-04-04 12:19:58','2023-04-05 18:04:34',1,400,100,'M41',68),(129,'2023-04-04 15:52:14','2023-04-05 18:04:34',1,90,33,'M40',69),(130,'2023-04-04 15:52:15','2023-04-05 18:04:34',1,400,100,'M41',69),(131,'2023-04-04 17:02:56','2023-04-05 18:04:34',1,150,5,'M40',70),(132,'2023-04-04 17:03:15','2023-04-05 18:04:34',1,150,5,'M40',71),(133,'2023-04-04 17:03:32','2023-04-05 18:04:34',1,150,5,'M40',72),(134,'2023-04-04 17:04:16','2023-04-05 18:04:34',1,150,5,'M40',73),(135,'2023-04-04 17:05:47','2023-04-05 18:04:34',1,150,5,'M40',74),(136,'2023-04-04 17:32:13','2023-04-05 18:04:34',1,0,1,'M40',72),(137,'2023-04-05 15:56:10','2023-04-05 18:04:34',1,90,37,'M40',75),(138,'2023-04-05 15:56:11','2023-04-05 18:04:34',1,400,100,'M41',75),(139,'2023-04-05 17:13:07','2023-04-05 18:04:34',1,129.99,50,'M41',83),(140,'2023-04-05 17:13:08','2023-04-05 18:04:34',0,129.99,20,'M43',83),(142,'2023-04-05 17:14:03','2023-04-05 18:04:34',1,130,10,'M41',82),(143,'2023-04-05 17:14:21','2023-04-05 18:04:34',1,130,10,'M42',82),(144,'2023-04-05 17:14:41','2023-04-05 18:04:34',1,110,22,'M40',84),(145,'2023-04-05 17:14:42','2023-04-05 18:04:34',1,130,10,'M43',82),(146,'2023-04-05 17:14:43','2023-04-05 18:04:34',1,110,50,'M41',84),(152,'2023-04-05 17:16:18','2023-04-05 18:04:34',1,110,22,'M40',85),(153,'2023-04-05 17:16:19','2023-04-05 18:04:34',1,110,50,'M41',85),(154,'2023-04-05 17:17:39','2023-04-05 18:04:34',1,110,22,'M40',86),(155,'2023-04-05 17:17:40','2023-04-05 18:04:34',1,110,50,'M41',86),(156,'2023-04-05 17:18:27','2023-04-05 18:04:34',1,110,22,'M40',87),(157,'2023-04-05 17:18:28','2023-04-05 18:04:34',1,110,50,'M41',87),(158,'2023-04-05 17:19:01','2023-04-05 18:04:34',1,200,5,'M40',88),(160,'2023-04-05 17:19:19','2023-04-05 18:04:34',1,200,5,'M40',89),(161,'2023-04-05 17:19:19','2023-04-05 18:04:34',1,300,6,'M40',89),(178,'2023-04-05 17:32:53','2023-04-05 18:04:34',1,86,50,'W35',97),(179,'2023-04-05 17:32:54','2023-04-05 18:04:34',0,86,20,'W36',97),(180,'2023-04-05 17:32:55','2023-04-05 18:04:34',0,86,20,'W37',97),(181,'2023-04-05 17:32:56','2023-04-05 18:04:34',0,86,20,'W38',97),(182,'2023-04-05 17:37:03','2023-04-05 18:04:34',1,75.99,50,'W35',98),(183,'2023-04-05 17:37:04','2023-04-05 18:04:34',0,75.99,20,'W36',98),(184,'2023-04-05 17:37:05','2023-04-05 18:04:34',0,75.99,20,'W37',98),(185,'2023-04-05 17:37:06','2023-04-05 18:04:34',0,75.99,20,'W38',98),(186,'2023-04-05 17:37:22','2023-04-05 18:04:34',1,134.99,10,'W35',99),(187,'2023-04-05 17:37:23','2023-04-05 18:04:34',1,134.99,10,'W36',99),(188,'2023-04-05 17:37:25','2023-04-05 18:04:34',1,134.99,10,'W37',99),(189,'2023-04-05 17:37:26','2023-04-05 18:04:34',1,134.99,10,'W38',99),(190,'2023-04-05 17:39:59','2023-04-05 18:04:34',1,85.99,50,'W35',100),(191,'2023-04-05 17:39:59','2023-04-05 18:04:34',0,85.99,20,'W36',100),(192,'2023-04-05 17:40:00','2023-04-05 18:04:34',0,85.99,20,'W37',100),(193,'2023-04-05 17:40:01','2023-04-05 18:04:34',0,85.99,20,'W38',100),(194,'2023-04-05 17:40:13','2023-04-05 18:04:34',1,110,22,'M40',101),(195,'2023-04-05 17:40:14','2023-04-05 18:04:34',1,110,50,'M41',101),(197,'2023-04-05 17:42:43','2023-04-05 18:04:34',0,75,50,'W37',103),(198,'2023-04-05 17:42:44','2023-04-05 18:04:34',0,75,20,'W38',103),(199,'2023-04-05 17:42:56','2023-04-05 18:04:34',1,49.99,10,'M40',104),(200,'2023-04-05 17:42:57','2023-04-05 18:04:34',1,49.99,10,'M42',104),(201,'2023-04-05 17:42:58','2023-04-05 18:04:34',1,49.99,10,'M43',104),(202,'2023-04-05 17:43:36','2023-04-05 18:04:34',1,133,10,'W36',105),(203,'2023-04-05 17:43:36','2023-04-05 18:04:34',1,49.99,10,'M40',106),(204,'2023-04-05 17:43:36','2023-04-05 18:04:34',1,133,10,'W37',105),(205,'2023-04-05 17:43:37','2023-04-05 18:04:34',1,133,10,'W38',105),(206,'2023-04-05 17:43:37','2023-04-05 18:04:34',1,49.99,10,'M42',106),(207,'2023-04-05 17:43:39','2023-04-05 18:04:34',1,49.99,10,'M43',106),(208,'2023-04-05 17:43:58','2023-04-05 18:04:34',1,149.99,10,'W36',107),(209,'2023-04-05 17:43:59','2023-04-05 18:04:34',1,149.99,10,'W37',107),(210,'2023-04-05 17:44:00','2023-04-05 18:04:34',1,149.99,10,'W38',107),(211,'2023-04-05 17:45:15','2023-04-05 18:04:34',1,49.99,10,'M40',108),(212,'2023-04-05 17:45:16','2023-04-05 18:04:34',1,49.99,10,'M42',108),(213,'2023-04-05 17:45:17','2023-04-05 18:04:34',1,49.99,10,'M43',108),(214,'2023-04-05 17:45:42','2023-04-05 18:04:34',1,134.99,10,'W35',109),(215,'2023-04-05 17:45:43','2023-04-05 18:04:34',1,134.99,10,'W36',109),(216,'2023-04-05 17:45:43','2023-04-05 18:04:34',1,134.99,10,'W37',109),(217,'2023-04-05 17:45:44','2023-04-05 18:04:34',1,134.99,10,'W38',109),(218,'2023-04-05 17:55:47','2023-04-05 18:04:34',1,129.99,50,'W35',110),(219,'2023-04-05 17:55:48','2023-04-05 18:04:34',0,129.99,20,'W36',110),(220,'2023-04-05 17:55:49','2023-04-05 18:04:34',0,129.99,20,'W37',110),(221,'2023-04-05 17:55:50','2023-04-05 18:04:34',0,129.99,20,'W38',110),(222,'2023-04-05 18:00:15','2023-04-05 18:04:34',1,75.99,50,'W35',111),(223,'2023-04-05 18:00:16','2023-04-05 18:04:34',0,75.99,20,'W36',111),(224,'2023-04-05 18:00:22','2023-04-05 18:04:34',1,85.99,50,'W35',112),(225,'2023-04-05 18:00:23','2023-04-05 18:04:34',0,85.99,20,'W36',112),(226,'2023-04-05 18:00:24','2023-04-05 18:04:34',0,85.99,20,'W37',112),(227,'2023-04-05 18:00:25','2023-04-05 18:04:34',0,85.99,20,'W38',112),(228,'2023-04-05 18:00:30','2023-04-05 18:04:34',1,85.99,50,'W35',113),(229,'2023-04-05 18:00:31','2023-04-05 18:04:34',0,85.99,20,'W36',113),(230,'2023-04-05 18:05:33','2023-05-15 07:43:40',1,110,12,'M40',114),(231,'2023-04-05 18:05:34','2023-05-15 07:43:40',1,110,50,'M41',114),(232,'2023-04-05 18:05:41',NULL,1,75,48,'W37',115),(233,'2023-04-05 18:05:42',NULL,1,75,19,'W38',115),(234,'2023-04-05 18:05:48',NULL,1,133,9,'W36',116),(235,'2023-04-05 18:05:49',NULL,1,133,9,'W37',116),(236,'2023-04-05 18:05:50',NULL,1,133,10,'W38',116),(237,'2023-04-05 18:05:57',NULL,1,149.99,9,'W36',117),(238,'2023-04-05 18:05:58',NULL,1,149.99,10,'W37',117),(239,'2023-04-05 18:05:59',NULL,1,149.99,10,'W38',117),(240,'2023-04-05 18:06:05',NULL,1,49.99,8,'M40',118),(241,'2023-04-05 18:06:06',NULL,1,49.99,9,'M42',118),(242,'2023-04-05 18:06:07',NULL,1,49.99,10,'M43',118),(243,'2023-04-05 18:06:13',NULL,1,134.99,8,'W35',119),(244,'2023-04-05 18:06:14',NULL,1,134.99,10,'W36',119),(245,'2023-04-05 18:06:15',NULL,1,134.99,10,'W37',119),(246,'2023-04-05 18:06:16',NULL,1,134.99,10,'W38',119),(247,'2023-04-05 18:06:21','2023-04-05 21:12:06',1,129.99,50,'W35',120),(248,'2023-04-05 18:06:22','2023-04-05 21:12:06',1,129.99,20,'W36',120),(249,'2023-04-05 18:06:23','2023-04-05 21:12:06',1,129.99,20,'W37',120),(250,'2023-04-05 18:06:24','2023-04-05 21:12:06',1,129.99,20,'W38',120),(251,'2023-04-05 18:06:30',NULL,1,75.99,50,'W35',121),(252,'2023-04-05 18:06:31',NULL,1,75.99,20,'W36',121),(253,'2023-04-05 18:06:36',NULL,1,85.99,46,'W35',122),(254,'2023-04-05 18:06:37',NULL,1,85.99,20,'W36',122),(255,'2023-04-05 18:06:38',NULL,1,85.99,20,'W37',122),(256,'2023-04-05 18:06:39',NULL,1,85.99,20,'W38',122),(257,'2023-04-05 18:06:45','2023-04-06 07:20:11',1,85.99,49,'W35',123),(258,'2023-04-05 18:06:46','2023-04-06 07:20:11',1,85.99,20,'W36',123),(259,'2023-04-05 18:18:56',NULL,1,110,22,'M40',124),(260,'2023-04-05 18:18:57',NULL,1,110,50,'M41',124),(261,'2023-04-05 18:19:00',NULL,1,75,50,'W37',125),(262,'2023-04-05 18:19:01',NULL,1,75,20,'W38',125),(263,'2023-04-05 18:19:03',NULL,1,133,9,'W36',126),(264,'2023-04-05 18:19:04',NULL,1,133,10,'W37',126),(265,'2023-04-05 18:19:05',NULL,1,133,10,'W38',126),(266,'2023-04-05 18:19:08',NULL,1,149.99,10,'W36',127),(267,'2023-04-05 18:19:08',NULL,1,149.99,10,'W37',127),(268,'2023-04-05 18:19:09',NULL,1,149.99,10,'W38',127),(269,'2023-04-05 18:19:11',NULL,1,49.99,10,'M40',128),(270,'2023-04-05 18:19:12',NULL,1,49.99,10,'M42',128),(271,'2023-04-05 18:19:13',NULL,1,49.99,10,'M43',128),(272,'2023-04-05 18:19:15',NULL,1,134.99,10,'W35',129),(273,'2023-04-05 18:19:16',NULL,1,134.99,10,'W36',129),(274,'2023-04-05 18:19:16',NULL,1,134.99,6,'W37',129),(275,'2023-04-05 18:19:17',NULL,1,134.99,10,'W38',129),(276,'2023-04-05 18:19:19',NULL,1,129.99,50,'W35',130),(277,'2023-04-05 18:19:20',NULL,1,129.99,20,'W36',130),(278,'2023-04-05 18:19:21',NULL,1,129.99,20,'W37',130),(279,'2023-04-05 18:19:22',NULL,1,129.99,20,'W38',130),(280,'2023-04-05 18:19:24',NULL,1,75.99,50,'W35',131),(281,'2023-04-05 18:19:24',NULL,1,75.99,20,'W36',131),(282,'2023-04-05 18:19:26',NULL,1,85.99,50,'W35',132),(283,'2023-04-05 18:19:27',NULL,1,85.99,20,'W36',132),(284,'2023-04-05 18:19:28',NULL,1,85.99,20,'W37',132),(285,'2023-04-05 18:19:28',NULL,1,85.99,20,'W38',132),(286,'2023-04-05 18:19:30',NULL,1,85.99,50,'W35',133),(287,'2023-04-05 18:19:31',NULL,1,85.99,20,'W36',133),(288,'2023-04-05 18:19:34',NULL,1,110,20,'M40',134),(289,'2023-04-05 18:19:34',NULL,1,110,50,'M41',134),(290,'2023-04-05 18:19:37',NULL,1,75,50,'W37',135),(291,'2023-04-05 18:19:38',NULL,1,75,20,'W38',135),(292,'2023-04-05 18:19:40',NULL,1,133,10,'W36',136),(293,'2023-04-05 18:19:40',NULL,1,133,10,'W37',136),(294,'2023-04-05 18:19:41',NULL,1,133,10,'W38',136),(295,'2023-04-05 18:19:44',NULL,1,149.99,10,'W36',137),(296,'2023-04-05 18:19:44',NULL,1,149.99,10,'W37',137),(297,'2023-04-05 18:19:45',NULL,1,149.99,10,'W38',137),(298,'2023-04-05 18:19:48',NULL,1,49.99,10,'M40',138),(299,'2023-04-05 18:19:48',NULL,1,49.99,10,'M42',138),(300,'2023-04-05 18:19:49',NULL,1,49.99,10,'M43',138),(301,'2023-04-05 18:19:51',NULL,1,134.99,10,'W35',139),(302,'2023-04-05 18:19:52',NULL,1,134.99,10,'W36',139),(303,'2023-04-05 18:19:53',NULL,1,134.99,10,'W37',139),(304,'2023-04-05 18:19:54',NULL,1,134.99,10,'W38',139),(305,'2023-04-05 18:19:56',NULL,1,129.99,50,'W35',140),(306,'2023-04-05 18:19:57',NULL,1,129.99,20,'W36',140),(307,'2023-04-05 18:19:58',NULL,1,129.99,20,'W37',140),(308,'2023-04-05 18:19:59',NULL,1,129.99,20,'W38',140),(309,'2023-04-05 18:20:01',NULL,1,75.99,50,'W35',141),(310,'2023-04-05 18:20:02',NULL,1,75.99,20,'W36',141),(311,'2023-04-05 18:20:04',NULL,1,85.99,50,'W35',142),(312,'2023-04-05 18:20:05',NULL,1,85.99,20,'W36',142),(313,'2023-04-05 18:20:06',NULL,1,85.99,20,'W37',142),(314,'2023-04-05 18:20:07',NULL,1,85.99,20,'W38',142),(315,'2023-04-05 18:20:09',NULL,1,85.99,50,'W35',143),(316,'2023-04-05 18:20:10',NULL,1,85.99,20,'W36',143),(317,'2023-04-05 18:20:12',NULL,1,110,22,'M40',144),(318,'2023-04-05 18:20:12',NULL,1,110,50,'M41',144),(319,'2023-04-05 18:20:14',NULL,1,75,49,'W37',145),(320,'2023-04-05 18:20:15',NULL,1,75,20,'W38',145),(321,'2023-04-05 18:20:17',NULL,1,133,10,'W36',146),(322,'2023-04-05 18:20:18',NULL,1,133,10,'W37',146),(323,'2023-04-05 18:20:19',NULL,1,133,10,'W38',146),(324,'2023-04-05 18:20:21',NULL,1,149.99,10,'W36',147),(325,'2023-04-05 18:20:22',NULL,1,149.99,10,'W37',147),(326,'2023-04-05 18:20:23',NULL,1,149.99,10,'W38',147),(327,'2023-04-05 18:20:25',NULL,1,49.99,10,'M40',148),(328,'2023-04-05 18:20:26',NULL,1,49.99,10,'M42',148),(329,'2023-04-05 18:20:27',NULL,1,49.99,10,'M43',148),(330,'2023-04-05 18:20:29',NULL,1,134.99,10,'W35',149),(331,'2023-04-05 18:20:30',NULL,1,134.99,10,'W36',149),(332,'2023-04-05 18:20:31',NULL,1,134.99,10,'W37',149),(333,'2023-04-05 18:20:32',NULL,1,134.99,10,'W38',149),(334,'2023-04-05 18:20:34',NULL,1,129.99,50,'W35',150),(335,'2023-04-05 18:20:35',NULL,1,129.99,20,'W36',150),(336,'2023-04-05 18:20:36',NULL,1,129.99,20,'W37',150),(337,'2023-04-05 18:20:37',NULL,1,129.99,20,'W38',150),(338,'2023-04-05 18:20:39',NULL,1,75.99,50,'W35',151),(339,'2023-04-05 18:20:40',NULL,1,75.99,20,'W36',151),(340,'2023-04-05 18:20:43',NULL,1,85.99,50,'W35',152),(341,'2023-04-05 18:20:44',NULL,1,85.99,20,'W36',152),(342,'2023-04-05 18:20:44',NULL,1,85.99,20,'W37',152),(343,'2023-04-05 18:20:45',NULL,1,85.99,20,'W38',152),(344,'2023-04-05 18:20:48',NULL,1,85.99,50,'W35',153),(345,'2023-04-05 18:20:48',NULL,1,85.99,20,'W36',153),(346,'2023-04-05 18:20:51',NULL,1,110,22,'M40',154),(347,'2023-04-05 18:20:51',NULL,1,110,50,'M41',154),(348,'2023-04-05 18:20:54',NULL,1,75,50,'W37',155),(349,'2023-04-05 18:20:54',NULL,1,75,20,'W38',155),(350,'2023-04-05 18:20:57',NULL,1,133,10,'W36',156),(351,'2023-04-05 18:20:58',NULL,1,133,10,'W37',156),(352,'2023-04-05 18:20:58',NULL,1,133,10,'W38',156),(353,'2023-04-05 18:21:01',NULL,1,149.99,10,'W36',157),(354,'2023-04-05 18:21:01',NULL,1,149.99,10,'W37',157),(355,'2023-04-05 18:21:02',NULL,1,149.99,10,'W38',157),(356,'2023-04-05 18:21:04',NULL,1,49.99,10,'M40',158),(357,'2023-04-05 18:21:05',NULL,1,49.99,10,'M42',158),(358,'2023-04-05 18:21:06',NULL,1,49.99,10,'M43',158),(359,'2023-04-05 18:21:08',NULL,1,134.99,10,'W35',159),(360,'2023-04-05 18:21:09',NULL,1,134.99,10,'W36',159),(361,'2023-04-05 18:21:10',NULL,1,134.99,10,'W37',159),(362,'2023-04-05 18:21:10',NULL,1,134.99,10,'W38',159),(363,'2023-04-05 18:21:12',NULL,1,129.99,50,'W35',160),(364,'2023-04-05 18:21:13',NULL,1,129.99,20,'W36',160),(365,'2023-04-05 18:21:14',NULL,1,129.99,20,'W37',160),(366,'2023-04-05 18:21:15',NULL,1,129.99,20,'W38',160),(367,'2023-04-05 18:21:17',NULL,1,75.99,50,'W35',161),(368,'2023-04-05 18:21:18',NULL,1,75.99,20,'W36',161),(369,'2023-04-05 18:21:20',NULL,1,85.99,50,'W35',162),(370,'2023-04-05 18:21:20',NULL,1,85.99,20,'W36',162),(371,'2023-04-05 18:21:21',NULL,1,85.99,20,'W37',162),(372,'2023-04-05 18:21:22',NULL,1,85.99,20,'W38',162),(373,'2023-04-05 18:21:24',NULL,1,85.99,50,'W35',163),(374,'2023-04-05 18:21:24',NULL,1,85.99,20,'W36',163),(375,'2023-04-05 18:21:26',NULL,1,110,22,'M40',164),(376,'2023-04-05 18:21:27',NULL,1,110,50,'M41',164),(377,'2023-04-05 18:21:29',NULL,1,75,50,'W37',165),(378,'2023-04-05 18:21:30',NULL,1,75,20,'W38',165),(379,'2023-04-05 18:21:32',NULL,1,133,10,'W36',166),(380,'2023-04-05 18:21:33',NULL,1,133,10,'W37',166),(381,'2023-04-05 18:21:34',NULL,1,133,10,'W38',166),(382,'2023-04-05 18:21:36',NULL,1,149.99,10,'W36',167),(383,'2023-04-05 18:21:36',NULL,1,149.99,10,'W37',167),(384,'2023-04-05 18:21:37',NULL,1,149.99,10,'W38',167),(385,'2023-04-05 18:21:39',NULL,1,49.99,10,'M40',168),(386,'2023-04-05 18:21:40',NULL,1,49.99,10,'M42',168),(387,'2023-04-05 18:21:41',NULL,1,49.99,10,'M43',168),(388,'2023-04-05 18:21:43',NULL,1,134.99,10,'W35',169),(389,'2023-04-05 18:21:43',NULL,1,134.99,10,'W36',169),(390,'2023-04-05 18:21:45',NULL,1,134.99,10,'W37',169),(391,'2023-04-05 18:21:45',NULL,1,134.99,10,'W38',169),(392,'2023-04-05 18:21:47',NULL,1,129.99,50,'W35',170),(393,'2023-04-05 18:21:48',NULL,1,129.99,20,'W36',170),(394,'2023-04-05 18:21:49',NULL,1,129.99,20,'W37',170),(395,'2023-04-05 18:21:49',NULL,1,129.99,20,'W38',170),(396,'2023-04-05 18:21:51',NULL,1,75.99,50,'W35',171),(397,'2023-04-05 18:21:52',NULL,1,75.99,20,'W36',171),(398,'2023-04-05 18:21:54',NULL,1,85.99,50,'W35',172),(399,'2023-04-05 18:21:55',NULL,1,85.99,20,'W36',172),(400,'2023-04-05 18:21:56',NULL,1,85.99,20,'W37',172),(401,'2023-04-05 18:21:56',NULL,1,85.99,20,'W38',172),(402,'2023-04-05 18:21:58',NULL,1,85.99,50,'W35',173),(403,'2023-04-05 18:21:59',NULL,1,85.99,20,'W36',173),(404,'2023-04-05 18:22:01',NULL,1,110,22,'M40',174),(405,'2023-04-05 18:22:02',NULL,1,110,50,'M41',174),(406,'2023-04-05 18:22:04',NULL,1,75,50,'W37',175),(407,'2023-04-05 18:22:05',NULL,1,75,20,'W38',175),(408,'2023-04-05 18:22:07',NULL,1,133,10,'W36',176),(409,'2023-04-05 18:22:08',NULL,1,133,10,'W37',176),(410,'2023-04-05 18:22:08',NULL,1,133,10,'W38',176),(411,'2023-04-05 18:22:10',NULL,1,149.99,10,'W36',177),(412,'2023-04-05 18:22:11',NULL,1,149.99,10,'W37',177),(413,'2023-04-05 18:22:12',NULL,1,149.99,10,'W38',177),(414,'2023-04-05 18:22:14',NULL,1,49.99,10,'M40',178),(415,'2023-04-05 18:22:15',NULL,1,49.99,10,'M42',178),(416,'2023-04-05 18:22:15',NULL,1,49.99,10,'M43',178),(417,'2023-04-05 18:22:17',NULL,1,134.99,10,'W35',179),(418,'2023-04-05 18:22:18',NULL,1,134.99,10,'W36',179),(419,'2023-04-05 18:22:19',NULL,1,134.99,10,'W37',179),(420,'2023-04-05 18:22:20',NULL,1,134.99,10,'W38',179),(421,'2023-04-05 18:22:21',NULL,1,129.99,50,'W35',180),(422,'2023-04-05 18:22:22',NULL,1,129.99,20,'W36',180),(423,'2023-04-05 18:22:23',NULL,1,129.99,20,'W37',180),(424,'2023-04-05 18:22:24',NULL,1,129.99,20,'W38',180),(425,'2023-04-05 18:22:26',NULL,1,75.99,50,'W35',181),(426,'2023-04-05 18:22:27',NULL,1,75.99,20,'W36',181),(427,'2023-04-05 18:22:29',NULL,1,85.99,50,'W35',182),(428,'2023-04-05 18:22:29',NULL,1,85.99,20,'W36',182),(429,'2023-04-05 18:22:30',NULL,1,85.99,20,'W37',182),(430,'2023-04-05 18:22:31',NULL,1,85.99,20,'W38',182),(431,'2023-04-05 18:22:33',NULL,1,85.99,50,'W35',183),(432,'2023-04-05 18:22:34',NULL,1,85.99,20,'W36',183),(433,'2023-04-05 18:22:36',NULL,1,110,22,'M40',184),(434,'2023-04-05 18:22:37',NULL,1,110,50,'M41',184),(435,'2023-04-05 18:22:39',NULL,1,75,50,'W37',185),(436,'2023-04-05 18:22:40',NULL,1,75,20,'W38',185),(437,'2023-04-05 18:22:42',NULL,1,133,10,'W36',186),(438,'2023-04-05 18:22:43',NULL,1,133,10,'W37',186),(439,'2023-04-05 18:22:43',NULL,1,133,10,'W38',186),(440,'2023-04-05 18:22:45',NULL,1,149.99,10,'W36',187),(441,'2023-04-05 18:22:46',NULL,1,149.99,10,'W37',187),(442,'2023-04-05 18:22:47',NULL,1,149.99,10,'W38',187),(443,'2023-04-05 18:22:49',NULL,1,49.99,10,'M40',188),(444,'2023-04-05 18:22:50',NULL,1,49.99,10,'M42',188),(445,'2023-04-05 18:22:51',NULL,1,49.99,10,'M43',188),(446,'2023-04-05 18:22:53',NULL,1,134.99,10,'W35',189),(447,'2023-04-05 18:22:54',NULL,1,134.99,10,'W36',189),(448,'2023-04-05 18:22:54',NULL,1,134.99,10,'W37',189),(449,'2023-04-05 18:22:55',NULL,1,134.99,10,'W38',189),(450,'2023-04-05 18:22:57',NULL,1,129.99,50,'W35',190),(451,'2023-04-05 18:22:58',NULL,1,129.99,20,'W36',190),(452,'2023-04-05 18:22:59',NULL,1,129.99,20,'W37',190),(453,'2023-04-05 18:22:59',NULL,1,129.99,20,'W38',190),(454,'2023-04-05 18:23:02',NULL,1,75.99,50,'W35',191),(455,'2023-04-05 18:23:02',NULL,1,75.99,20,'W36',191),(456,'2023-04-05 18:23:04',NULL,1,85.99,50,'W35',192),(457,'2023-04-05 18:23:05',NULL,1,85.99,20,'W36',192),(458,'2023-04-05 18:23:06',NULL,1,85.99,20,'W37',192),(459,'2023-04-05 18:23:07',NULL,1,85.99,20,'W38',192),(460,'2023-04-05 18:23:09',NULL,1,85.99,50,'W35',193),(461,'2023-04-05 18:23:09',NULL,1,85.99,20,'W36',193),(462,'2023-04-05 18:23:11',NULL,1,110,22,'M40',194),(463,'2023-04-05 18:23:12',NULL,1,110,50,'M41',194),(464,'2023-04-05 18:23:14',NULL,1,75,50,'W37',195),(465,'2023-04-05 18:23:15',NULL,1,75,20,'W38',195),(466,'2023-04-05 18:23:17',NULL,1,133,10,'W36',196),(467,'2023-04-05 18:23:18',NULL,1,133,10,'W37',196),(468,'2023-04-05 18:23:19',NULL,1,133,10,'W38',196),(469,'2023-04-05 18:23:21',NULL,1,149.99,10,'W36',197),(470,'2023-04-05 18:23:22',NULL,1,149.99,10,'W37',197),(471,'2023-04-05 18:23:23',NULL,1,149.99,10,'W38',197),(472,'2023-04-05 18:23:24',NULL,1,49.99,10,'M40',198),(473,'2023-04-05 18:23:25',NULL,1,49.99,10,'M42',198),(474,'2023-04-05 18:23:26',NULL,1,49.99,10,'M43',198),(475,'2023-04-05 18:23:28',NULL,1,134.99,10,'W35',199),(476,'2023-04-05 18:23:29',NULL,1,134.99,10,'W36',199),(477,'2023-04-05 18:23:29',NULL,1,134.99,10,'W37',199),(478,'2023-04-05 18:23:30',NULL,1,134.99,10,'W38',199),(479,'2023-04-05 18:23:32',NULL,1,129.99,50,'W35',200),(480,'2023-04-05 18:23:33',NULL,1,129.99,20,'W36',200),(481,'2023-04-05 18:23:34',NULL,1,129.99,20,'W37',200),(482,'2023-04-05 18:23:35',NULL,1,129.99,20,'W38',200),(483,'2023-04-05 18:23:37',NULL,1,75.99,50,'W35',201),(484,'2023-04-05 18:23:37',NULL,1,75.99,20,'W36',201),(485,'2023-04-05 18:23:39',NULL,1,85.99,50,'W35',202),(486,'2023-04-05 18:23:40',NULL,1,85.99,20,'W36',202),(487,'2023-04-05 18:23:41',NULL,1,85.99,20,'W37',202),(488,'2023-04-05 18:23:41',NULL,1,85.99,20,'W38',202),(489,'2023-04-05 18:23:43',NULL,1,85.99,50,'W35',203),(490,'2023-04-05 18:23:44',NULL,1,85.99,20,'W36',203),(491,'2023-04-05 18:23:46',NULL,1,110,22,'M40',204),(492,'2023-04-05 18:23:47',NULL,1,110,50,'M41',204),(493,'2023-04-05 18:23:49',NULL,1,75,50,'W37',205),(494,'2023-04-05 18:23:50',NULL,1,75,20,'W38',205),(495,'2023-04-05 18:23:52',NULL,1,133,10,'W36',206),(496,'2023-04-05 18:23:53',NULL,1,133,10,'W37',206),(497,'2023-04-05 18:23:53',NULL,1,133,10,'W38',206),(498,'2023-04-05 18:23:56',NULL,1,149.99,10,'W36',207),(499,'2023-04-05 18:23:56',NULL,1,149.99,10,'W37',207),(500,'2023-04-05 18:23:57',NULL,1,149.99,10,'W38',207),(501,'2023-04-05 18:23:59',NULL,1,49.99,10,'M40',208),(502,'2023-04-05 18:24:00',NULL,1,49.99,10,'M42',208),(503,'2023-04-05 18:24:01',NULL,1,49.99,10,'M43',208),(504,'2023-04-05 18:24:04',NULL,1,134.99,10,'W35',209),(505,'2023-04-05 18:24:04',NULL,1,134.99,10,'W36',209),(506,'2023-04-05 18:24:05',NULL,1,134.99,10,'W37',209),(507,'2023-04-05 18:24:06',NULL,1,134.99,10,'W38',209),(508,'2023-04-05 18:24:08',NULL,1,129.99,50,'W35',210),(509,'2023-04-05 18:24:08',NULL,1,129.99,20,'W36',210),(510,'2023-04-05 18:24:09',NULL,1,129.99,20,'W37',210),(511,'2023-04-05 18:24:10',NULL,1,129.99,20,'W38',210),(512,'2023-04-05 18:24:12',NULL,1,75.99,50,'W35',211),(513,'2023-04-05 18:24:13',NULL,1,75.99,20,'W36',211),(514,'2023-04-05 18:24:15',NULL,1,85.99,50,'W35',212),(515,'2023-04-05 18:24:16',NULL,1,85.99,20,'W36',212),(516,'2023-04-05 18:24:17',NULL,1,85.99,20,'W37',212),(517,'2023-04-05 18:24:18',NULL,1,85.99,20,'W38',212),(518,'2023-04-05 18:24:20',NULL,1,85.99,50,'W35',213),(519,'2023-04-05 18:24:21',NULL,1,85.99,20,'W36',213),(520,'2023-04-05 18:24:23',NULL,1,110,21,'M40',214),(521,'2023-04-05 18:24:23',NULL,1,110,50,'M41',214),(522,'2023-04-05 18:24:25',NULL,1,75,50,'W37',215),(523,'2023-04-05 18:24:26',NULL,1,75,20,'W38',215),(524,'2023-04-05 18:24:28',NULL,1,133,10,'W36',216),(525,'2023-04-05 18:24:29',NULL,1,133,10,'W37',216),(526,'2023-04-05 18:24:30',NULL,1,133,10,'W38',216),(527,'2023-04-05 18:24:32',NULL,1,149.99,10,'W36',217),(528,'2023-04-05 18:24:33',NULL,1,149.99,10,'W37',217),(529,'2023-04-05 18:24:34',NULL,1,149.99,10,'W38',217),(530,'2023-04-05 18:24:36',NULL,1,49.99,10,'M40',218),(531,'2023-04-05 18:24:37',NULL,1,49.99,10,'M42',218),(532,'2023-04-05 18:24:38',NULL,1,49.99,10,'M43',218),(533,'2023-04-05 18:24:40',NULL,1,134.99,10,'W35',219),(534,'2023-04-05 18:24:41',NULL,1,134.99,10,'W36',219),(535,'2023-04-05 18:24:41',NULL,1,134.99,10,'W37',219),(536,'2023-04-05 18:24:42',NULL,1,134.99,10,'W38',219),(537,'2023-04-05 18:24:44',NULL,1,129.99,50,'W35',220),(538,'2023-04-05 18:24:45',NULL,1,129.99,20,'W36',220),(539,'2023-04-05 18:24:46',NULL,1,129.99,20,'W37',220),(540,'2023-04-05 18:24:47',NULL,1,129.99,20,'W38',220),(541,'2023-04-05 18:24:49',NULL,1,75.99,50,'W35',221),(542,'2023-04-05 18:24:50',NULL,1,75.99,20,'W36',221),(543,'2023-04-05 18:24:52',NULL,1,85.99,48,'W35',222),(544,'2023-04-05 18:24:53',NULL,1,85.99,20,'W36',222),(545,'2023-04-05 18:24:54',NULL,1,85.99,19,'W37',222),(546,'2023-04-05 18:24:55',NULL,1,85.99,19,'W38',222),(547,'2023-04-05 18:24:57',NULL,1,85.99,50,'W35',223),(548,'2023-04-05 18:24:58',NULL,1,85.99,20,'W36',223),(549,'2023-04-06 09:31:24','2023-04-06 07:32:05',1,100,10,'M40',225),(550,'2023-04-06 10:21:26','2023-04-06 08:22:00',1,100,3,'M40',226),(551,'2023-04-06 12:10:07',NULL,1,100,2,'M40',227);
/*!40000 ALTER TABLE `product_details` ENABLE KEYS */;
UNLOCK TABLES;

--
-- Table structure for table `product_images`
--

DROP TABLE IF EXISTS `product_images`;
/*!40101 SET @saved_cs_client     = @@character_set_client */;
/*!50503 SET character_set_client = utf8mb4 */;
CREATE TABLE `product_images` (
  `id` int NOT NULL AUTO_INCREMENT,
  `created_at` datetime NOT NULL DEFAULT CURRENT_TIMESTAMP,
  `disabled_at` datetime DEFAULT NULL,
  `image_path` varchar(3000) NOT NULL,
  `type` varchar(100) NOT NULL,
  `image_number` int NOT NULL,
  `alt_it` varchar(100) DEFAULT NULL,
  `alt_eng` varchar(100) DEFAULT NULL,
  `product_id` int NOT NULL,
  PRIMARY KEY (`id`),
  KEY `product_id` (`product_id`),
  CONSTRAINT `product_images_ibfk_1` FOREIGN KEY (`product_id`) REFERENCES `products` (`id`)
) ENGINE=InnoDB AUTO_INCREMENT=602 DEFAULT CHARSET=utf8mb4 COLLATE=utf8mb4_0900_ai_ci;
/*!40101 SET character_set_client = @saved_cs_client */;

--
-- Dumping data for table `product_images`
--

LOCK TABLES `product_images` WRITE;
/*!40000 ALTER TABLE `product_images` DISABLE KEYS */;
INSERT INTO `product_images` VALUES (1,'2023-03-17 14:52:39','2023-04-05 18:04:44','pathProva','mobile',0,'immagine di cani','immagins of cans',1),(7,'2023-03-31 10:32:30','2023-04-05 18:04:44','prova','string',0,'string','string',20),(8,'2023-03-31 12:46:51','2023-04-05 18:04:44','prova','string',0,'string','string',21),(10,'2023-03-31 14:38:40','2023-04-05 18:04:44','/pog','mobile',0,'wweqwe','rrrr',22),(11,'2023-03-31 15:20:29','2023-04-05 18:04:44','prova','string',0,'string','string',23),(12,'2023-03-31 15:24:56','2023-04-05 18:04:44','prova','string',0,'string','string',24),(15,'2023-03-31 17:52:37','2023-04-05 18:04:44','/provaancora','desktop',0,'testest','efwefwe',36),(16,'2023-04-03 23:44:17','2023-04-05 18:04:44','/provaancora','desktop',0,'testest','efwefwe',37),(17,'2023-04-04 00:00:15','2023-04-05 18:04:44','/provaancora','desktop',0,'testest','efwefwe',38),(18,'2023-04-04 10:01:32','2023-04-05 18:04:44','/provaancora','desktop',0,'testest','efwefwe',42),(19,'2023-04-04 10:02:41','2023-04-05 18:04:44','/provaancora','desktop',0,'testest','efwefwe',43),(20,'2023-04-04 10:19:38','2023-04-05 18:04:44','errore nel parsing dei dati','desktop',0,'boh1','boh1',47),(21,'2023-04-04 10:20:24','2023-04-05 18:04:44','/provaancora','desktop',0,'testest','efwefwe',48),(22,'2023-04-04 10:20:24','2023-04-05 18:04:44','/provawerancora','desktop',0,'testewerst','efwefwwere',48),(23,'2023-04-04 10:22:35','2023-04-05 18:04:44','errore nel parsing dei dati','desktop',0,'boh1','boh1',49),(24,'2023-04-04 10:23:03','2023-04-05 18:04:44','https://beije-dev.s3.eu-south-1.amazonaws.com/shoes/upload/vIZbJJ-1680596579886.png','desktop',0,'boh1','boh1',50),(25,'2023-04-04 10:23:09','2023-04-05 18:04:44','/provaancora','desktop',0,'testest','efwefwe',51),(26,'2023-04-04 10:23:09','2023-04-05 18:04:44','/provawerancora','desktop',0,'testewerst','efwefwwere',51),(27,'2023-04-04 10:27:38','2023-04-05 18:04:44','/provaancora','desktop',0,'testest','efwefwe',52),(28,'2023-04-04 10:27:38','2023-04-05 18:04:44','/provawerancora','desktop',0,'testewerst','efwefwwere',52),(29,'2023-04-04 10:29:54','2023-04-05 18:04:44','https://beije-dev.s3.eu-south-1.amazonaws.com/shoes/upload/rUbxHz-1680596989908.jpg','desktop',0,'boh1','boh1',53),(30,'2023-04-04 10:33:51','2023-04-05 18:04:44','/provaancora','desktop',0,'testest','efwefwe',54),(31,'2023-04-04 10:33:51','2023-04-05 18:04:44','/provawerancora','desktop',0,'testewerst','efwefwwere',54),(32,'2023-04-04 10:38:47','2023-04-05 18:04:44','https://beije-dev.s3.eu-south-1.amazonaws.com/shoes/upload/bfPtwf-1680597523688.jpg','desktop',0,'boh1','boh1',55),(33,'2023-04-04 10:43:46','2023-04-05 18:04:44','errore nel parsing dei dati','desktop',0,'update test','update test',55),(34,'2023-04-04 10:44:31','2023-04-05 18:04:44','https://beije-dev.s3.eu-south-1.amazonaws.com/shoes/upload/80189q-1680597871610.png','desktop',0,'update test','update test',55),(35,'2023-04-04 10:48:29','2023-04-05 18:04:44','https://beije-dev.s3.eu-south-1.amazonaws.com/shoes/upload/Y92tYd-1680598105199.jpg','desktop',0,'boh1','boh1',59),(36,'2023-04-04 11:19:55','2023-04-05 18:04:44','https://beije-dev.s3.eu-south-1.amazonaws.com/shoes/upload/k4GF6T-1680599994514.jpg','desktop',0,'boh1','boh1',61),(37,'2023-04-04 11:28:18','2023-04-05 18:04:44','https://beije-dev.s3.eu-south-1.amazonaws.com/shoes/upload/7yP1RF-1680600498336.jpg','desktop',0,'testest','efwefwe',62),(38,'2023-04-04 11:28:18','2023-04-05 18:04:44','errore nel parsing dei dati','desktop',0,'testewerst','efwefwwere',62),(39,'2023-04-04 11:50:32','2023-04-05 18:04:44','https://beije-dev.s3.eu-south-1.amazonaws.com/shoes/upload/7LhfsS-1680601832624.jpg','desktop',0,'immagine','image',64),(40,'2023-04-04 11:50:32','2023-04-05 18:04:44','https://beije-dev.s3.eu-south-1.amazonaws.com/shoes/upload/V3dBwj-1680601832858.jpg','desktop',0,'immagine','image',64),(41,'2023-04-04 11:50:33','2023-04-05 18:04:44','https://beije-dev.s3.eu-south-1.amazonaws.com/shoes/upload/xsoQ77-1680601833008.jpg','desktop',0,'immagine','image',64),(42,'2023-04-04 11:50:39','2023-04-05 18:04:44','https://beije-dev.s3.eu-south-1.amazonaws.com/shoes/upload/JvwBo2-1680601839715.jpg','desktop',0,'immagine','image',65),(43,'2023-04-04 11:50:39','2023-04-05 18:04:44','https://beije-dev.s3.eu-south-1.amazonaws.com/shoes/upload/SFcUye-1680601839896.jpg','desktop',0,'immagine','image',65),(44,'2023-04-04 11:50:40','2023-04-05 18:04:44','https://beije-dev.s3.eu-south-1.amazonaws.com/shoes/upload/QqTjru-1680601840009.jpg','desktop',0,'immagine','image',65),(45,'2023-04-04 11:51:17','2023-04-05 18:04:44','errore nel parsing dei dati','desktop',0,'testest','efwefwe',66),(46,'2023-04-04 11:51:17','2023-04-05 18:04:44','errore nel parsing dei dati','desktop',0,'testewerst','efwefwwere',66),(47,'2023-04-04 11:57:52','2023-04-05 18:04:44','https://beije-dev.s3.eu-south-1.amazonaws.com/shoes/upload/VeyWjg-1680602267839.jpg','desktop',0,'boh1','boh1',67),(48,'2023-04-04 12:08:17','2023-04-05 18:04:44','https://beije-dev.s3.eu-south-1.amazonaws.com/shoes/upload/3fQbYh-1680602894123.jpg','desktop',0,'update test','update test',67),(49,'2023-04-04 12:12:53','2023-04-05 18:04:44','https://beije-dev.s3.eu-south-1.amazonaws.com/shoes/upload/BVZbf8-1680603169729.jpg','desktop',0,'update test','update test',67),(50,'2023-04-04 12:17:46','2023-04-05 18:04:44','https://beije-dev.s3.eu-south-1.amazonaws.com/shoes/upload/zB5R0d-1680603462672.jpg','desktop',0,'update test','update test',67),(51,'2023-04-04 12:20:04','2023-04-05 18:04:44','https://beije-dev.s3.eu-south-1.amazonaws.com/shoes/upload/FcBD2i-1680603600001.jpg','desktop',0,'boh1','boh1',68),(52,'2023-04-04 15:52:20','2023-04-05 18:04:44','https://beije-dev.s3.eu-south-1.amazonaws.com/shoes/upload/kl3ruN-1680616337037.jpg','desktop',0,'boh1','boh1',69),(53,'2023-04-04 17:02:57','2023-04-05 18:04:44','https://beije-dev.s3.eu-south-1.amazonaws.com/shoes/upload/MCYFLn-1680620576301.jpg','desktop',0,'immagine','image',70),(54,'2023-04-04 17:02:57','2023-04-05 18:04:44','https://beije-dev.s3.eu-south-1.amazonaws.com/shoes/upload/zYVIWr-1680620577731.jpg','desktop',0,'immagine','image',70),(55,'2023-04-04 17:02:57','2023-04-05 18:04:44','https://beije-dev.s3.eu-south-1.amazonaws.com/shoes/upload/lTCVpm-1680620577855.jpg','desktop',0,'immagine','image',70),(56,'2023-04-04 17:03:16','2023-04-05 18:04:44','https://beije-dev.s3.eu-south-1.amazonaws.com/shoes/upload/auR4MA-1680620596036.jpg','desktop',0,'immagine','image',71),(57,'2023-04-04 17:03:16','2023-04-05 18:04:44','https://beije-dev.s3.eu-south-1.amazonaws.com/shoes/upload/iKDmfs-1680620596222.jpg','desktop',0,'immagine','image',71),(58,'2023-04-04 17:03:16','2023-04-05 18:04:44','https://beije-dev.s3.eu-south-1.amazonaws.com/shoes/upload/cqtn1k-1680620596418.jpg','desktop',0,'immagine','image',71),(59,'2023-04-04 17:03:33','2023-04-05 18:04:44','https://beije-dev.s3.eu-south-1.amazonaws.com/shoes/upload/3AvYrx-1680620613003.jpg','desktop',0,'immagine','image',72),(60,'2023-04-04 17:03:33','2023-04-05 18:04:44','https://beije-dev.s3.eu-south-1.amazonaws.com/shoes/upload/QjLlNw-1680620613192.jpg','desktop',0,'immagine','image',72),(61,'2023-04-04 17:03:33','2023-04-05 18:04:44','https://beije-dev.s3.eu-south-1.amazonaws.com/shoes/upload/v9qARr-1680620613302.jpg','desktop',0,'immagine','image',72),(62,'2023-04-04 17:04:17','2023-04-05 18:04:44','https://beije-dev.s3.eu-south-1.amazonaws.com/shoes/upload/H16p4R-1680620656913.jpg','desktop',0,'immagine','image',73),(63,'2023-04-04 17:04:18','2023-04-05 18:04:44','https://beije-dev.s3.eu-south-1.amazonaws.com/shoes/upload/9p1f5P-1680620657859.jpg','desktop',0,'immagine','image',73),(64,'2023-04-04 17:04:18','2023-04-05 18:04:44','https://beije-dev.s3.eu-south-1.amazonaws.com/shoes/upload/NsExdp-1680620658027.jpg','desktop',0,'immagine','image',73),(65,'2023-04-04 17:05:47','2023-04-05 18:04:44','https://beije-dev.s3.eu-south-1.amazonaws.com/shoes/upload/TBoqYp-1680620747677.jpg','desktop',0,'immagine','image',74),(66,'2023-04-04 17:05:48','2023-04-05 18:04:44','https://beije-dev.s3.eu-south-1.amazonaws.com/shoes/upload/HURUx6-1680620747898.jpg','desktop',0,'immagine','image',74),(67,'2023-04-04 17:05:48','2023-04-05 18:04:44','https://beije-dev.s3.eu-south-1.amazonaws.com/shoes/upload/CeQ14H-1680620748041.jpg','desktop',0,'immagine','image',74),(68,'2023-04-04 17:32:13','2023-04-05 18:04:44','errore nel parsing dei dati','string',0,'string','string',72),(69,'2023-04-05 15:56:12','2023-04-05 18:04:44','https://m.media-amazon.com/images/W/IMAGERENDERING_521856-T1/images/I/61XwYJNwRtL._AC_UX500_.jpg','desktop',0,'boh1','boh1',75),(70,'2023-04-05 17:17:14','2023-04-05 18:04:44','https://www.cisalfasport.it/dw/image/v2/BBVV_PRD/on/demandware.static/-/Sites-cisalfa-master/default','desktop',0,'immagine','image',82),(71,'2023-04-05 17:17:39','2023-04-05 18:04:44','https://www.cisalfasport.it/dw/image/v2/BBVV_PRD/on/demandware.static/-/Sites-cisalfa-master/default/dw86cfd833/cisalfa/files/S2012923-001/image_sup01/S2012923_001cl001.jpg','desktop',0,'immagine','image',82),(72,'2023-04-05 17:17:41','2023-04-05 18:04:44','https://www.cisalfasport.it/dw/image/v2/BBVV_PRD/on/demandware.static/-/Sites-cisalfa-master/default/dw3a001eef/cisalfa/files/S5249765-316/image/S5249765_316.jpg?sw=960&sh=1200','mobile',1,'immagine1','image1',86),(73,'2023-04-05 17:17:41','2023-04-05 18:04:44','https://www.cisalfasport.it/dw/image/v2/BBVV_PRD/on/demandware.static/-/Sites-cisalfa-master/default/dw744bf88d/cisalfa/files/S5249765-316/image_sup01/S5249765_316cl001.jpg?sw=960&sh=1200','mobile',2,'immagine2','image2',86),(74,'2023-04-05 17:17:41','2023-04-05 18:04:44','https://www.cisalfasport.it/dw/image/v2/BBVV_PRD/on/demandware.static/-/Sites-cisalfa-master/default/dwc609346e/cisalfa/files/S5249765-316/image_sup02/S5249765_316cl002.jpg?sw=960&sh=1200','mobile',3,'immagine3','image3',86),(75,'2023-04-05 17:17:41','2023-04-05 18:04:44','https://www.cisalfasport.it/dw/image/v2/BBVV_PRD/on/demandware.static/-/Sites-cisalfa-master/default/dw8cc562cc/cisalfa/files/S5249765-316/image_sup03/S5249765_316cl003.jpg?sw=960&sh=1200','mobile',4,'immagine4','image4',86),(76,'2023-04-05 17:18:05','2023-04-05 18:04:44','https://www.cisalfasport.it/dw/image/v2/BBVV_PRD/on/demandware.static/-/Sites-cisalfa-master/default/dwc6177b05/cisalfa/files/S2012923-001/image_sup04/S2012923_001cl004.jpg','desktop',0,'immagine','image',82),(77,'2023-04-05 17:18:29','2023-04-05 18:04:44','https://www.cisalfasport.it/dw/image/v2/BBVV_PRD/on/demandware.static/-/Sites-cisalfa-master/default/dw3a001eef/cisalfa/files/S5249765-316/image/S5249765_316.jpg?sw=960&sh=1200','mobile',1,'immagine1','image1',87),(78,'2023-04-05 17:18:29','2023-04-05 18:04:44','https://www.cisalfasport.it/dw/image/v2/BBVV_PRD/on/demandware.static/-/Sites-cisalfa-master/default/dw744bf88d/cisalfa/files/S5249765-316/image_sup01/S5249765_316cl001.jpg?sw=960&sh=1200','mobile',2,'immagine2','image2',87),(79,'2023-04-05 17:18:29','2023-04-05 18:04:44','https://www.cisalfasport.it/dw/image/v2/BBVV_PRD/on/demandware.static/-/Sites-cisalfa-master/default/dwc609346e/cisalfa/files/S5249765-316/image_sup02/S5249765_316cl002.jpg?sw=960&sh=1200','mobile',3,'immagine3','image3',87),(80,'2023-04-05 17:18:29','2023-04-05 18:04:44','https://www.cisalfasport.it/dw/image/v2/BBVV_PRD/on/demandware.static/-/Sites-cisalfa-master/default/dw8cc562cc/cisalfa/files/S5249765-316/image_sup03/S5249765_316cl003.jpg?sw=960&sh=1200','mobile',4,'immagine4','image4',87),(81,'2023-04-05 17:18:34','2023-04-05 18:04:44','https://www.cisalfasport.it/dw/image/v2/BBVV_PRD/on/demandware.static/-/Sites-cisalfa-master/default/dw89c255de/cisalfa/files/S2012923-001/image_sup05/S2012923_001cl005.jpg','desktop',0,'immagine','image',82),(82,'2023-04-05 17:19:20','2023-04-05 18:04:44','https://beije-dev.s3.eu-south-1.amazonaws.com/shoes/upload/ioErik-1680707959467.jpg','desktop',0,'immagine','image',89),(83,'2023-04-05 17:19:21','2023-04-05 18:04:44','https://beije-dev.s3.eu-south-1.amazonaws.com/shoes/upload/GICPu1-1680707960805.jpg','desktop',0,'immagine','image',89),(84,'2023-04-05 17:19:21','2023-04-05 18:04:44','https://beije-dev.s3.eu-south-1.amazonaws.com/shoes/upload/D2byTM-1680707961042.jpg','desktop',0,'immagine','image',89),(89,'2023-04-05 17:32:57','2023-04-05 18:04:44','https://www.cisalfasport.it/dw/image/v2/BBVV_PRD/on/demandware.static/-/Sites-cisalfa-master/default/dwe4fc2c37/cisalfa/files/S5247536-100/image/S5247536_100.jpg?sw=960&sh=1200','desktop',1,'immagine1','image1',97),(90,'2023-04-05 17:32:57','2023-04-05 18:04:44','https://www.cisalfasport.it/dw/image/v2/BBVV_PRD/on/demandware.static/-/Sites-cisalfa-master/default/dw87abb8c3/cisalfa/files/S5247536-100/image_sup01/S5247536_100cl001.jpg?sw=960&sh=1200','desktop',1,'immagine2','image2',97),(91,'2023-04-05 17:32:57','2023-04-05 18:04:44','https://www.cisalfasport.it/dw/image/v2/BBVV_PRD/on/demandware.static/-/Sites-cisalfa-master/default/dw5d4c9d15/cisalfa/files/S5247536-100/image_sup02/S5247536_100cl002.jpg?sw=960&sh=1200','desktop',1,'immagine3','image3',97),(92,'2023-04-05 17:32:57','2023-04-05 18:04:44','https://www.cisalfasport.it/dw/image/v2/BBVV_PRD/on/demandware.static/-/Sites-cisalfa-master/default/dweb565ec2/cisalfa/files/S5247536-100/image_sup03/S5247536_100cl003.jpg?sw=960&sh=1200','desktop',1,'immagine4','image4',97),(93,'2023-04-05 17:37:07','2023-04-05 18:04:44','errore nel parsing dei dati','desktop',1,'immagine1','image1',98),(94,'2023-04-05 17:37:07','2023-04-05 18:04:44','errore nel parsing dei dati','desktop',1,'immagine2','image2',98),(95,'2023-04-05 17:37:08','2023-04-05 18:04:44','errore nel parsing dei dati','desktop',1,'immagine3','image3',98),(96,'2023-04-05 17:37:08','2023-04-05 18:04:44','errore nel parsing dei dati','desktop',1,'immagine4','image4',98),(97,'2023-04-05 17:37:27','2023-04-05 18:04:44','https://www.cisalfasport.it/dw/image/v2/BBVV_PRD/on/demandware.static/-/Sites-cisalfa-master/default/dw6d8538e9/cisalfa/files/S5549719-ABIW/image/S5549719_ABIW.jpg?sw=960&sh=1200','mobile',1,'immagine1','image1',99),(98,'2023-04-05 17:37:28','2023-04-05 18:04:44','https://www.cisalfasport.it/dw/image/v2/BBVV_PRD/on/demandware.static/-/Sites-cisalfa-master/default/dw8d9960aa/cisalfa/files/S5549719-ABIW/image_sup01/S5549719_ABIWcl001.jpg?sw=960&sh=1200','mobile',2,'immagine2','image2',99),(99,'2023-04-05 17:37:28','2023-04-05 18:04:44','https://www.cisalfasport.it/dw/image/v2/BBVV_PRD/on/demandware.static/-/Sites-cisalfa-master/default/dwa2718ab9/cisalfa/files/S5549719-ABIW/image_sup02/S5549719_ABIWcl002.jpg?sw=960&sh=1200','mobile',3,'immagine3','image3',99),(100,'2023-04-05 17:37:28','2023-04-05 18:04:44','https://www.cisalfasport.it/dw/image/v2/BBVV_PRD/on/demandware.static/-/Sites-cisalfa-master/default/dw705512ed/cisalfa/files/S5549719-ABIW/image_sup03/S5549719_ABIWcl003.jpg?sw=960&sh=1200','mobile',4,'immagine4','image4',99),(101,'2023-04-05 17:40:02','2023-04-05 18:04:44','errore nel parsing dei dati','desktop',1,'immagine1','image1',100),(102,'2023-04-05 17:40:03','2023-04-05 18:04:44','errore nel parsing dei dati','desktop',1,'immagine2','image2',100),(103,'2023-04-05 17:40:03','2023-04-05 18:04:44','errore nel parsing dei dati','desktop',1,'immagine3','image3',100),(104,'2023-04-05 17:40:03','2023-04-05 18:04:44','errore nel parsing dei dati','desktop',1,'immagine4','image4',100),(105,'2023-04-05 17:40:15','2023-04-05 18:04:44','https://www.cisalfasport.it/dw/image/v2/BBVV_PRD/on/demandware.static/-/Sites-cisalfa-master/default/dw3a001eef/cisalfa/files/S5249765-316/image/S5249765_316.jpg?sw=960&sh=1200','mobile',1,'immagine1','image1',101),(106,'2023-04-05 17:40:15','2023-04-05 18:04:44','https://www.cisalfasport.it/dw/image/v2/BBVV_PRD/on/demandware.static/-/Sites-cisalfa-master/default/dw744bf88d/cisalfa/files/S5249765-316/image_sup01/S5249765_316cl001.jpg?sw=960&sh=1200','mobile',2,'immagine2','image2',101),(107,'2023-04-05 17:40:15','2023-04-05 18:04:44','https://www.cisalfasport.it/dw/image/v2/BBVV_PRD/on/demandware.static/-/Sites-cisalfa-master/default/dwc609346e/cisalfa/files/S5249765-316/image_sup02/S5249765_316cl002.jpg?sw=960&sh=1200','mobile',3,'immagine3','image3',101),(108,'2023-04-05 17:40:16','2023-04-05 18:04:44','https://www.cisalfasport.it/dw/image/v2/BBVV_PRD/on/demandware.static/-/Sites-cisalfa-master/default/dw8cc562cc/cisalfa/files/S5249765-316/image_sup03/S5249765_316cl003.jpg?sw=960&sh=1200','mobile',4,'immagine4','image4',101),(109,'2023-04-05 17:42:45','2023-04-05 18:04:44','https://www.cisalfasport.it/dw/image/v2/BBVV_PRD/on/demandware.static/-/Sites-cisalfa-master/default/dwa58a3b0e/cisalfa/files/S5399029-04/image/S5399029_04.jpg?sw=960&sh=1200','mobile',1,'immagine1','image1',103),(110,'2023-04-05 17:42:45','2023-04-05 18:04:44','https://www.cisalfasport.it/dw/image/v2/BBVV_PRD/on/demandware.static/-/Sites-cisalfa-master/default/dw08bfed95/cisalfa/files/S5399029-04/image_sup01/S5399029_04cl001.jpg?sw=960&sh=1200','mobile',2,'immagine2','image2',103),(111,'2023-04-05 17:42:45','2023-04-05 18:04:44','https://www.cisalfasport.it/dw/image/v2/BBVV_PRD/on/demandware.static/-/Sites-cisalfa-master/default/dw08bfed95/cisalfa/files/S5399029-04/image_sup01/S5399029_04cl001.jpg?sw=960&sh=1200','mobile',3,'immagine3','image3',103),(112,'2023-04-05 17:42:45','2023-04-05 18:04:44','https://www.cisalfasport.it/dw/image/v2/BBVV_PRD/on/demandware.static/-/Sites-cisalfa-master/default/dw1b850a77/cisalfa/files/S5399029-04/image_sup03/S5399029_04cl003.jpg?sw=960&sh=1200','mobile',4,'immagine4','image4',103),(113,'2023-04-05 17:43:00','2023-04-05 18:04:44','https://www.cisalfasport.it/dw/image/v2/BBVV_PRD/on/demandware.static/-/Sites-cisalfa-master/default/dw97795c99/cisalfa/files/S4116039-02A/image/S4116039_02A.jpg?sw=960&sh=1200','mobile',1,'immagine1','image1',104),(114,'2023-04-05 17:43:00','2023-04-05 18:04:44','https://www.cisalfasport.it/dw/image/v2/BBVV_PRD/on/demandware.static/-/Sites-cisalfa-master/default/dwb12eb3f6/cisalfa/files/S4116039-02A/image_sup01/S4116039_02Acl001.jpg?sw=960&sh=1200','mobile',2,'immagine2','image2',104),(115,'2023-04-05 17:43:01','2023-04-05 18:04:44','https://www.cisalfasport.it/dw/image/v2/BBVV_PRD/on/demandware.static/-/Sites-cisalfa-master/default/dw4432b8b9/cisalfa/files/S4116039-02A/image_sup02/S4116039_02Acl002.jpg?sw=960&sh=1200','mobile',3,'immagine3','image3',104),(116,'2023-04-05 17:43:01','2023-04-05 18:04:44','https://www.cisalfasport.it/dw/image/v2/BBVV_PRD/on/demandware.static/-/Sites-cisalfa-master/default/dw8e994e71/cisalfa/files/S4116039-02A/image_sup03/S4116039_02Acl003.jpg?sw=960&sh=1200','mobile',4,'immagine4','image4',104),(117,'2023-04-05 17:43:38','2023-04-05 18:04:44','https://www.cisalfasport.it/dw/image/v2/BBVV_PRD/on/demandware.static/-/Sites-cisalfa-master/default/dw0b59d5c1/cisalfa/files/S5384830-002/image/S5384830_002.jpg?sw=1440&sh=1800','mobile',1,'immagine1','image1',105),(118,'2023-04-05 17:43:39','2023-04-05 18:04:44','https://www.cisalfasport.it/dw/image/v2/BBVV_PRD/on/demandware.static/-/Sites-cisalfa-master/default/dw013113a7/cisalfa/files/S5384830-002/image_sup01/S5384830_002cl001.jpg?sw=1440&sh=1800','mobile',2,'immagine2','image2',105),(119,'2023-04-05 17:43:39','2023-04-05 18:04:44','https://www.cisalfasport.it/dw/image/v2/BBVV_PRD/on/demandware.static/-/Sites-cisalfa-master/default/dw8f56d996/cisalfa/files/S5384830-002/image_sup02/S5384830_002cl002.jpg?sw=1440&sh=1800','mobile',3,'immagine3','image3',105),(120,'2023-04-05 17:43:39','2023-04-05 18:04:44','https://www.cisalfasport.it/dw/image/v2/BBVV_PRD/on/demandware.static/-/Sites-cisalfa-master/default/dw819b054a/cisalfa/files/S5384830-002/image_sup03/S5384830_002cl003.jpg?sw=1440&sh=1800','mobile',4,'immagine4','image4',105),(121,'2023-04-05 17:43:40','2023-04-05 18:04:44','https://www.cisalfasport.it/dw/image/v2/BBVV_PRD/on/demandware.static/-/Sites-cisalfa-master/default/dw97795c99/cisalfa/files/S4116039-02A/image/S4116039_02A.jpg?sw=960&sh=1200','mobile',1,'immagine1','image1',106),(122,'2023-04-05 17:43:41','2023-04-05 18:04:44','https://www.cisalfasport.it/dw/image/v2/BBVV_PRD/on/demandware.static/-/Sites-cisalfa-master/default/dwb12eb3f6/cisalfa/files/S4116039-02A/image_sup01/S4116039_02Acl001.jpg?sw=960&sh=1200','mobile',2,'immagine2','image2',106),(123,'2023-04-05 17:43:41','2023-04-05 18:04:44','https://www.cisalfasport.it/dw/image/v2/BBVV_PRD/on/demandware.static/-/Sites-cisalfa-master/default/dw4432b8b9/cisalfa/files/S4116039-02A/image_sup02/S4116039_02Acl002.jpg?sw=960&sh=1200','mobile',3,'immagine3','image3',106),(124,'2023-04-05 17:43:41','2023-04-05 18:04:44','https://www.cisalfasport.it/dw/image/v2/BBVV_PRD/on/demandware.static/-/Sites-cisalfa-master/default/dw8e994e71/cisalfa/files/S4116039-02A/image_sup03/S4116039_02Acl003.jpg?sw=960&sh=1200','mobile',4,'immagine4','image4',106),(125,'2023-04-05 17:44:02','2023-04-05 18:04:44','https://www.cisalfasport.it/dw/image/v2/BBVV_PRD/on/demandware.static/-/Sites-cisalfa-master/default/dwb2d8be83/cisalfa/files/S4058238-001/image/S4058238_001.jpg?sw=1440&sh=1800','mobile',1,'immagine1','image1',107),(126,'2023-04-05 17:44:02','2023-04-05 18:04:44','https://www.cisalfasport.it/dw/image/v2/BBVV_PRD/on/demandware.static/-/Sites-cisalfa-master/default/dw1cb824c8/cisalfa/files/S4058238-001/image_sup01/S4058238_001cl001.jpg?sw=1440&sh=1800','mobile',2,'immagine2','image2',107),(127,'2023-04-05 17:44:02','2023-04-05 18:04:44','https://www.cisalfasport.it/dw/image/v2/BBVV_PRD/on/demandware.static/-/Sites-cisalfa-master/default/dwb1460312/cisalfa/files/S4058238-001/image_sup02/S4058238_001cl002.jpg?sw=1440&sh=1800','mobile',3,'immagine3','image3',107),(128,'2023-04-05 17:44:02','2023-04-05 18:04:44','https://www.cisalfasport.it/dw/image/v2/BBVV_PRD/on/demandware.static/-/Sites-cisalfa-master/default/dw016e92e1/cisalfa/files/S4058238-001/image_sup03/S4058238_001cl003.jpg?sw=1440&sh=1800','mobile',4,'immagine4','image4',107),(129,'2023-04-05 17:45:18','2023-04-05 18:04:44','https://www.cisalfasport.it/dw/image/v2/BBVV_PRD/on/demandware.static/-/Sites-cisalfa-master/default/dw97795c99/cisalfa/files/S4116039-02A/image/S4116039_02A.jpg?sw=960&sh=1200','mobile',1,'immagine1','image1',108),(130,'2023-04-05 17:45:18','2023-04-05 18:04:44','https://www.cisalfasport.it/dw/image/v2/BBVV_PRD/on/demandware.static/-/Sites-cisalfa-master/default/dwb12eb3f6/cisalfa/files/S4116039-02A/image_sup01/S4116039_02Acl001.jpg?sw=960&sh=1200','mobile',2,'immagine2','image2',108),(131,'2023-04-05 17:45:19','2023-04-05 18:04:44','https://www.cisalfasport.it/dw/image/v2/BBVV_PRD/on/demandware.static/-/Sites-cisalfa-master/default/dw4432b8b9/cisalfa/files/S4116039-02A/image_sup02/S4116039_02Acl002.jpg?sw=960&sh=1200','mobile',3,'immagine3','image3',108),(132,'2023-04-05 17:45:19','2023-04-05 18:04:44','https://www.cisalfasport.it/dw/image/v2/BBVV_PRD/on/demandware.static/-/Sites-cisalfa-master/default/dw8e994e71/cisalfa/files/S4116039-02A/image_sup03/S4116039_02Acl003.jpg?sw=960&sh=1200','mobile',4,'immagine4','image4',108),(133,'2023-04-05 17:45:45','2023-04-05 18:04:44','https://www.cisalfasport.it/dw/image/v2/BBVV_PRD/on/demandware.static/-/Sites-cisalfa-master/default/dw6d8538e9/cisalfa/files/S5549719-ABIW/image/S5549719_ABIW.jpg?sw=960&sh=1200','mobile',1,'immagine1','image1',109),(134,'2023-04-05 17:45:46','2023-04-05 18:04:44','https://www.cisalfasport.it/dw/image/v2/BBVV_PRD/on/demandware.static/-/Sites-cisalfa-master/default/dw8d9960aa/cisalfa/files/S5549719-ABIW/image_sup01/S5549719_ABIWcl001.jpg?sw=960&sh=1200','mobile',2,'immagine2','image2',109),(135,'2023-04-05 17:45:46','2023-04-05 18:04:44','https://www.cisalfasport.it/dw/image/v2/BBVV_PRD/on/demandware.static/-/Sites-cisalfa-master/default/dwa2718ab9/cisalfa/files/S5549719-ABIW/image_sup02/S5549719_ABIWcl002.jpg?sw=960&sh=1200','mobile',3,'immagine3','image3',109),(136,'2023-04-05 17:45:46','2023-04-05 18:04:44','https://www.cisalfasport.it/dw/image/v2/BBVV_PRD/on/demandware.static/-/Sites-cisalfa-master/default/dw705512ed/cisalfa/files/S5549719-ABIW/image_sup03/S5549719_ABIWcl003.jpg?sw=960&sh=1200','mobile',4,'immagine4','image4',109),(137,'2023-04-05 17:55:51','2023-04-05 18:04:44','https://www.cisalfasport.it/dw/image/v2/BBVV_PRD/on/demandware.static/-/Sites-cisalfa-master/default/dw202418fe/cisalfa/files/S2012923-001/image/S2012923_001.jpg?sw=960&sh=1200','desktop',1,'immagine1','image1',110),(138,'2023-04-05 17:55:51','2023-04-05 18:04:44','https://www.cisalfasport.it/dw/image/v2/BBVV_PRD/on/demandware.static/-/Sites-cisalfa-master/default/dw86cfd833/cisalfa/files/S2012923-001/image_sup01/S2012923_001cl001.jpg?sw=960&sh=1200','desktop',1,'immagine2','image2',110),(139,'2023-04-05 17:55:51','2023-04-05 18:04:44','https://www.cisalfasport.it/dw/image/v2/BBVV_PRD/on/demandware.static/-/Sites-cisalfa-master/default/dwc6177b05/cisalfa/files/S2012923-001/image_sup04/S2012923_001cl004.jpg?sw=960&sh=1200','desktop',1,'immagine3','image3',110),(140,'2023-04-05 17:55:52','2023-04-05 18:04:44','https://www.cisalfasport.it/dw/image/v2/BBVV_PRD/on/demandware.static/-/Sites-cisalfa-master/default/dw89c255de/cisalfa/files/S2012923-001/image_sup05/S2012923_001cl005.jpg?sw=960&sh=1200','desktop',1,'immagine4','image4',110),(141,'2023-04-05 18:00:17','2023-04-05 18:04:44','https://www.cisalfasport.it/dw/image/v2/BBVV_PRD/on/demandware.static/-/Sites-cisalfa-master/default/dw48fa969c/cisalfa/files/S5273251-UNI/image/S5273251_UNI.jpg?sw=960&sh=1200','desktop',1,'immagine1','image1',111),(142,'2023-04-05 18:00:17','2023-04-05 18:04:44','https://www.cisalfasport.it/dw/image/v2/BBVV_PRD/on/demandware.static/-/Sites-cisalfa-master/default/dw0728bef9/cisalfa/files/S5273251-UNI/image_sup01/S5273251_UNIcl001.jpg?sw=960&sh=1200','desktop',1,'immagine2','image2',111),(143,'2023-04-05 18:00:18','2023-04-05 18:04:44','https://www.cisalfasport.it/dw/image/v2/BBVV_PRD/on/demandware.static/-/Sites-cisalfa-master/default/dwf1774847/cisalfa/files/S5273251-UNI/image_sup02/S5273251_UNIcl002.jpg?sw=960&sh=1200','desktop',1,'immagine3','image3',111),(144,'2023-04-05 18:00:18','2023-04-05 18:04:44','https://www.cisalfasport.it/dw/image/v2/BBVV_PRD/on/demandware.static/-/Sites-cisalfa-master/default/dw5fcb23bb/cisalfa/files/S5273251-UNI/image_sup03/S5273251_UNIcl003.jpg?sw=960&sh=1200','desktop',1,'immagine4','image4',111),(145,'2023-04-05 18:00:26','2023-04-05 18:04:44','https://www.cisalfasport.it/dw/image/v2/BBVV_PRD/on/demandware.static/-/Sites-cisalfa-master/default/dwb8acc510/cisalfa/files/S5318571-002/image/S5318571_002.jpg?sw=960&sh=1200','desktop',1,'immagine1','image1',112),(146,'2023-04-05 18:00:26','2023-04-05 18:04:44','https://www.cisalfasport.it/dw/image/v2/BBVV_PRD/on/demandware.static/-/Sites-cisalfa-master/default/dw61ad3ae5/cisalfa/files/S5318571-002/image_sup01/S5318571_002cl001.jpg?sw=960&sh=1200','desktop',1,'immagine2','image2',112),(147,'2023-04-05 18:00:26','2023-04-05 18:04:44','https://www.cisalfasport.it/dw/image/v2/BBVV_PRD/on/demandware.static/-/Sites-cisalfa-master/default/dwe17f3eb4/cisalfa/files/S5318571-002/image_sup02/S5318571_002cl002.jpg?sw=960&sh=1200','desktop',1,'immagine3','image3',112),(148,'2023-04-05 18:00:26','2023-04-05 18:04:44','https://www.cisalfasport.it/dw/image/v2/BBVV_PRD/on/demandware.static/-/Sites-cisalfa-master/default/dwa810fdf7/cisalfa/files/S5318571-002/image_sup03/S5318571_002cl003.jpg?sw=960&sh=1200','desktop',1,'immagine4','image4',112),(149,'2023-04-05 18:00:32','2023-04-05 18:04:44','https://www.cisalfasport.it/dw/image/v2/BBVV_PRD/on/demandware.static/-/Sites-cisalfa-master/default/dwe4fc2c37/cisalfa/files/S5247536-100/image/S5247536_100.jpg?sw=960&sh=1200','desktop',1,'immagine1','image1',113),(150,'2023-04-05 18:00:32','2023-04-05 18:04:44','https://www.cisalfasport.it/dw/image/v2/BBVV_PRD/on/demandware.static/-/Sites-cisalfa-master/default/dw87abb8c3/cisalfa/files/S5247536-100/image_sup01/S5247536_100cl001.jpg?sw=960&sh=1200','desktop',1,'immagine2','image2',113),(151,'2023-04-05 18:00:32','2023-04-05 18:04:44','https://www.cisalfasport.it/dw/image/v2/BBVV_PRD/on/demandware.static/-/Sites-cisalfa-master/default/dw5d4c9d15/cisalfa/files/S5247536-100/image_sup02/S5247536_100cl002.jpg?sw=960&sh=1200','desktop',1,'immagine3','image3',113),(152,'2023-04-05 18:00:33','2023-04-05 18:04:44','https://www.cisalfasport.it/dw/image/v2/BBVV_PRD/on/demandware.static/-/Sites-cisalfa-master/default/dweb565ec2/cisalfa/files/S5247536-100/image_sup03/S5247536_100cl003.jpg?sw=960&sh=1200','desktop',1,'immagine4','image4',113),(153,'2023-04-05 18:05:35','2023-05-15 07:43:39','https://www.cisalfasport.it/dw/image/v2/BBVV_PRD/on/demandware.static/-/Sites-cisalfa-master/default/dw3a001eef/cisalfa/files/S5249765-316/image/S5249765_316.jpg?sw=960&sh=1200','mobile',1,'immagine1','image1',114),(154,'2023-04-05 18:05:35','2023-05-15 07:43:39','https://www.cisalfasport.it/dw/image/v2/BBVV_PRD/on/demandware.static/-/Sites-cisalfa-master/default/dw744bf88d/cisalfa/files/S5249765-316/image_sup01/S5249765_316cl001.jpg?sw=960&sh=1200','mobile',2,'immagine2','image2',114),(155,'2023-04-05 18:05:36','2023-05-15 07:43:40','https://www.cisalfasport.it/dw/image/v2/BBVV_PRD/on/demandware.static/-/Sites-cisalfa-master/default/dwc609346e/cisalfa/files/S5249765-316/image_sup02/S5249765_316cl002.jpg?sw=960&sh=1200','mobile',3,'immagine3','image3',114),(156,'2023-04-05 18:05:36','2023-05-15 07:43:40','https://www.cisalfasport.it/dw/image/v2/BBVV_PRD/on/demandware.static/-/Sites-cisalfa-master/default/dw8cc562cc/cisalfa/files/S5249765-316/image_sup03/S5249765_316cl003.jpg?sw=960&sh=1200','mobile',4,'immagine4','image4',114),(157,'2023-04-05 18:05:43',NULL,'https://www.cisalfasport.it/dw/image/v2/BBVV_PRD/on/demandware.static/-/Sites-cisalfa-master/default/dwa58a3b0e/cisalfa/files/S5399029-04/image/S5399029_04.jpg?sw=960&sh=1200','mobile',1,'immagine1','image1',115),(158,'2023-04-05 18:05:43',NULL,'https://www.cisalfasport.it/dw/image/v2/BBVV_PRD/on/demandware.static/-/Sites-cisalfa-master/default/dw08bfed95/cisalfa/files/S5399029-04/image_sup01/S5399029_04cl001.jpg?sw=960&sh=1200','mobile',2,'immagine2','image2',115),(159,'2023-04-05 18:05:43',NULL,'https://www.cisalfasport.it/dw/image/v2/BBVV_PRD/on/demandware.static/-/Sites-cisalfa-master/default/dw08bfed95/cisalfa/files/S5399029-04/image_sup01/S5399029_04cl001.jpg?sw=960&sh=1200','mobile',3,'immagine3','image3',115),(160,'2023-04-05 18:05:44',NULL,'https://www.cisalfasport.it/dw/image/v2/BBVV_PRD/on/demandware.static/-/Sites-cisalfa-master/default/dw1b850a77/cisalfa/files/S5399029-04/image_sup03/S5399029_04cl003.jpg?sw=960&sh=1200','mobile',4,'immagine4','image4',115),(161,'2023-04-05 18:05:51',NULL,'https://www.cisalfasport.it/dw/image/v2/BBVV_PRD/on/demandware.static/-/Sites-cisalfa-master/default/dw0b59d5c1/cisalfa/files/S5384830-002/image/S5384830_002.jpg?sw=1440&sh=1800','mobile',1,'immagine1','image1',116),(162,'2023-04-05 18:05:51',NULL,'https://www.cisalfasport.it/dw/image/v2/BBVV_PRD/on/demandware.static/-/Sites-cisalfa-master/default/dw013113a7/cisalfa/files/S5384830-002/image_sup01/S5384830_002cl001.jpg?sw=1440&sh=1800','mobile',2,'immagine2','image2',116),(163,'2023-04-05 18:05:52',NULL,'https://www.cisalfasport.it/dw/image/v2/BBVV_PRD/on/demandware.static/-/Sites-cisalfa-master/default/dw8f56d996/cisalfa/files/S5384830-002/image_sup02/S5384830_002cl002.jpg?sw=1440&sh=1800','mobile',3,'immagine3','image3',116),(164,'2023-04-05 18:05:52',NULL,'https://www.cisalfasport.it/dw/image/v2/BBVV_PRD/on/demandware.static/-/Sites-cisalfa-master/default/dw819b054a/cisalfa/files/S5384830-002/image_sup03/S5384830_002cl003.jpg?sw=1440&sh=1800','mobile',4,'immagine4','image4',116),(165,'2023-04-05 18:06:00',NULL,'https://www.cisalfasport.it/dw/image/v2/BBVV_PRD/on/demandware.static/-/Sites-cisalfa-master/default/dwb2d8be83/cisalfa/files/S4058238-001/image/S4058238_001.jpg?sw=1440&sh=1800','mobile',1,'immagine1','image1',117),(166,'2023-04-05 18:06:00',NULL,'https://www.cisalfasport.it/dw/image/v2/BBVV_PRD/on/demandware.static/-/Sites-cisalfa-master/default/dw1cb824c8/cisalfa/files/S4058238-001/image_sup01/S4058238_001cl001.jpg?sw=1440&sh=1800','mobile',2,'immagine2','image2',117),(167,'2023-04-05 18:06:00',NULL,'https://www.cisalfasport.it/dw/image/v2/BBVV_PRD/on/demandware.static/-/Sites-cisalfa-master/default/dwb1460312/cisalfa/files/S4058238-001/image_sup02/S4058238_001cl002.jpg?sw=1440&sh=1800','mobile',3,'immagine3','image3',117),(168,'2023-04-05 18:06:01',NULL,'https://www.cisalfasport.it/dw/image/v2/BBVV_PRD/on/demandware.static/-/Sites-cisalfa-master/default/dw016e92e1/cisalfa/files/S4058238-001/image_sup03/S4058238_001cl003.jpg?sw=1440&sh=1800','mobile',4,'immagine4','image4',117),(169,'2023-04-05 18:06:08',NULL,'https://www.cisalfasport.it/dw/image/v2/BBVV_PRD/on/demandware.static/-/Sites-cisalfa-master/default/dw97795c99/cisalfa/files/S4116039-02A/image/S4116039_02A.jpg?sw=960&sh=1200','mobile',1,'immagine1','image1',118),(170,'2023-04-05 18:06:09',NULL,'https://www.cisalfasport.it/dw/image/v2/BBVV_PRD/on/demandware.static/-/Sites-cisalfa-master/default/dwb12eb3f6/cisalfa/files/S4116039-02A/image_sup01/S4116039_02Acl001.jpg?sw=960&sh=1200','mobile',2,'immagine2','image2',118),(171,'2023-04-05 18:06:09',NULL,'https://www.cisalfasport.it/dw/image/v2/BBVV_PRD/on/demandware.static/-/Sites-cisalfa-master/default/dw4432b8b9/cisalfa/files/S4116039-02A/image_sup02/S4116039_02Acl002.jpg?sw=960&sh=1200','mobile',3,'immagine3','image3',118),(172,'2023-04-05 18:06:09',NULL,'https://www.cisalfasport.it/dw/image/v2/BBVV_PRD/on/demandware.static/-/Sites-cisalfa-master/default/dw8e994e71/cisalfa/files/S4116039-02A/image_sup03/S4116039_02Acl003.jpg?sw=960&sh=1200','mobile',4,'immagine4','image4',118),(173,'2023-04-05 18:06:17',NULL,'https://www.cisalfasport.it/dw/image/v2/BBVV_PRD/on/demandware.static/-/Sites-cisalfa-master/default/dw6d8538e9/cisalfa/files/S5549719-ABIW/image/S5549719_ABIW.jpg?sw=960&sh=1200','mobile',1,'immagine1','image1',119),(174,'2023-04-05 18:06:17',NULL,'https://www.cisalfasport.it/dw/image/v2/BBVV_PRD/on/demandware.static/-/Sites-cisalfa-master/default/dw8d9960aa/cisalfa/files/S5549719-ABIW/image_sup01/S5549719_ABIWcl001.jpg?sw=960&sh=1200','mobile',2,'immagine2','image2',119),(175,'2023-04-05 18:06:17',NULL,'https://www.cisalfasport.it/dw/image/v2/BBVV_PRD/on/demandware.static/-/Sites-cisalfa-master/default/dwa2718ab9/cisalfa/files/S5549719-ABIW/image_sup02/S5549719_ABIWcl002.jpg?sw=960&sh=1200','mobile',3,'immagine3','image3',119),(176,'2023-04-05 18:06:18',NULL,'https://www.cisalfasport.it/dw/image/v2/BBVV_PRD/on/demandware.static/-/Sites-cisalfa-master/default/dw705512ed/cisalfa/files/S5549719-ABIW/image_sup03/S5549719_ABIWcl003.jpg?sw=960&sh=1200','mobile',4,'immagine4','image4',119),(177,'2023-04-05 18:06:25','2023-04-05 21:12:06','https://www.cisalfasport.it/dw/image/v2/BBVV_PRD/on/demandware.static/-/Sites-cisalfa-master/default/dw202418fe/cisalfa/files/S2012923-001/image/S2012923_001.jpg?sw=960&sh=1200','desktop',1,'immagine1','image1',120),(178,'2023-04-05 18:06:25','2023-04-05 21:12:06','https://www.cisalfasport.it/dw/image/v2/BBVV_PRD/on/demandware.static/-/Sites-cisalfa-master/default/dw86cfd833/cisalfa/files/S2012923-001/image_sup01/S2012923_001cl001.jpg?sw=960&sh=1200','desktop',1,'immagine2','image2',120),(179,'2023-04-05 18:06:26','2023-04-05 21:12:06','https://www.cisalfasport.it/dw/image/v2/BBVV_PRD/on/demandware.static/-/Sites-cisalfa-master/default/dwc6177b05/cisalfa/files/S2012923-001/image_sup04/S2012923_001cl004.jpg?sw=960&sh=1200','desktop',1,'immagine3','image3',120),(180,'2023-04-05 18:06:26','2023-04-05 21:12:06','https://www.cisalfasport.it/dw/image/v2/BBVV_PRD/on/demandware.static/-/Sites-cisalfa-master/default/dw89c255de/cisalfa/files/S2012923-001/image_sup05/S2012923_001cl005.jpg?sw=960&sh=1200','desktop',1,'immagine4','image4',120),(181,'2023-04-05 18:06:32',NULL,'https://www.cisalfasport.it/dw/image/v2/BBVV_PRD/on/demandware.static/-/Sites-cisalfa-master/default/dw48fa969c/cisalfa/files/S5273251-UNI/image/S5273251_UNI.jpg?sw=960&sh=1200','desktop',1,'immagine1','image1',121),(182,'2023-04-05 18:06:32',NULL,'https://www.cisalfasport.it/dw/image/v2/BBVV_PRD/on/demandware.static/-/Sites-cisalfa-master/default/dw0728bef9/cisalfa/files/S5273251-UNI/image_sup01/S5273251_UNIcl001.jpg?sw=960&sh=1200','desktop',1,'immagine2','image2',121),(183,'2023-04-05 18:06:32',NULL,'https://www.cisalfasport.it/dw/image/v2/BBVV_PRD/on/demandware.static/-/Sites-cisalfa-master/default/dwf1774847/cisalfa/files/S5273251-UNI/image_sup02/S5273251_UNIcl002.jpg?sw=960&sh=1200','desktop',1,'immagine3','image3',121),(184,'2023-04-05 18:06:32',NULL,'https://www.cisalfasport.it/dw/image/v2/BBVV_PRD/on/demandware.static/-/Sites-cisalfa-master/default/dw5fcb23bb/cisalfa/files/S5273251-UNI/image_sup03/S5273251_UNIcl003.jpg?sw=960&sh=1200','desktop',1,'immagine4','image4',121),(185,'2023-04-05 18:06:40',NULL,'https://www.cisalfasport.it/dw/image/v2/BBVV_PRD/on/demandware.static/-/Sites-cisalfa-master/default/dwb8acc510/cisalfa/files/S5318571-002/image/S5318571_002.jpg?sw=960&sh=1200','desktop',1,'immagine1','image1',122),(186,'2023-04-05 18:06:40',NULL,'https://www.cisalfasport.it/dw/image/v2/BBVV_PRD/on/demandware.static/-/Sites-cisalfa-master/default/dw61ad3ae5/cisalfa/files/S5318571-002/image_sup01/S5318571_002cl001.jpg?sw=960&sh=1200','desktop',1,'immagine2','image2',122),(187,'2023-04-05 18:06:40',NULL,'https://www.cisalfasport.it/dw/image/v2/BBVV_PRD/on/demandware.static/-/Sites-cisalfa-master/default/dwe17f3eb4/cisalfa/files/S5318571-002/image_sup02/S5318571_002cl002.jpg?sw=960&sh=1200','desktop',1,'immagine3','image3',122),(188,'2023-04-05 18:06:41',NULL,'https://www.cisalfasport.it/dw/image/v2/BBVV_PRD/on/demandware.static/-/Sites-cisalfa-master/default/dwa810fdf7/cisalfa/files/S5318571-002/image_sup03/S5318571_002cl003.jpg?sw=960&sh=1200','desktop',1,'immagine4','image4',122),(189,'2023-04-05 18:06:47','2023-04-06 07:20:11','https://www.cisalfasport.it/dw/image/v2/BBVV_PRD/on/demandware.static/-/Sites-cisalfa-master/default/dwe4fc2c37/cisalfa/files/S5247536-100/image/S5247536_100.jpg?sw=960&sh=1200','desktop',1,'immagine1','image1',123),(190,'2023-04-05 18:06:47','2023-04-06 07:20:11','https://www.cisalfasport.it/dw/image/v2/BBVV_PRD/on/demandware.static/-/Sites-cisalfa-master/default/dw87abb8c3/cisalfa/files/S5247536-100/image_sup01/S5247536_100cl001.jpg?sw=960&sh=1200','desktop',1,'immagine2','image2',123),(191,'2023-04-05 18:06:48','2023-04-06 07:20:11','https://www.cisalfasport.it/dw/image/v2/BBVV_PRD/on/demandware.static/-/Sites-cisalfa-master/default/dw5d4c9d15/cisalfa/files/S5247536-100/image_sup02/S5247536_100cl002.jpg?sw=960&sh=1200','desktop',1,'immagine3','image3',123),(192,'2023-04-05 18:06:49','2023-04-06 07:20:11','https://www.cisalfasport.it/dw/image/v2/BBVV_PRD/on/demandware.static/-/Sites-cisalfa-master/default/dweb565ec2/cisalfa/files/S5247536-100/image_sup03/S5247536_100cl003.jpg?sw=960&sh=1200','desktop',1,'immagine4','image4',123),(193,'2023-04-05 18:18:58',NULL,'https://www.cisalfasport.it/dw/image/v2/BBVV_PRD/on/demandware.static/-/Sites-cisalfa-master/default/dw3a001eef/cisalfa/files/S5249765-316/image/S5249765_316.jpg?sw=960&sh=1200','mobile',1,'immagine1','image1',124),(194,'2023-04-05 18:18:58',NULL,'https://www.cisalfasport.it/dw/image/v2/BBVV_PRD/on/demandware.static/-/Sites-cisalfa-master/default/dw744bf88d/cisalfa/files/S5249765-316/image_sup01/S5249765_316cl001.jpg?sw=960&sh=1200','mobile',2,'immagine2','image2',124),(195,'2023-04-05 18:18:59',NULL,'https://www.cisalfasport.it/dw/image/v2/BBVV_PRD/on/demandware.static/-/Sites-cisalfa-master/default/dwc609346e/cisalfa/files/S5249765-316/image_sup02/S5249765_316cl002.jpg?sw=960&sh=1200','mobile',3,'immagine3','image3',124),(196,'2023-04-05 18:18:59',NULL,'https://www.cisalfasport.it/dw/image/v2/BBVV_PRD/on/demandware.static/-/Sites-cisalfa-master/default/dw8cc562cc/cisalfa/files/S5249765-316/image_sup03/S5249765_316cl003.jpg?sw=960&sh=1200','mobile',4,'immagine4','image4',124),(197,'2023-04-05 18:19:02',NULL,'https://www.cisalfasport.it/dw/image/v2/BBVV_PRD/on/demandware.static/-/Sites-cisalfa-master/default/dwa58a3b0e/cisalfa/files/S5399029-04/image/S5399029_04.jpg?sw=960&sh=1200','mobile',1,'immagine1','image1',125),(198,'2023-04-05 18:19:02',NULL,'https://www.cisalfasport.it/dw/image/v2/BBVV_PRD/on/demandware.static/-/Sites-cisalfa-master/default/dw08bfed95/cisalfa/files/S5399029-04/image_sup01/S5399029_04cl001.jpg?sw=960&sh=1200','mobile',2,'immagine2','image2',125),(199,'2023-04-05 18:19:02',NULL,'https://www.cisalfasport.it/dw/image/v2/BBVV_PRD/on/demandware.static/-/Sites-cisalfa-master/default/dw08bfed95/cisalfa/files/S5399029-04/image_sup01/S5399029_04cl001.jpg?sw=960&sh=1200','mobile',3,'immagine3','image3',125),(200,'2023-04-05 18:19:02',NULL,'https://www.cisalfasport.it/dw/image/v2/BBVV_PRD/on/demandware.static/-/Sites-cisalfa-master/default/dw1b850a77/cisalfa/files/S5399029-04/image_sup03/S5399029_04cl003.jpg?sw=960&sh=1200','mobile',4,'immagine4','image4',125),(201,'2023-04-05 18:19:06',NULL,'https://www.cisalfasport.it/dw/image/v2/BBVV_PRD/on/demandware.static/-/Sites-cisalfa-master/default/dw0b59d5c1/cisalfa/files/S5384830-002/image/S5384830_002.jpg?sw=1440&sh=1800','mobile',1,'immagine1','image1',126),(202,'2023-04-05 18:19:06',NULL,'https://www.cisalfasport.it/dw/image/v2/BBVV_PRD/on/demandware.static/-/Sites-cisalfa-master/default/dw013113a7/cisalfa/files/S5384830-002/image_sup01/S5384830_002cl001.jpg?sw=1440&sh=1800','mobile',2,'immagine2','image2',126),(203,'2023-04-05 18:19:07',NULL,'https://www.cisalfasport.it/dw/image/v2/BBVV_PRD/on/demandware.static/-/Sites-cisalfa-master/default/dw8f56d996/cisalfa/files/S5384830-002/image_sup02/S5384830_002cl002.jpg?sw=1440&sh=1800','mobile',3,'immagine3','image3',126),(204,'2023-04-05 18:19:07',NULL,'https://www.cisalfasport.it/dw/image/v2/BBVV_PRD/on/demandware.static/-/Sites-cisalfa-master/default/dw819b054a/cisalfa/files/S5384830-002/image_sup03/S5384830_002cl003.jpg?sw=1440&sh=1800','mobile',4,'immagine4','image4',126),(205,'2023-04-05 18:19:10',NULL,'https://www.cisalfasport.it/dw/image/v2/BBVV_PRD/on/demandware.static/-/Sites-cisalfa-master/default/dwb2d8be83/cisalfa/files/S4058238-001/image/S4058238_001.jpg?sw=1440&sh=1800','mobile',1,'immagine1','image1',127),(206,'2023-04-05 18:19:10',NULL,'https://www.cisalfasport.it/dw/image/v2/BBVV_PRD/on/demandware.static/-/Sites-cisalfa-master/default/dw1cb824c8/cisalfa/files/S4058238-001/image_sup01/S4058238_001cl001.jpg?sw=1440&sh=1800','mobile',2,'immagine2','image2',127),(207,'2023-04-05 18:19:10',NULL,'https://www.cisalfasport.it/dw/image/v2/BBVV_PRD/on/demandware.static/-/Sites-cisalfa-master/default/dwb1460312/cisalfa/files/S4058238-001/image_sup02/S4058238_001cl002.jpg?sw=1440&sh=1800','mobile',3,'immagine3','image3',127),(208,'2023-04-05 18:19:11',NULL,'https://www.cisalfasport.it/dw/image/v2/BBVV_PRD/on/demandware.static/-/Sites-cisalfa-master/default/dw016e92e1/cisalfa/files/S4058238-001/image_sup03/S4058238_001cl003.jpg?sw=1440&sh=1800','mobile',4,'immagine4','image4',127),(209,'2023-04-05 18:19:14',NULL,'https://www.cisalfasport.it/dw/image/v2/BBVV_PRD/on/demandware.static/-/Sites-cisalfa-master/default/dw97795c99/cisalfa/files/S4116039-02A/image/S4116039_02A.jpg?sw=960&sh=1200','mobile',1,'immagine1','image1',128),(210,'2023-04-05 18:19:14',NULL,'https://www.cisalfasport.it/dw/image/v2/BBVV_PRD/on/demandware.static/-/Sites-cisalfa-master/default/dwb12eb3f6/cisalfa/files/S4116039-02A/image_sup01/S4116039_02Acl001.jpg?sw=960&sh=1200','mobile',2,'immagine2','image2',128),(211,'2023-04-05 18:19:14',NULL,'https://www.cisalfasport.it/dw/image/v2/BBVV_PRD/on/demandware.static/-/Sites-cisalfa-master/default/dw4432b8b9/cisalfa/files/S4116039-02A/image_sup02/S4116039_02Acl002.jpg?sw=960&sh=1200','mobile',3,'immagine3','image3',128),(212,'2023-04-05 18:19:14',NULL,'https://www.cisalfasport.it/dw/image/v2/BBVV_PRD/on/demandware.static/-/Sites-cisalfa-master/default/dw8e994e71/cisalfa/files/S4116039-02A/image_sup03/S4116039_02Acl003.jpg?sw=960&sh=1200','mobile',4,'immagine4','image4',128),(213,'2023-04-05 18:19:18',NULL,'https://www.cisalfasport.it/dw/image/v2/BBVV_PRD/on/demandware.static/-/Sites-cisalfa-master/default/dw6d8538e9/cisalfa/files/S5549719-ABIW/image/S5549719_ABIW.jpg?sw=960&sh=1200','mobile',1,'immagine1','image1',129),(214,'2023-04-05 18:19:18',NULL,'https://www.cisalfasport.it/dw/image/v2/BBVV_PRD/on/demandware.static/-/Sites-cisalfa-master/default/dw8d9960aa/cisalfa/files/S5549719-ABIW/image_sup01/S5549719_ABIWcl001.jpg?sw=960&sh=1200','mobile',2,'immagine2','image2',129),(215,'2023-04-05 18:19:18',NULL,'https://www.cisalfasport.it/dw/image/v2/BBVV_PRD/on/demandware.static/-/Sites-cisalfa-master/default/dwa2718ab9/cisalfa/files/S5549719-ABIW/image_sup02/S5549719_ABIWcl002.jpg?sw=960&sh=1200','mobile',3,'immagine3','image3',129),(216,'2023-04-05 18:19:19',NULL,'https://www.cisalfasport.it/dw/image/v2/BBVV_PRD/on/demandware.static/-/Sites-cisalfa-master/default/dw705512ed/cisalfa/files/S5549719-ABIW/image_sup03/S5549719_ABIWcl003.jpg?sw=960&sh=1200','mobile',4,'immagine4','image4',129),(217,'2023-04-05 18:19:22',NULL,'https://www.cisalfasport.it/dw/image/v2/BBVV_PRD/on/demandware.static/-/Sites-cisalfa-master/default/dw202418fe/cisalfa/files/S2012923-001/image/S2012923_001.jpg?sw=960&sh=1200','desktop',1,'immagine1','image1',130),(218,'2023-04-05 18:19:23',NULL,'https://www.cisalfasport.it/dw/image/v2/BBVV_PRD/on/demandware.static/-/Sites-cisalfa-master/default/dw86cfd833/cisalfa/files/S2012923-001/image_sup01/S2012923_001cl001.jpg?sw=960&sh=1200','desktop',1,'immagine2','image2',130),(219,'2023-04-05 18:19:23',NULL,'https://www.cisalfasport.it/dw/image/v2/BBVV_PRD/on/demandware.static/-/Sites-cisalfa-master/default/dwc6177b05/cisalfa/files/S2012923-001/image_sup04/S2012923_001cl004.jpg?sw=960&sh=1200','desktop',1,'immagine3','image3',130),(220,'2023-04-05 18:19:23',NULL,'https://www.cisalfasport.it/dw/image/v2/BBVV_PRD/on/demandware.static/-/Sites-cisalfa-master/default/dw89c255de/cisalfa/files/S2012923-001/image_sup05/S2012923_001cl005.jpg?sw=960&sh=1200','desktop',1,'immagine4','image4',130),(221,'2023-04-05 18:19:25',NULL,'https://www.cisalfasport.it/dw/image/v2/BBVV_PRD/on/demandware.static/-/Sites-cisalfa-master/default/dw48fa969c/cisalfa/files/S5273251-UNI/image/S5273251_UNI.jpg?sw=960&sh=1200','desktop',1,'immagine1','image1',131),(222,'2023-04-05 18:19:25',NULL,'https://www.cisalfasport.it/dw/image/v2/BBVV_PRD/on/demandware.static/-/Sites-cisalfa-master/default/dw0728bef9/cisalfa/files/S5273251-UNI/image_sup01/S5273251_UNIcl001.jpg?sw=960&sh=1200','desktop',1,'immagine2','image2',131),(223,'2023-04-05 18:19:26',NULL,'https://www.cisalfasport.it/dw/image/v2/BBVV_PRD/on/demandware.static/-/Sites-cisalfa-master/default/dwf1774847/cisalfa/files/S5273251-UNI/image_sup02/S5273251_UNIcl002.jpg?sw=960&sh=1200','desktop',1,'immagine3','image3',131),(224,'2023-04-05 18:19:26',NULL,'https://www.cisalfasport.it/dw/image/v2/BBVV_PRD/on/demandware.static/-/Sites-cisalfa-master/default/dw5fcb23bb/cisalfa/files/S5273251-UNI/image_sup03/S5273251_UNIcl003.jpg?sw=960&sh=1200','desktop',1,'immagine4','image4',131),(225,'2023-04-05 18:19:29',NULL,'https://www.cisalfasport.it/dw/image/v2/BBVV_PRD/on/demandware.static/-/Sites-cisalfa-master/default/dwb8acc510/cisalfa/files/S5318571-002/image/S5318571_002.jpg?sw=960&sh=1200','desktop',1,'immagine1','image1',132),(226,'2023-04-05 18:19:29',NULL,'https://www.cisalfasport.it/dw/image/v2/BBVV_PRD/on/demandware.static/-/Sites-cisalfa-master/default/dw61ad3ae5/cisalfa/files/S5318571-002/image_sup01/S5318571_002cl001.jpg?sw=960&sh=1200','desktop',1,'immagine2','image2',132),(227,'2023-04-05 18:19:30',NULL,'https://www.cisalfasport.it/dw/image/v2/BBVV_PRD/on/demandware.static/-/Sites-cisalfa-master/default/dwe17f3eb4/cisalfa/files/S5318571-002/image_sup02/S5318571_002cl002.jpg?sw=960&sh=1200','desktop',1,'immagine3','image3',132),(228,'2023-04-05 18:19:30',NULL,'https://www.cisalfasport.it/dw/image/v2/BBVV_PRD/on/demandware.static/-/Sites-cisalfa-master/default/dwa810fdf7/cisalfa/files/S5318571-002/image_sup03/S5318571_002cl003.jpg?sw=960&sh=1200','desktop',1,'immagine4','image4',132),(229,'2023-04-05 18:19:32',NULL,'https://www.cisalfasport.it/dw/image/v2/BBVV_PRD/on/demandware.static/-/Sites-cisalfa-master/default/dwe4fc2c37/cisalfa/files/S5247536-100/image/S5247536_100.jpg?sw=960&sh=1200','desktop',1,'immagine1','image1',133),(230,'2023-04-05 18:19:32',NULL,'https://www.cisalfasport.it/dw/image/v2/BBVV_PRD/on/demandware.static/-/Sites-cisalfa-master/default/dw87abb8c3/cisalfa/files/S5247536-100/image_sup01/S5247536_100cl001.jpg?sw=960&sh=1200','desktop',1,'immagine2','image2',133),(231,'2023-04-05 18:19:33',NULL,'https://www.cisalfasport.it/dw/image/v2/BBVV_PRD/on/demandware.static/-/Sites-cisalfa-master/default/dw5d4c9d15/cisalfa/files/S5247536-100/image_sup02/S5247536_100cl002.jpg?sw=960&sh=1200','desktop',1,'immagine3','image3',133),(232,'2023-04-05 18:19:33',NULL,'https://www.cisalfasport.it/dw/image/v2/BBVV_PRD/on/demandware.static/-/Sites-cisalfa-master/default/dweb565ec2/cisalfa/files/S5247536-100/image_sup03/S5247536_100cl003.jpg?sw=960&sh=1200','desktop',1,'immagine4','image4',133),(233,'2023-04-05 18:19:35',NULL,'https://www.cisalfasport.it/dw/image/v2/BBVV_PRD/on/demandware.static/-/Sites-cisalfa-master/default/dw3a001eef/cisalfa/files/S5249765-316/image/S5249765_316.jpg?sw=960&sh=1200','mobile',1,'immagine1','image1',134),(234,'2023-04-05 18:19:36',NULL,'https://www.cisalfasport.it/dw/image/v2/BBVV_PRD/on/demandware.static/-/Sites-cisalfa-master/default/dw744bf88d/cisalfa/files/S5249765-316/image_sup01/S5249765_316cl001.jpg?sw=960&sh=1200','mobile',2,'immagine2','image2',134),(235,'2023-04-05 18:19:36',NULL,'https://www.cisalfasport.it/dw/image/v2/BBVV_PRD/on/demandware.static/-/Sites-cisalfa-master/default/dwc609346e/cisalfa/files/S5249765-316/image_sup02/S5249765_316cl002.jpg?sw=960&sh=1200','mobile',3,'immagine3','image3',134),(236,'2023-04-05 18:19:36',NULL,'https://www.cisalfasport.it/dw/image/v2/BBVV_PRD/on/demandware.static/-/Sites-cisalfa-master/default/dw8cc562cc/cisalfa/files/S5249765-316/image_sup03/S5249765_316cl003.jpg?sw=960&sh=1200','mobile',4,'immagine4','image4',134),(237,'2023-04-05 18:19:38',NULL,'https://www.cisalfasport.it/dw/image/v2/BBVV_PRD/on/demandware.static/-/Sites-cisalfa-master/default/dwa58a3b0e/cisalfa/files/S5399029-04/image/S5399029_04.jpg?sw=960&sh=1200','mobile',1,'immagine1','image1',135),(238,'2023-04-05 18:19:39',NULL,'https://www.cisalfasport.it/dw/image/v2/BBVV_PRD/on/demandware.static/-/Sites-cisalfa-master/default/dw08bfed95/cisalfa/files/S5399029-04/image_sup01/S5399029_04cl001.jpg?sw=960&sh=1200','mobile',2,'immagine2','image2',135),(239,'2023-04-05 18:19:39',NULL,'https://www.cisalfasport.it/dw/image/v2/BBVV_PRD/on/demandware.static/-/Sites-cisalfa-master/default/dw08bfed95/cisalfa/files/S5399029-04/image_sup01/S5399029_04cl001.jpg?sw=960&sh=1200','mobile',3,'immagine3','image3',135),(240,'2023-04-05 18:19:39',NULL,'https://www.cisalfasport.it/dw/image/v2/BBVV_PRD/on/demandware.static/-/Sites-cisalfa-master/default/dw1b850a77/cisalfa/files/S5399029-04/image_sup03/S5399029_04cl003.jpg?sw=960&sh=1200','mobile',4,'immagine4','image4',135),(241,'2023-04-05 18:19:42',NULL,'https://www.cisalfasport.it/dw/image/v2/BBVV_PRD/on/demandware.static/-/Sites-cisalfa-master/default/dw0b59d5c1/cisalfa/files/S5384830-002/image/S5384830_002.jpg?sw=1440&sh=1800','mobile',1,'immagine1','image1',136),(242,'2023-04-05 18:19:42',NULL,'https://www.cisalfasport.it/dw/image/v2/BBVV_PRD/on/demandware.static/-/Sites-cisalfa-master/default/dw013113a7/cisalfa/files/S5384830-002/image_sup01/S5384830_002cl001.jpg?sw=1440&sh=1800','mobile',2,'immagine2','image2',136),(243,'2023-04-05 18:19:43',NULL,'https://www.cisalfasport.it/dw/image/v2/BBVV_PRD/on/demandware.static/-/Sites-cisalfa-master/default/dw8f56d996/cisalfa/files/S5384830-002/image_sup02/S5384830_002cl002.jpg?sw=1440&sh=1800','mobile',3,'immagine3','image3',136),(244,'2023-04-05 18:19:43',NULL,'https://www.cisalfasport.it/dw/image/v2/BBVV_PRD/on/demandware.static/-/Sites-cisalfa-master/default/dw819b054a/cisalfa/files/S5384830-002/image_sup03/S5384830_002cl003.jpg?sw=1440&sh=1800','mobile',4,'immagine4','image4',136),(245,'2023-04-05 18:19:46',NULL,'https://www.cisalfasport.it/dw/image/v2/BBVV_PRD/on/demandware.static/-/Sites-cisalfa-master/default/dwb2d8be83/cisalfa/files/S4058238-001/image/S4058238_001.jpg?sw=1440&sh=1800','mobile',1,'immagine1','image1',137),(246,'2023-04-05 18:19:46',NULL,'https://www.cisalfasport.it/dw/image/v2/BBVV_PRD/on/demandware.static/-/Sites-cisalfa-master/default/dw1cb824c8/cisalfa/files/S4058238-001/image_sup01/S4058238_001cl001.jpg?sw=1440&sh=1800','mobile',2,'immagine2','image2',137),(247,'2023-04-05 18:19:47',NULL,'https://www.cisalfasport.it/dw/image/v2/BBVV_PRD/on/demandware.static/-/Sites-cisalfa-master/default/dwb1460312/cisalfa/files/S4058238-001/image_sup02/S4058238_001cl002.jpg?sw=1440&sh=1800','mobile',3,'immagine3','image3',137),(248,'2023-04-05 18:19:47',NULL,'https://www.cisalfasport.it/dw/image/v2/BBVV_PRD/on/demandware.static/-/Sites-cisalfa-master/default/dw016e92e1/cisalfa/files/S4058238-001/image_sup03/S4058238_001cl003.jpg?sw=1440&sh=1800','mobile',4,'immagine4','image4',137),(249,'2023-04-05 18:19:50',NULL,'https://www.cisalfasport.it/dw/image/v2/BBVV_PRD/on/demandware.static/-/Sites-cisalfa-master/default/dw97795c99/cisalfa/files/S4116039-02A/image/S4116039_02A.jpg?sw=960&sh=1200','mobile',1,'immagine1','image1',138),(250,'2023-04-05 18:19:50',NULL,'https://www.cisalfasport.it/dw/image/v2/BBVV_PRD/on/demandware.static/-/Sites-cisalfa-master/default/dwb12eb3f6/cisalfa/files/S4116039-02A/image_sup01/S4116039_02Acl001.jpg?sw=960&sh=1200','mobile',2,'immagine2','image2',138),(251,'2023-04-05 18:19:51',NULL,'https://www.cisalfasport.it/dw/image/v2/BBVV_PRD/on/demandware.static/-/Sites-cisalfa-master/default/dw4432b8b9/cisalfa/files/S4116039-02A/image_sup02/S4116039_02Acl002.jpg?sw=960&sh=1200','mobile',3,'immagine3','image3',138),(252,'2023-04-05 18:19:51',NULL,'https://www.cisalfasport.it/dw/image/v2/BBVV_PRD/on/demandware.static/-/Sites-cisalfa-master/default/dw8e994e71/cisalfa/files/S4116039-02A/image_sup03/S4116039_02Acl003.jpg?sw=960&sh=1200','mobile',4,'immagine4','image4',138),(253,'2023-04-05 18:19:55',NULL,'https://www.cisalfasport.it/dw/image/v2/BBVV_PRD/on/demandware.static/-/Sites-cisalfa-master/default/dw6d8538e9/cisalfa/files/S5549719-ABIW/image/S5549719_ABIW.jpg?sw=960&sh=1200','mobile',1,'immagine1','image1',139),(254,'2023-04-05 18:19:55',NULL,'https://www.cisalfasport.it/dw/image/v2/BBVV_PRD/on/demandware.static/-/Sites-cisalfa-master/default/dw8d9960aa/cisalfa/files/S5549719-ABIW/image_sup01/S5549719_ABIWcl001.jpg?sw=960&sh=1200','mobile',2,'immagine2','image2',139),(255,'2023-04-05 18:19:56',NULL,'https://www.cisalfasport.it/dw/image/v2/BBVV_PRD/on/demandware.static/-/Sites-cisalfa-master/default/dwa2718ab9/cisalfa/files/S5549719-ABIW/image_sup02/S5549719_ABIWcl002.jpg?sw=960&sh=1200','mobile',3,'immagine3','image3',139),(256,'2023-04-05 18:19:56',NULL,'https://www.cisalfasport.it/dw/image/v2/BBVV_PRD/on/demandware.static/-/Sites-cisalfa-master/default/dw705512ed/cisalfa/files/S5549719-ABIW/image_sup03/S5549719_ABIWcl003.jpg?sw=960&sh=1200','mobile',4,'immagine4','image4',139),(257,'2023-04-05 18:20:00',NULL,'https://www.cisalfasport.it/dw/image/v2/BBVV_PRD/on/demandware.static/-/Sites-cisalfa-master/default/dw202418fe/cisalfa/files/S2012923-001/image/S2012923_001.jpg?sw=960&sh=1200','desktop',1,'immagine1','image1',140),(258,'2023-04-05 18:20:00',NULL,'https://www.cisalfasport.it/dw/image/v2/BBVV_PRD/on/demandware.static/-/Sites-cisalfa-master/default/dw86cfd833/cisalfa/files/S2012923-001/image_sup01/S2012923_001cl001.jpg?sw=960&sh=1200','desktop',1,'immagine2','image2',140),(259,'2023-04-05 18:20:00',NULL,'https://www.cisalfasport.it/dw/image/v2/BBVV_PRD/on/demandware.static/-/Sites-cisalfa-master/default/dwc6177b05/cisalfa/files/S2012923-001/image_sup04/S2012923_001cl004.jpg?sw=960&sh=1200','desktop',1,'immagine3','image3',140),(260,'2023-04-05 18:20:01',NULL,'https://www.cisalfasport.it/dw/image/v2/BBVV_PRD/on/demandware.static/-/Sites-cisalfa-master/default/dw89c255de/cisalfa/files/S2012923-001/image_sup05/S2012923_001cl005.jpg?sw=960&sh=1200','desktop',1,'immagine4','image4',140),(261,'2023-04-05 18:20:03',NULL,'https://www.cisalfasport.it/dw/image/v2/BBVV_PRD/on/demandware.static/-/Sites-cisalfa-master/default/dw48fa969c/cisalfa/files/S5273251-UNI/image/S5273251_UNI.jpg?sw=960&sh=1200','desktop',1,'immagine1','image1',141),(262,'2023-04-05 18:20:03',NULL,'https://www.cisalfasport.it/dw/image/v2/BBVV_PRD/on/demandware.static/-/Sites-cisalfa-master/default/dw0728bef9/cisalfa/files/S5273251-UNI/image_sup01/S5273251_UNIcl001.jpg?sw=960&sh=1200','desktop',1,'immagine2','image2',141),(263,'2023-04-05 18:20:03',NULL,'https://www.cisalfasport.it/dw/image/v2/BBVV_PRD/on/demandware.static/-/Sites-cisalfa-master/default/dwf1774847/cisalfa/files/S5273251-UNI/image_sup02/S5273251_UNIcl002.jpg?sw=960&sh=1200','desktop',1,'immagine3','image3',141),(264,'2023-04-05 18:20:04',NULL,'https://www.cisalfasport.it/dw/image/v2/BBVV_PRD/on/demandware.static/-/Sites-cisalfa-master/default/dw5fcb23bb/cisalfa/files/S5273251-UNI/image_sup03/S5273251_UNIcl003.jpg?sw=960&sh=1200','desktop',1,'immagine4','image4',141),(265,'2023-04-05 18:20:08',NULL,'https://www.cisalfasport.it/dw/image/v2/BBVV_PRD/on/demandware.static/-/Sites-cisalfa-master/default/dwb8acc510/cisalfa/files/S5318571-002/image/S5318571_002.jpg?sw=960&sh=1200','desktop',1,'immagine1','image1',142),(266,'2023-04-05 18:20:08',NULL,'https://www.cisalfasport.it/dw/image/v2/BBVV_PRD/on/demandware.static/-/Sites-cisalfa-master/default/dw61ad3ae5/cisalfa/files/S5318571-002/image_sup01/S5318571_002cl001.jpg?sw=960&sh=1200','desktop',1,'immagine2','image2',142),(267,'2023-04-05 18:20:08',NULL,'https://www.cisalfasport.it/dw/image/v2/BBVV_PRD/on/demandware.static/-/Sites-cisalfa-master/default/dwe17f3eb4/cisalfa/files/S5318571-002/image_sup02/S5318571_002cl002.jpg?sw=960&sh=1200','desktop',1,'immagine3','image3',142),(268,'2023-04-05 18:20:08',NULL,'https://www.cisalfasport.it/dw/image/v2/BBVV_PRD/on/demandware.static/-/Sites-cisalfa-master/default/dwa810fdf7/cisalfa/files/S5318571-002/image_sup03/S5318571_002cl003.jpg?sw=960&sh=1200','desktop',1,'immagine4','image4',142),(269,'2023-04-05 18:20:10',NULL,'https://www.cisalfasport.it/dw/image/v2/BBVV_PRD/on/demandware.static/-/Sites-cisalfa-master/default/dwe4fc2c37/cisalfa/files/S5247536-100/image/S5247536_100.jpg?sw=960&sh=1200','desktop',1,'immagine1','image1',143),(270,'2023-04-05 18:20:11',NULL,'https://www.cisalfasport.it/dw/image/v2/BBVV_PRD/on/demandware.static/-/Sites-cisalfa-master/default/dw87abb8c3/cisalfa/files/S5247536-100/image_sup01/S5247536_100cl001.jpg?sw=960&sh=1200','desktop',1,'immagine2','image2',143),(271,'2023-04-05 18:20:11',NULL,'https://www.cisalfasport.it/dw/image/v2/BBVV_PRD/on/demandware.static/-/Sites-cisalfa-master/default/dw5d4c9d15/cisalfa/files/S5247536-100/image_sup02/S5247536_100cl002.jpg?sw=960&sh=1200','desktop',1,'immagine3','image3',143),(272,'2023-04-05 18:20:11',NULL,'https://www.cisalfasport.it/dw/image/v2/BBVV_PRD/on/demandware.static/-/Sites-cisalfa-master/default/dweb565ec2/cisalfa/files/S5247536-100/image_sup03/S5247536_100cl003.jpg?sw=960&sh=1200','desktop',1,'immagine4','image4',143),(273,'2023-04-05 18:20:13',NULL,'https://www.cisalfasport.it/dw/image/v2/BBVV_PRD/on/demandware.static/-/Sites-cisalfa-master/default/dw3a001eef/cisalfa/files/S5249765-316/image/S5249765_316.jpg?sw=960&sh=1200','mobile',1,'immagine1','image1',144),(274,'2023-04-05 18:20:13',NULL,'https://www.cisalfasport.it/dw/image/v2/BBVV_PRD/on/demandware.static/-/Sites-cisalfa-master/default/dw744bf88d/cisalfa/files/S5249765-316/image_sup01/S5249765_316cl001.jpg?sw=960&sh=1200','mobile',2,'immagine2','image2',144),(275,'2023-04-05 18:20:14',NULL,'https://www.cisalfasport.it/dw/image/v2/BBVV_PRD/on/demandware.static/-/Sites-cisalfa-master/default/dwc609346e/cisalfa/files/S5249765-316/image_sup02/S5249765_316cl002.jpg?sw=960&sh=1200','mobile',3,'immagine3','image3',144),(276,'2023-04-05 18:20:14',NULL,'https://www.cisalfasport.it/dw/image/v2/BBVV_PRD/on/demandware.static/-/Sites-cisalfa-master/default/dw8cc562cc/cisalfa/files/S5249765-316/image_sup03/S5249765_316cl003.jpg?sw=960&sh=1200','mobile',4,'immagine4','image4',144),(277,'2023-04-05 18:20:16',NULL,'https://www.cisalfasport.it/dw/image/v2/BBVV_PRD/on/demandware.static/-/Sites-cisalfa-master/default/dwa58a3b0e/cisalfa/files/S5399029-04/image/S5399029_04.jpg?sw=960&sh=1200','mobile',1,'immagine1','image1',145),(278,'2023-04-05 18:20:16',NULL,'https://www.cisalfasport.it/dw/image/v2/BBVV_PRD/on/demandware.static/-/Sites-cisalfa-master/default/dw08bfed95/cisalfa/files/S5399029-04/image_sup01/S5399029_04cl001.jpg?sw=960&sh=1200','mobile',2,'immagine2','image2',145),(279,'2023-04-05 18:20:17',NULL,'https://www.cisalfasport.it/dw/image/v2/BBVV_PRD/on/demandware.static/-/Sites-cisalfa-master/default/dw08bfed95/cisalfa/files/S5399029-04/image_sup01/S5399029_04cl001.jpg?sw=960&sh=1200','mobile',3,'immagine3','image3',145),(280,'2023-04-05 18:20:17',NULL,'https://www.cisalfasport.it/dw/image/v2/BBVV_PRD/on/demandware.static/-/Sites-cisalfa-master/default/dw1b850a77/cisalfa/files/S5399029-04/image_sup03/S5399029_04cl003.jpg?sw=960&sh=1200','mobile',4,'immagine4','image4',145),(281,'2023-04-05 18:20:20',NULL,'https://www.cisalfasport.it/dw/image/v2/BBVV_PRD/on/demandware.static/-/Sites-cisalfa-master/default/dw0b59d5c1/cisalfa/files/S5384830-002/image/S5384830_002.jpg?sw=1440&sh=1800','mobile',1,'immagine1','image1',146),(282,'2023-04-05 18:20:20',NULL,'https://www.cisalfasport.it/dw/image/v2/BBVV_PRD/on/demandware.static/-/Sites-cisalfa-master/default/dw013113a7/cisalfa/files/S5384830-002/image_sup01/S5384830_002cl001.jpg?sw=1440&sh=1800','mobile',2,'immagine2','image2',146),(283,'2023-04-05 18:20:20',NULL,'https://www.cisalfasport.it/dw/image/v2/BBVV_PRD/on/demandware.static/-/Sites-cisalfa-master/default/dw8f56d996/cisalfa/files/S5384830-002/image_sup02/S5384830_002cl002.jpg?sw=1440&sh=1800','mobile',3,'immagine3','image3',146),(284,'2023-04-05 18:20:20',NULL,'https://www.cisalfasport.it/dw/image/v2/BBVV_PRD/on/demandware.static/-/Sites-cisalfa-master/default/dw819b054a/cisalfa/files/S5384830-002/image_sup03/S5384830_002cl003.jpg?sw=1440&sh=1800','mobile',4,'immagine4','image4',146),(285,'2023-04-05 18:20:24',NULL,'https://www.cisalfasport.it/dw/image/v2/BBVV_PRD/on/demandware.static/-/Sites-cisalfa-master/default/dwb2d8be83/cisalfa/files/S4058238-001/image/S4058238_001.jpg?sw=1440&sh=1800','mobile',1,'immagine1','image1',147),(286,'2023-04-05 18:20:24',NULL,'https://www.cisalfasport.it/dw/image/v2/BBVV_PRD/on/demandware.static/-/Sites-cisalfa-master/default/dw1cb824c8/cisalfa/files/S4058238-001/image_sup01/S4058238_001cl001.jpg?sw=1440&sh=1800','mobile',2,'immagine2','image2',147),(287,'2023-04-05 18:20:24',NULL,'https://www.cisalfasport.it/dw/image/v2/BBVV_PRD/on/demandware.static/-/Sites-cisalfa-master/default/dwb1460312/cisalfa/files/S4058238-001/image_sup02/S4058238_001cl002.jpg?sw=1440&sh=1800','mobile',3,'immagine3','image3',147),(288,'2023-04-05 18:20:24',NULL,'https://www.cisalfasport.it/dw/image/v2/BBVV_PRD/on/demandware.static/-/Sites-cisalfa-master/default/dw016e92e1/cisalfa/files/S4058238-001/image_sup03/S4058238_001cl003.jpg?sw=1440&sh=1800','mobile',4,'immagine4','image4',147),(289,'2023-04-05 18:20:28',NULL,'https://www.cisalfasport.it/dw/image/v2/BBVV_PRD/on/demandware.static/-/Sites-cisalfa-master/default/dw97795c99/cisalfa/files/S4116039-02A/image/S4116039_02A.jpg?sw=960&sh=1200','mobile',1,'immagine1','image1',148),(290,'2023-04-05 18:20:28',NULL,'https://www.cisalfasport.it/dw/image/v2/BBVV_PRD/on/demandware.static/-/Sites-cisalfa-master/default/dwb12eb3f6/cisalfa/files/S4116039-02A/image_sup01/S4116039_02Acl001.jpg?sw=960&sh=1200','mobile',2,'immagine2','image2',148),(291,'2023-04-05 18:20:28',NULL,'https://www.cisalfasport.it/dw/image/v2/BBVV_PRD/on/demandware.static/-/Sites-cisalfa-master/default/dw4432b8b9/cisalfa/files/S4116039-02A/image_sup02/S4116039_02Acl002.jpg?sw=960&sh=1200','mobile',3,'immagine3','image3',148),(292,'2023-04-05 18:20:29',NULL,'https://www.cisalfasport.it/dw/image/v2/BBVV_PRD/on/demandware.static/-/Sites-cisalfa-master/default/dw8e994e71/cisalfa/files/S4116039-02A/image_sup03/S4116039_02Acl003.jpg?sw=960&sh=1200','mobile',4,'immagine4','image4',148),(293,'2023-04-05 18:20:33',NULL,'https://www.cisalfasport.it/dw/image/v2/BBVV_PRD/on/demandware.static/-/Sites-cisalfa-master/default/dw6d8538e9/cisalfa/files/S5549719-ABIW/image/S5549719_ABIW.jpg?sw=960&sh=1200','mobile',1,'immagine1','image1',149),(294,'2023-04-05 18:20:33',NULL,'https://www.cisalfasport.it/dw/image/v2/BBVV_PRD/on/demandware.static/-/Sites-cisalfa-master/default/dw8d9960aa/cisalfa/files/S5549719-ABIW/image_sup01/S5549719_ABIWcl001.jpg?sw=960&sh=1200','mobile',2,'immagine2','image2',149),(295,'2023-04-05 18:20:33',NULL,'https://www.cisalfasport.it/dw/image/v2/BBVV_PRD/on/demandware.static/-/Sites-cisalfa-master/default/dwa2718ab9/cisalfa/files/S5549719-ABIW/image_sup02/S5549719_ABIWcl002.jpg?sw=960&sh=1200','mobile',3,'immagine3','image3',149),(296,'2023-04-05 18:20:34',NULL,'https://www.cisalfasport.it/dw/image/v2/BBVV_PRD/on/demandware.static/-/Sites-cisalfa-master/default/dw705512ed/cisalfa/files/S5549719-ABIW/image_sup03/S5549719_ABIWcl003.jpg?sw=960&sh=1200','mobile',4,'immagine4','image4',149),(297,'2023-04-05 18:20:38',NULL,'https://www.cisalfasport.it/dw/image/v2/BBVV_PRD/on/demandware.static/-/Sites-cisalfa-master/default/dw202418fe/cisalfa/files/S2012923-001/image/S2012923_001.jpg?sw=960&sh=1200','desktop',1,'immagine1','image1',150),(298,'2023-04-05 18:20:38',NULL,'https://www.cisalfasport.it/dw/image/v2/BBVV_PRD/on/demandware.static/-/Sites-cisalfa-master/default/dw86cfd833/cisalfa/files/S2012923-001/image_sup01/S2012923_001cl001.jpg?sw=960&sh=1200','desktop',1,'immagine2','image2',150),(299,'2023-04-05 18:20:38',NULL,'https://www.cisalfasport.it/dw/image/v2/BBVV_PRD/on/demandware.static/-/Sites-cisalfa-master/default/dwc6177b05/cisalfa/files/S2012923-001/image_sup04/S2012923_001cl004.jpg?sw=960&sh=1200','desktop',1,'immagine3','image3',150),(300,'2023-04-05 18:20:39',NULL,'https://www.cisalfasport.it/dw/image/v2/BBVV_PRD/on/demandware.static/-/Sites-cisalfa-master/default/dw89c255de/cisalfa/files/S2012923-001/image_sup05/S2012923_001cl005.jpg?sw=960&sh=1200','desktop',1,'immagine4','image4',150),(301,'2023-04-05 18:20:41',NULL,'https://www.cisalfasport.it/dw/image/v2/BBVV_PRD/on/demandware.static/-/Sites-cisalfa-master/default/dw48fa969c/cisalfa/files/S5273251-UNI/image/S5273251_UNI.jpg?sw=960&sh=1200','desktop',1,'immagine1','image1',151),(302,'2023-04-05 18:20:41',NULL,'https://www.cisalfasport.it/dw/image/v2/BBVV_PRD/on/demandware.static/-/Sites-cisalfa-master/default/dw0728bef9/cisalfa/files/S5273251-UNI/image_sup01/S5273251_UNIcl001.jpg?sw=960&sh=1200','desktop',1,'immagine2','image2',151),(303,'2023-04-05 18:20:42',NULL,'https://www.cisalfasport.it/dw/image/v2/BBVV_PRD/on/demandware.static/-/Sites-cisalfa-master/default/dwf1774847/cisalfa/files/S5273251-UNI/image_sup02/S5273251_UNIcl002.jpg?sw=960&sh=1200','desktop',1,'immagine3','image3',151),(304,'2023-04-05 18:20:42',NULL,'https://www.cisalfasport.it/dw/image/v2/BBVV_PRD/on/demandware.static/-/Sites-cisalfa-master/default/dw5fcb23bb/cisalfa/files/S5273251-UNI/image_sup03/S5273251_UNIcl003.jpg?sw=960&sh=1200','desktop',1,'immagine4','image4',151),(305,'2023-04-05 18:20:46',NULL,'https://www.cisalfasport.it/dw/image/v2/BBVV_PRD/on/demandware.static/-/Sites-cisalfa-master/default/dwb8acc510/cisalfa/files/S5318571-002/image/S5318571_002.jpg?sw=960&sh=1200','desktop',1,'immagine1','image1',152),(306,'2023-04-05 18:20:46',NULL,'https://www.cisalfasport.it/dw/image/v2/BBVV_PRD/on/demandware.static/-/Sites-cisalfa-master/default/dw61ad3ae5/cisalfa/files/S5318571-002/image_sup01/S5318571_002cl001.jpg?sw=960&sh=1200','desktop',1,'immagine2','image2',152),(307,'2023-04-05 18:20:47',NULL,'https://www.cisalfasport.it/dw/image/v2/BBVV_PRD/on/demandware.static/-/Sites-cisalfa-master/default/dwe17f3eb4/cisalfa/files/S5318571-002/image_sup02/S5318571_002cl002.jpg?sw=960&sh=1200','desktop',1,'immagine3','image3',152),(308,'2023-04-05 18:20:47',NULL,'https://www.cisalfasport.it/dw/image/v2/BBVV_PRD/on/demandware.static/-/Sites-cisalfa-master/default/dwa810fdf7/cisalfa/files/S5318571-002/image_sup03/S5318571_002cl003.jpg?sw=960&sh=1200','desktop',1,'immagine4','image4',152),(309,'2023-04-05 18:20:49',NULL,'https://www.cisalfasport.it/dw/image/v2/BBVV_PRD/on/demandware.static/-/Sites-cisalfa-master/default/dwe4fc2c37/cisalfa/files/S5247536-100/image/S5247536_100.jpg?sw=960&sh=1200','desktop',1,'immagine1','image1',153),(310,'2023-04-05 18:20:49',NULL,'https://www.cisalfasport.it/dw/image/v2/BBVV_PRD/on/demandware.static/-/Sites-cisalfa-master/default/dw87abb8c3/cisalfa/files/S5247536-100/image_sup01/S5247536_100cl001.jpg?sw=960&sh=1200','desktop',1,'immagine2','image2',153),(311,'2023-04-05 18:20:50',NULL,'https://www.cisalfasport.it/dw/image/v2/BBVV_PRD/on/demandware.static/-/Sites-cisalfa-master/default/dw5d4c9d15/cisalfa/files/S5247536-100/image_sup02/S5247536_100cl002.jpg?sw=960&sh=1200','desktop',1,'immagine3','image3',153),(312,'2023-04-05 18:20:50',NULL,'https://www.cisalfasport.it/dw/image/v2/BBVV_PRD/on/demandware.static/-/Sites-cisalfa-master/default/dweb565ec2/cisalfa/files/S5247536-100/image_sup03/S5247536_100cl003.jpg?sw=960&sh=1200','desktop',1,'immagine4','image4',153),(313,'2023-04-05 18:20:52',NULL,'https://www.cisalfasport.it/dw/image/v2/BBVV_PRD/on/demandware.static/-/Sites-cisalfa-master/default/dw3a001eef/cisalfa/files/S5249765-316/image/S5249765_316.jpg?sw=960&sh=1200','mobile',1,'immagine1','image1',154),(314,'2023-04-05 18:20:52',NULL,'https://www.cisalfasport.it/dw/image/v2/BBVV_PRD/on/demandware.static/-/Sites-cisalfa-master/default/dw744bf88d/cisalfa/files/S5249765-316/image_sup01/S5249765_316cl001.jpg?sw=960&sh=1200','mobile',2,'immagine2','image2',154),(315,'2023-04-05 18:20:53',NULL,'https://www.cisalfasport.it/dw/image/v2/BBVV_PRD/on/demandware.static/-/Sites-cisalfa-master/default/dwc609346e/cisalfa/files/S5249765-316/image_sup02/S5249765_316cl002.jpg?sw=960&sh=1200','mobile',3,'immagine3','image3',154),(316,'2023-04-05 18:20:53',NULL,'https://www.cisalfasport.it/dw/image/v2/BBVV_PRD/on/demandware.static/-/Sites-cisalfa-master/default/dw8cc562cc/cisalfa/files/S5249765-316/image_sup03/S5249765_316cl003.jpg?sw=960&sh=1200','mobile',4,'immagine4','image4',154),(317,'2023-04-05 18:20:55',NULL,'https://www.cisalfasport.it/dw/image/v2/BBVV_PRD/on/demandware.static/-/Sites-cisalfa-master/default/dwa58a3b0e/cisalfa/files/S5399029-04/image/S5399029_04.jpg?sw=960&sh=1200','mobile',1,'immagine1','image1',155),(318,'2023-04-05 18:20:56',NULL,'https://www.cisalfasport.it/dw/image/v2/BBVV_PRD/on/demandware.static/-/Sites-cisalfa-master/default/dw08bfed95/cisalfa/files/S5399029-04/image_sup01/S5399029_04cl001.jpg?sw=960&sh=1200','mobile',2,'immagine2','image2',155),(319,'2023-04-05 18:20:56',NULL,'https://www.cisalfasport.it/dw/image/v2/BBVV_PRD/on/demandware.static/-/Sites-cisalfa-master/default/dw08bfed95/cisalfa/files/S5399029-04/image_sup01/S5399029_04cl001.jpg?sw=960&sh=1200','mobile',3,'immagine3','image3',155),(320,'2023-04-05 18:20:56',NULL,'https://www.cisalfasport.it/dw/image/v2/BBVV_PRD/on/demandware.static/-/Sites-cisalfa-master/default/dw1b850a77/cisalfa/files/S5399029-04/image_sup03/S5399029_04cl003.jpg?sw=960&sh=1200','mobile',4,'immagine4','image4',155),(321,'2023-04-05 18:20:59',NULL,'https://www.cisalfasport.it/dw/image/v2/BBVV_PRD/on/demandware.static/-/Sites-cisalfa-master/default/dw0b59d5c1/cisalfa/files/S5384830-002/image/S5384830_002.jpg?sw=1440&sh=1800','mobile',1,'immagine1','image1',156),(322,'2023-04-05 18:20:59',NULL,'https://www.cisalfasport.it/dw/image/v2/BBVV_PRD/on/demandware.static/-/Sites-cisalfa-master/default/dw013113a7/cisalfa/files/S5384830-002/image_sup01/S5384830_002cl001.jpg?sw=1440&sh=1800','mobile',2,'immagine2','image2',156),(323,'2023-04-05 18:21:00',NULL,'https://www.cisalfasport.it/dw/image/v2/BBVV_PRD/on/demandware.static/-/Sites-cisalfa-master/default/dw8f56d996/cisalfa/files/S5384830-002/image_sup02/S5384830_002cl002.jpg?sw=1440&sh=1800','mobile',3,'immagine3','image3',156),(324,'2023-04-05 18:21:00',NULL,'https://www.cisalfasport.it/dw/image/v2/BBVV_PRD/on/demandware.static/-/Sites-cisalfa-master/default/dw819b054a/cisalfa/files/S5384830-002/image_sup03/S5384830_002cl003.jpg?sw=1440&sh=1800','mobile',4,'immagine4','image4',156),(325,'2023-04-05 18:21:03',NULL,'https://www.cisalfasport.it/dw/image/v2/BBVV_PRD/on/demandware.static/-/Sites-cisalfa-master/default/dwb2d8be83/cisalfa/files/S4058238-001/image/S4058238_001.jpg?sw=1440&sh=1800','mobile',1,'immagine1','image1',157),(326,'2023-04-05 18:21:03',NULL,'https://www.cisalfasport.it/dw/image/v2/BBVV_PRD/on/demandware.static/-/Sites-cisalfa-master/default/dw1cb824c8/cisalfa/files/S4058238-001/image_sup01/S4058238_001cl001.jpg?sw=1440&sh=1800','mobile',2,'immagine2','image2',157),(327,'2023-04-05 18:21:03',NULL,'https://www.cisalfasport.it/dw/image/v2/BBVV_PRD/on/demandware.static/-/Sites-cisalfa-master/default/dwb1460312/cisalfa/files/S4058238-001/image_sup02/S4058238_001cl002.jpg?sw=1440&sh=1800','mobile',3,'immagine3','image3',157),(328,'2023-04-05 18:21:04',NULL,'https://www.cisalfasport.it/dw/image/v2/BBVV_PRD/on/demandware.static/-/Sites-cisalfa-master/default/dw016e92e1/cisalfa/files/S4058238-001/image_sup03/S4058238_001cl003.jpg?sw=1440&sh=1800','mobile',4,'immagine4','image4',157),(329,'2023-04-05 18:21:07',NULL,'https://www.cisalfasport.it/dw/image/v2/BBVV_PRD/on/demandware.static/-/Sites-cisalfa-master/default/dw97795c99/cisalfa/files/S4116039-02A/image/S4116039_02A.jpg?sw=960&sh=1200','mobile',1,'immagine1','image1',158),(330,'2023-04-05 18:21:07',NULL,'https://www.cisalfasport.it/dw/image/v2/BBVV_PRD/on/demandware.static/-/Sites-cisalfa-master/default/dwb12eb3f6/cisalfa/files/S4116039-02A/image_sup01/S4116039_02Acl001.jpg?sw=960&sh=1200','mobile',2,'immagine2','image2',158),(331,'2023-04-05 18:21:07',NULL,'https://www.cisalfasport.it/dw/image/v2/BBVV_PRD/on/demandware.static/-/Sites-cisalfa-master/default/dw4432b8b9/cisalfa/files/S4116039-02A/image_sup02/S4116039_02Acl002.jpg?sw=960&sh=1200','mobile',3,'immagine3','image3',158),(332,'2023-04-05 18:21:07',NULL,'https://www.cisalfasport.it/dw/image/v2/BBVV_PRD/on/demandware.static/-/Sites-cisalfa-master/default/dw8e994e71/cisalfa/files/S4116039-02A/image_sup03/S4116039_02Acl003.jpg?sw=960&sh=1200','mobile',4,'immagine4','image4',158),(333,'2023-04-05 18:21:11',NULL,'https://www.cisalfasport.it/dw/image/v2/BBVV_PRD/on/demandware.static/-/Sites-cisalfa-master/default/dw6d8538e9/cisalfa/files/S5549719-ABIW/image/S5549719_ABIW.jpg?sw=960&sh=1200','mobile',1,'immagine1','image1',159),(334,'2023-04-05 18:21:11',NULL,'https://www.cisalfasport.it/dw/image/v2/BBVV_PRD/on/demandware.static/-/Sites-cisalfa-master/default/dw8d9960aa/cisalfa/files/S5549719-ABIW/image_sup01/S5549719_ABIWcl001.jpg?sw=960&sh=1200','mobile',2,'immagine2','image2',159),(335,'2023-04-05 18:21:12',NULL,'https://www.cisalfasport.it/dw/image/v2/BBVV_PRD/on/demandware.static/-/Sites-cisalfa-master/default/dwa2718ab9/cisalfa/files/S5549719-ABIW/image_sup02/S5549719_ABIWcl002.jpg?sw=960&sh=1200','mobile',3,'immagine3','image3',159),(336,'2023-04-05 18:21:12',NULL,'https://www.cisalfasport.it/dw/image/v2/BBVV_PRD/on/demandware.static/-/Sites-cisalfa-master/default/dw705512ed/cisalfa/files/S5549719-ABIW/image_sup03/S5549719_ABIWcl003.jpg?sw=960&sh=1200','mobile',4,'immagine4','image4',159),(337,'2023-04-05 18:21:16',NULL,'https://www.cisalfasport.it/dw/image/v2/BBVV_PRD/on/demandware.static/-/Sites-cisalfa-master/default/dw202418fe/cisalfa/files/S2012923-001/image/S2012923_001.jpg?sw=960&sh=1200','desktop',1,'immagine1','image1',160),(338,'2023-04-05 18:21:16',NULL,'https://www.cisalfasport.it/dw/image/v2/BBVV_PRD/on/demandware.static/-/Sites-cisalfa-master/default/dw86cfd833/cisalfa/files/S2012923-001/image_sup01/S2012923_001cl001.jpg?sw=960&sh=1200','desktop',1,'immagine2','image2',160),(339,'2023-04-05 18:21:16',NULL,'https://www.cisalfasport.it/dw/image/v2/BBVV_PRD/on/demandware.static/-/Sites-cisalfa-master/default/dwc6177b05/cisalfa/files/S2012923-001/image_sup04/S2012923_001cl004.jpg?sw=960&sh=1200','desktop',1,'immagine3','image3',160),(340,'2023-04-05 18:21:16',NULL,'https://www.cisalfasport.it/dw/image/v2/BBVV_PRD/on/demandware.static/-/Sites-cisalfa-master/default/dw89c255de/cisalfa/files/S2012923-001/image_sup05/S2012923_001cl005.jpg?sw=960&sh=1200','desktop',1,'immagine4','image4',160),(341,'2023-04-05 18:21:18',NULL,'https://www.cisalfasport.it/dw/image/v2/BBVV_PRD/on/demandware.static/-/Sites-cisalfa-master/default/dw48fa969c/cisalfa/files/S5273251-UNI/image/S5273251_UNI.jpg?sw=960&sh=1200','desktop',1,'immagine1','image1',161),(342,'2023-04-05 18:21:18',NULL,'https://www.cisalfasport.it/dw/image/v2/BBVV_PRD/on/demandware.static/-/Sites-cisalfa-master/default/dw0728bef9/cisalfa/files/S5273251-UNI/image_sup01/S5273251_UNIcl001.jpg?sw=960&sh=1200','desktop',1,'immagine2','image2',161),(343,'2023-04-05 18:21:19',NULL,'https://www.cisalfasport.it/dw/image/v2/BBVV_PRD/on/demandware.static/-/Sites-cisalfa-master/default/dwf1774847/cisalfa/files/S5273251-UNI/image_sup02/S5273251_UNIcl002.jpg?sw=960&sh=1200','desktop',1,'immagine3','image3',161),(344,'2023-04-05 18:21:19',NULL,'https://www.cisalfasport.it/dw/image/v2/BBVV_PRD/on/demandware.static/-/Sites-cisalfa-master/default/dw5fcb23bb/cisalfa/files/S5273251-UNI/image_sup03/S5273251_UNIcl003.jpg?sw=960&sh=1200','desktop',1,'immagine4','image4',161),(345,'2023-04-05 18:21:22',NULL,'https://www.cisalfasport.it/dw/image/v2/BBVV_PRD/on/demandware.static/-/Sites-cisalfa-master/default/dwb8acc510/cisalfa/files/S5318571-002/image/S5318571_002.jpg?sw=960&sh=1200','desktop',1,'immagine1','image1',162),(346,'2023-04-05 18:21:23',NULL,'https://www.cisalfasport.it/dw/image/v2/BBVV_PRD/on/demandware.static/-/Sites-cisalfa-master/default/dw61ad3ae5/cisalfa/files/S5318571-002/image_sup01/S5318571_002cl001.jpg?sw=960&sh=1200','desktop',1,'immagine2','image2',162),(347,'2023-04-05 18:21:23',NULL,'https://www.cisalfasport.it/dw/image/v2/BBVV_PRD/on/demandware.static/-/Sites-cisalfa-master/default/dwe17f3eb4/cisalfa/files/S5318571-002/image_sup02/S5318571_002cl002.jpg?sw=960&sh=1200','desktop',1,'immagine3','image3',162),(348,'2023-04-05 18:21:23',NULL,'https://www.cisalfasport.it/dw/image/v2/BBVV_PRD/on/demandware.static/-/Sites-cisalfa-master/default/dwa810fdf7/cisalfa/files/S5318571-002/image_sup03/S5318571_002cl003.jpg?sw=960&sh=1200','desktop',1,'immagine4','image4',162),(349,'2023-04-05 18:21:25',NULL,'https://www.cisalfasport.it/dw/image/v2/BBVV_PRD/on/demandware.static/-/Sites-cisalfa-master/default/dwe4fc2c37/cisalfa/files/S5247536-100/image/S5247536_100.jpg?sw=960&sh=1200','desktop',1,'immagine1','image1',163),(350,'2023-04-05 18:21:25',NULL,'https://www.cisalfasport.it/dw/image/v2/BBVV_PRD/on/demandware.static/-/Sites-cisalfa-master/default/dw87abb8c3/cisalfa/files/S5247536-100/image_sup01/S5247536_100cl001.jpg?sw=960&sh=1200','desktop',1,'immagine2','image2',163),(351,'2023-04-05 18:21:26',NULL,'https://www.cisalfasport.it/dw/image/v2/BBVV_PRD/on/demandware.static/-/Sites-cisalfa-master/default/dw5d4c9d15/cisalfa/files/S5247536-100/image_sup02/S5247536_100cl002.jpg?sw=960&sh=1200','desktop',1,'immagine3','image3',163),(352,'2023-04-05 18:21:26',NULL,'https://www.cisalfasport.it/dw/image/v2/BBVV_PRD/on/demandware.static/-/Sites-cisalfa-master/default/dweb565ec2/cisalfa/files/S5247536-100/image_sup03/S5247536_100cl003.jpg?sw=960&sh=1200','desktop',1,'immagine4','image4',163),(353,'2023-04-05 18:21:28',NULL,'https://www.cisalfasport.it/dw/image/v2/BBVV_PRD/on/demandware.static/-/Sites-cisalfa-master/default/dw3a001eef/cisalfa/files/S5249765-316/image/S5249765_316.jpg?sw=960&sh=1200','mobile',1,'immagine1','image1',164),(354,'2023-04-05 18:21:28',NULL,'https://www.cisalfasport.it/dw/image/v2/BBVV_PRD/on/demandware.static/-/Sites-cisalfa-master/default/dw744bf88d/cisalfa/files/S5249765-316/image_sup01/S5249765_316cl001.jpg?sw=960&sh=1200','mobile',2,'immagine2','image2',164),(355,'2023-04-05 18:21:28',NULL,'https://www.cisalfasport.it/dw/image/v2/BBVV_PRD/on/demandware.static/-/Sites-cisalfa-master/default/dwc609346e/cisalfa/files/S5249765-316/image_sup02/S5249765_316cl002.jpg?sw=960&sh=1200','mobile',3,'immagine3','image3',164),(356,'2023-04-05 18:21:29',NULL,'https://www.cisalfasport.it/dw/image/v2/BBVV_PRD/on/demandware.static/-/Sites-cisalfa-master/default/dw8cc562cc/cisalfa/files/S5249765-316/image_sup03/S5249765_316cl003.jpg?sw=960&sh=1200','mobile',4,'immagine4','image4',164),(357,'2023-04-05 18:21:31',NULL,'https://www.cisalfasport.it/dw/image/v2/BBVV_PRD/on/demandware.static/-/Sites-cisalfa-master/default/dwa58a3b0e/cisalfa/files/S5399029-04/image/S5399029_04.jpg?sw=960&sh=1200','mobile',1,'immagine1','image1',165),(358,'2023-04-05 18:21:31',NULL,'https://www.cisalfasport.it/dw/image/v2/BBVV_PRD/on/demandware.static/-/Sites-cisalfa-master/default/dw08bfed95/cisalfa/files/S5399029-04/image_sup01/S5399029_04cl001.jpg?sw=960&sh=1200','mobile',2,'immagine2','image2',165),(359,'2023-04-05 18:21:31',NULL,'https://www.cisalfasport.it/dw/image/v2/BBVV_PRD/on/demandware.static/-/Sites-cisalfa-master/default/dw08bfed95/cisalfa/files/S5399029-04/image_sup01/S5399029_04cl001.jpg?sw=960&sh=1200','mobile',3,'immagine3','image3',165),(360,'2023-04-05 18:21:31',NULL,'https://www.cisalfasport.it/dw/image/v2/BBVV_PRD/on/demandware.static/-/Sites-cisalfa-master/default/dw1b850a77/cisalfa/files/S5399029-04/image_sup03/S5399029_04cl003.jpg?sw=960&sh=1200','mobile',4,'immagine4','image4',165),(361,'2023-04-05 18:21:34',NULL,'https://www.cisalfasport.it/dw/image/v2/BBVV_PRD/on/demandware.static/-/Sites-cisalfa-master/default/dw0b59d5c1/cisalfa/files/S5384830-002/image/S5384830_002.jpg?sw=1440&sh=1800','mobile',1,'immagine1','image1',166),(362,'2023-04-05 18:21:35',NULL,'https://www.cisalfasport.it/dw/image/v2/BBVV_PRD/on/demandware.static/-/Sites-cisalfa-master/default/dw013113a7/cisalfa/files/S5384830-002/image_sup01/S5384830_002cl001.jpg?sw=1440&sh=1800','mobile',2,'immagine2','image2',166),(363,'2023-04-05 18:21:35',NULL,'https://www.cisalfasport.it/dw/image/v2/BBVV_PRD/on/demandware.static/-/Sites-cisalfa-master/default/dw8f56d996/cisalfa/files/S5384830-002/image_sup02/S5384830_002cl002.jpg?sw=1440&sh=1800','mobile',3,'immagine3','image3',166),(364,'2023-04-05 18:21:35',NULL,'https://www.cisalfasport.it/dw/image/v2/BBVV_PRD/on/demandware.static/-/Sites-cisalfa-master/default/dw819b054a/cisalfa/files/S5384830-002/image_sup03/S5384830_002cl003.jpg?sw=1440&sh=1800','mobile',4,'immagine4','image4',166),(365,'2023-04-05 18:21:38',NULL,'https://www.cisalfasport.it/dw/image/v2/BBVV_PRD/on/demandware.static/-/Sites-cisalfa-master/default/dwb2d8be83/cisalfa/files/S4058238-001/image/S4058238_001.jpg?sw=1440&sh=1800','mobile',1,'immagine1','image1',167),(366,'2023-04-05 18:21:38',NULL,'https://www.cisalfasport.it/dw/image/v2/BBVV_PRD/on/demandware.static/-/Sites-cisalfa-master/default/dw1cb824c8/cisalfa/files/S4058238-001/image_sup01/S4058238_001cl001.jpg?sw=1440&sh=1800','mobile',2,'immagine2','image2',167),(367,'2023-04-05 18:21:38',NULL,'https://www.cisalfasport.it/dw/image/v2/BBVV_PRD/on/demandware.static/-/Sites-cisalfa-master/default/dwb1460312/cisalfa/files/S4058238-001/image_sup02/S4058238_001cl002.jpg?sw=1440&sh=1800','mobile',3,'immagine3','image3',167),(368,'2023-04-05 18:21:38',NULL,'https://www.cisalfasport.it/dw/image/v2/BBVV_PRD/on/demandware.static/-/Sites-cisalfa-master/default/dw016e92e1/cisalfa/files/S4058238-001/image_sup03/S4058238_001cl003.jpg?sw=1440&sh=1800','mobile',4,'immagine4','image4',167),(369,'2023-04-05 18:21:41',NULL,'https://www.cisalfasport.it/dw/image/v2/BBVV_PRD/on/demandware.static/-/Sites-cisalfa-master/default/dw97795c99/cisalfa/files/S4116039-02A/image/S4116039_02A.jpg?sw=960&sh=1200','mobile',1,'immagine1','image1',168),(370,'2023-04-05 18:21:42',NULL,'https://www.cisalfasport.it/dw/image/v2/BBVV_PRD/on/demandware.static/-/Sites-cisalfa-master/default/dwb12eb3f6/cisalfa/files/S4116039-02A/image_sup01/S4116039_02Acl001.jpg?sw=960&sh=1200','mobile',2,'immagine2','image2',168),(371,'2023-04-05 18:21:42',NULL,'https://www.cisalfasport.it/dw/image/v2/BBVV_PRD/on/demandware.static/-/Sites-cisalfa-master/default/dw4432b8b9/cisalfa/files/S4116039-02A/image_sup02/S4116039_02Acl002.jpg?sw=960&sh=1200','mobile',3,'immagine3','image3',168),(372,'2023-04-05 18:21:42',NULL,'https://www.cisalfasport.it/dw/image/v2/BBVV_PRD/on/demandware.static/-/Sites-cisalfa-master/default/dw8e994e71/cisalfa/files/S4116039-02A/image_sup03/S4116039_02Acl003.jpg?sw=960&sh=1200','mobile',4,'immagine4','image4',168),(373,'2023-04-05 18:21:46',NULL,'https://www.cisalfasport.it/dw/image/v2/BBVV_PRD/on/demandware.static/-/Sites-cisalfa-master/default/dw6d8538e9/cisalfa/files/S5549719-ABIW/image/S5549719_ABIW.jpg?sw=960&sh=1200','mobile',1,'immagine1','image1',169),(374,'2023-04-05 18:21:46',NULL,'https://www.cisalfasport.it/dw/image/v2/BBVV_PRD/on/demandware.static/-/Sites-cisalfa-master/default/dw8d9960aa/cisalfa/files/S5549719-ABIW/image_sup01/S5549719_ABIWcl001.jpg?sw=960&sh=1200','mobile',2,'immagine2','image2',169),(375,'2023-04-05 18:21:46',NULL,'https://www.cisalfasport.it/dw/image/v2/BBVV_PRD/on/demandware.static/-/Sites-cisalfa-master/default/dwa2718ab9/cisalfa/files/S5549719-ABIW/image_sup02/S5549719_ABIWcl002.jpg?sw=960&sh=1200','mobile',3,'immagine3','image3',169),(376,'2023-04-05 18:21:47',NULL,'https://www.cisalfasport.it/dw/image/v2/BBVV_PRD/on/demandware.static/-/Sites-cisalfa-master/default/dw705512ed/cisalfa/files/S5549719-ABIW/image_sup03/S5549719_ABIWcl003.jpg?sw=960&sh=1200','mobile',4,'immagine4','image4',169),(377,'2023-04-05 18:21:50',NULL,'https://www.cisalfasport.it/dw/image/v2/BBVV_PRD/on/demandware.static/-/Sites-cisalfa-master/default/dw202418fe/cisalfa/files/S2012923-001/image/S2012923_001.jpg?sw=960&sh=1200','desktop',1,'immagine1','image1',170),(378,'2023-04-05 18:21:50',NULL,'https://www.cisalfasport.it/dw/image/v2/BBVV_PRD/on/demandware.static/-/Sites-cisalfa-master/default/dw86cfd833/cisalfa/files/S2012923-001/image_sup01/S2012923_001cl001.jpg?sw=960&sh=1200','desktop',1,'immagine2','image2',170),(379,'2023-04-05 18:21:51',NULL,'https://www.cisalfasport.it/dw/image/v2/BBVV_PRD/on/demandware.static/-/Sites-cisalfa-master/default/dwc6177b05/cisalfa/files/S2012923-001/image_sup04/S2012923_001cl004.jpg?sw=960&sh=1200','desktop',1,'immagine3','image3',170),(380,'2023-04-05 18:21:51',NULL,'https://www.cisalfasport.it/dw/image/v2/BBVV_PRD/on/demandware.static/-/Sites-cisalfa-master/default/dw89c255de/cisalfa/files/S2012923-001/image_sup05/S2012923_001cl005.jpg?sw=960&sh=1200','desktop',1,'immagine4','image4',170),(381,'2023-04-05 18:21:53',NULL,'https://www.cisalfasport.it/dw/image/v2/BBVV_PRD/on/demandware.static/-/Sites-cisalfa-master/default/dw48fa969c/cisalfa/files/S5273251-UNI/image/S5273251_UNI.jpg?sw=960&sh=1200','desktop',1,'immagine1','image1',171),(382,'2023-04-05 18:21:53',NULL,'https://www.cisalfasport.it/dw/image/v2/BBVV_PRD/on/demandware.static/-/Sites-cisalfa-master/default/dw0728bef9/cisalfa/files/S5273251-UNI/image_sup01/S5273251_UNIcl001.jpg?sw=960&sh=1200','desktop',1,'immagine2','image2',171),(383,'2023-04-05 18:21:53',NULL,'https://www.cisalfasport.it/dw/image/v2/BBVV_PRD/on/demandware.static/-/Sites-cisalfa-master/default/dwf1774847/cisalfa/files/S5273251-UNI/image_sup02/S5273251_UNIcl002.jpg?sw=960&sh=1200','desktop',1,'immagine3','image3',171),(384,'2023-04-05 18:21:54',NULL,'https://www.cisalfasport.it/dw/image/v2/BBVV_PRD/on/demandware.static/-/Sites-cisalfa-master/default/dw5fcb23bb/cisalfa/files/S5273251-UNI/image_sup03/S5273251_UNIcl003.jpg?sw=960&sh=1200','desktop',1,'immagine4','image4',171),(385,'2023-04-05 18:21:57',NULL,'https://www.cisalfasport.it/dw/image/v2/BBVV_PRD/on/demandware.static/-/Sites-cisalfa-master/default/dwb8acc510/cisalfa/files/S5318571-002/image/S5318571_002.jpg?sw=960&sh=1200','desktop',1,'immagine1','image1',172),(386,'2023-04-05 18:21:57',NULL,'https://www.cisalfasport.it/dw/image/v2/BBVV_PRD/on/demandware.static/-/Sites-cisalfa-master/default/dw61ad3ae5/cisalfa/files/S5318571-002/image_sup01/S5318571_002cl001.jpg?sw=960&sh=1200','desktop',1,'immagine2','image2',172),(387,'2023-04-05 18:21:58',NULL,'https://www.cisalfasport.it/dw/image/v2/BBVV_PRD/on/demandware.static/-/Sites-cisalfa-master/default/dwe17f3eb4/cisalfa/files/S5318571-002/image_sup02/S5318571_002cl002.jpg?sw=960&sh=1200','desktop',1,'immagine3','image3',172),(388,'2023-04-05 18:21:58',NULL,'https://www.cisalfasport.it/dw/image/v2/BBVV_PRD/on/demandware.static/-/Sites-cisalfa-master/default/dwa810fdf7/cisalfa/files/S5318571-002/image_sup03/S5318571_002cl003.jpg?sw=960&sh=1200','desktop',1,'immagine4','image4',172),(389,'2023-04-05 18:22:00',NULL,'https://www.cisalfasport.it/dw/image/v2/BBVV_PRD/on/demandware.static/-/Sites-cisalfa-master/default/dwe4fc2c37/cisalfa/files/S5247536-100/image/S5247536_100.jpg?sw=960&sh=1200','desktop',1,'immagine1','image1',173),(390,'2023-04-05 18:22:00',NULL,'https://www.cisalfasport.it/dw/image/v2/BBVV_PRD/on/demandware.static/-/Sites-cisalfa-master/default/dw87abb8c3/cisalfa/files/S5247536-100/image_sup01/S5247536_100cl001.jpg?sw=960&sh=1200','desktop',1,'immagine2','image2',173),(391,'2023-04-05 18:22:00',NULL,'https://www.cisalfasport.it/dw/image/v2/BBVV_PRD/on/demandware.static/-/Sites-cisalfa-master/default/dw5d4c9d15/cisalfa/files/S5247536-100/image_sup02/S5247536_100cl002.jpg?sw=960&sh=1200','desktop',1,'immagine3','image3',173),(392,'2023-04-05 18:22:01',NULL,'https://www.cisalfasport.it/dw/image/v2/BBVV_PRD/on/demandware.static/-/Sites-cisalfa-master/default/dweb565ec2/cisalfa/files/S5247536-100/image_sup03/S5247536_100cl003.jpg?sw=960&sh=1200','desktop',1,'immagine4','image4',173),(393,'2023-04-05 18:22:03',NULL,'https://www.cisalfasport.it/dw/image/v2/BBVV_PRD/on/demandware.static/-/Sites-cisalfa-master/default/dw3a001eef/cisalfa/files/S5249765-316/image/S5249765_316.jpg?sw=960&sh=1200','mobile',1,'immagine1','image1',174),(394,'2023-04-05 18:22:03',NULL,'https://www.cisalfasport.it/dw/image/v2/BBVV_PRD/on/demandware.static/-/Sites-cisalfa-master/default/dw744bf88d/cisalfa/files/S5249765-316/image_sup01/S5249765_316cl001.jpg?sw=960&sh=1200','mobile',2,'immagine2','image2',174),(395,'2023-04-05 18:22:03',NULL,'https://www.cisalfasport.it/dw/image/v2/BBVV_PRD/on/demandware.static/-/Sites-cisalfa-master/default/dwc609346e/cisalfa/files/S5249765-316/image_sup02/S5249765_316cl002.jpg?sw=960&sh=1200','mobile',3,'immagine3','image3',174),(396,'2023-04-05 18:22:03',NULL,'https://www.cisalfasport.it/dw/image/v2/BBVV_PRD/on/demandware.static/-/Sites-cisalfa-master/default/dw8cc562cc/cisalfa/files/S5249765-316/image_sup03/S5249765_316cl003.jpg?sw=960&sh=1200','mobile',4,'immagine4','image4',174),(397,'2023-04-05 18:22:06',NULL,'https://www.cisalfasport.it/dw/image/v2/BBVV_PRD/on/demandware.static/-/Sites-cisalfa-master/default/dwa58a3b0e/cisalfa/files/S5399029-04/image/S5399029_04.jpg?sw=960&sh=1200','mobile',1,'immagine1','image1',175),(398,'2023-04-05 18:22:06',NULL,'https://www.cisalfasport.it/dw/image/v2/BBVV_PRD/on/demandware.static/-/Sites-cisalfa-master/default/dw08bfed95/cisalfa/files/S5399029-04/image_sup01/S5399029_04cl001.jpg?sw=960&sh=1200','mobile',2,'immagine2','image2',175),(399,'2023-04-05 18:22:06',NULL,'https://www.cisalfasport.it/dw/image/v2/BBVV_PRD/on/demandware.static/-/Sites-cisalfa-master/default/dw08bfed95/cisalfa/files/S5399029-04/image_sup01/S5399029_04cl001.jpg?sw=960&sh=1200','mobile',3,'immagine3','image3',175),(400,'2023-04-05 18:22:06',NULL,'https://www.cisalfasport.it/dw/image/v2/BBVV_PRD/on/demandware.static/-/Sites-cisalfa-master/default/dw1b850a77/cisalfa/files/S5399029-04/image_sup03/S5399029_04cl003.jpg?sw=960&sh=1200','mobile',4,'immagine4','image4',175),(401,'2023-04-05 18:22:09',NULL,'https://www.cisalfasport.it/dw/image/v2/BBVV_PRD/on/demandware.static/-/Sites-cisalfa-master/default/dw0b59d5c1/cisalfa/files/S5384830-002/image/S5384830_002.jpg?sw=1440&sh=1800','mobile',1,'immagine1','image1',176),(402,'2023-04-05 18:22:09',NULL,'https://www.cisalfasport.it/dw/image/v2/BBVV_PRD/on/demandware.static/-/Sites-cisalfa-master/default/dw013113a7/cisalfa/files/S5384830-002/image_sup01/S5384830_002cl001.jpg?sw=1440&sh=1800','mobile',2,'immagine2','image2',176),(403,'2023-04-05 18:22:10',NULL,'https://www.cisalfasport.it/dw/image/v2/BBVV_PRD/on/demandware.static/-/Sites-cisalfa-master/default/dw8f56d996/cisalfa/files/S5384830-002/image_sup02/S5384830_002cl002.jpg?sw=1440&sh=1800','mobile',3,'immagine3','image3',176),(404,'2023-04-05 18:22:10',NULL,'https://www.cisalfasport.it/dw/image/v2/BBVV_PRD/on/demandware.static/-/Sites-cisalfa-master/default/dw819b054a/cisalfa/files/S5384830-002/image_sup03/S5384830_002cl003.jpg?sw=1440&sh=1800','mobile',4,'immagine4','image4',176),(405,'2023-04-05 18:22:13',NULL,'https://www.cisalfasport.it/dw/image/v2/BBVV_PRD/on/demandware.static/-/Sites-cisalfa-master/default/dwb2d8be83/cisalfa/files/S4058238-001/image/S4058238_001.jpg?sw=1440&sh=1800','mobile',1,'immagine1','image1',177),(406,'2023-04-05 18:22:13',NULL,'https://www.cisalfasport.it/dw/image/v2/BBVV_PRD/on/demandware.static/-/Sites-cisalfa-master/default/dw1cb824c8/cisalfa/files/S4058238-001/image_sup01/S4058238_001cl001.jpg?sw=1440&sh=1800','mobile',2,'immagine2','image2',177),(407,'2023-04-05 18:22:13',NULL,'https://www.cisalfasport.it/dw/image/v2/BBVV_PRD/on/demandware.static/-/Sites-cisalfa-master/default/dwb1460312/cisalfa/files/S4058238-001/image_sup02/S4058238_001cl002.jpg?sw=1440&sh=1800','mobile',3,'immagine3','image3',177),(408,'2023-04-05 18:22:13',NULL,'https://www.cisalfasport.it/dw/image/v2/BBVV_PRD/on/demandware.static/-/Sites-cisalfa-master/default/dw016e92e1/cisalfa/files/S4058238-001/image_sup03/S4058238_001cl003.jpg?sw=1440&sh=1800','mobile',4,'immagine4','image4',177),(409,'2023-04-05 18:22:16',NULL,'https://www.cisalfasport.it/dw/image/v2/BBVV_PRD/on/demandware.static/-/Sites-cisalfa-master/default/dw97795c99/cisalfa/files/S4116039-02A/image/S4116039_02A.jpg?sw=960&sh=1200','mobile',1,'immagine1','image1',178),(410,'2023-04-05 18:22:16',NULL,'https://www.cisalfasport.it/dw/image/v2/BBVV_PRD/on/demandware.static/-/Sites-cisalfa-master/default/dwb12eb3f6/cisalfa/files/S4116039-02A/image_sup01/S4116039_02Acl001.jpg?sw=960&sh=1200','mobile',2,'immagine2','image2',178),(411,'2023-04-05 18:22:17',NULL,'https://www.cisalfasport.it/dw/image/v2/BBVV_PRD/on/demandware.static/-/Sites-cisalfa-master/default/dw4432b8b9/cisalfa/files/S4116039-02A/image_sup02/S4116039_02Acl002.jpg?sw=960&sh=1200','mobile',3,'immagine3','image3',178),(412,'2023-04-05 18:22:17',NULL,'https://www.cisalfasport.it/dw/image/v2/BBVV_PRD/on/demandware.static/-/Sites-cisalfa-master/default/dw8e994e71/cisalfa/files/S4116039-02A/image_sup03/S4116039_02Acl003.jpg?sw=960&sh=1200','mobile',4,'immagine4','image4',178),(413,'2023-04-05 18:22:20',NULL,'https://www.cisalfasport.it/dw/image/v2/BBVV_PRD/on/demandware.static/-/Sites-cisalfa-master/default/dw6d8538e9/cisalfa/files/S5549719-ABIW/image/S5549719_ABIW.jpg?sw=960&sh=1200','mobile',1,'immagine1','image1',179),(414,'2023-04-05 18:22:21',NULL,'https://www.cisalfasport.it/dw/image/v2/BBVV_PRD/on/demandware.static/-/Sites-cisalfa-master/default/dw8d9960aa/cisalfa/files/S5549719-ABIW/image_sup01/S5549719_ABIWcl001.jpg?sw=960&sh=1200','mobile',2,'immagine2','image2',179),(415,'2023-04-05 18:22:21',NULL,'https://www.cisalfasport.it/dw/image/v2/BBVV_PRD/on/demandware.static/-/Sites-cisalfa-master/default/dwa2718ab9/cisalfa/files/S5549719-ABIW/image_sup02/S5549719_ABIWcl002.jpg?sw=960&sh=1200','mobile',3,'immagine3','image3',179),(416,'2023-04-05 18:22:21',NULL,'https://www.cisalfasport.it/dw/image/v2/BBVV_PRD/on/demandware.static/-/Sites-cisalfa-master/default/dw705512ed/cisalfa/files/S5549719-ABIW/image_sup03/S5549719_ABIWcl003.jpg?sw=960&sh=1200','mobile',4,'immagine4','image4',179),(417,'2023-04-05 18:22:25',NULL,'https://www.cisalfasport.it/dw/image/v2/BBVV_PRD/on/demandware.static/-/Sites-cisalfa-master/default/dw202418fe/cisalfa/files/S2012923-001/image/S2012923_001.jpg?sw=960&sh=1200','desktop',1,'immagine1','image1',180),(418,'2023-04-05 18:22:25',NULL,'https://www.cisalfasport.it/dw/image/v2/BBVV_PRD/on/demandware.static/-/Sites-cisalfa-master/default/dw86cfd833/cisalfa/files/S2012923-001/image_sup01/S2012923_001cl001.jpg?sw=960&sh=1200','desktop',1,'immagine2','image2',180),(419,'2023-04-05 18:22:25',NULL,'https://www.cisalfasport.it/dw/image/v2/BBVV_PRD/on/demandware.static/-/Sites-cisalfa-master/default/dwc6177b05/cisalfa/files/S2012923-001/image_sup04/S2012923_001cl004.jpg?sw=960&sh=1200','desktop',1,'immagine3','image3',180),(420,'2023-04-05 18:22:25',NULL,'https://www.cisalfasport.it/dw/image/v2/BBVV_PRD/on/demandware.static/-/Sites-cisalfa-master/default/dw89c255de/cisalfa/files/S2012923-001/image_sup05/S2012923_001cl005.jpg?sw=960&sh=1200','desktop',1,'immagine4','image4',180),(421,'2023-04-05 18:22:27',NULL,'https://www.cisalfasport.it/dw/image/v2/BBVV_PRD/on/demandware.static/-/Sites-cisalfa-master/default/dw48fa969c/cisalfa/files/S5273251-UNI/image/S5273251_UNI.jpg?sw=960&sh=1200','desktop',1,'immagine1','image1',181),(422,'2023-04-05 18:22:27',NULL,'https://www.cisalfasport.it/dw/image/v2/BBVV_PRD/on/demandware.static/-/Sites-cisalfa-master/default/dw0728bef9/cisalfa/files/S5273251-UNI/image_sup01/S5273251_UNIcl001.jpg?sw=960&sh=1200','desktop',1,'immagine2','image2',181),(423,'2023-04-05 18:22:28',NULL,'https://www.cisalfasport.it/dw/image/v2/BBVV_PRD/on/demandware.static/-/Sites-cisalfa-master/default/dwf1774847/cisalfa/files/S5273251-UNI/image_sup02/S5273251_UNIcl002.jpg?sw=960&sh=1200','desktop',1,'immagine3','image3',181),(424,'2023-04-05 18:22:28',NULL,'https://www.cisalfasport.it/dw/image/v2/BBVV_PRD/on/demandware.static/-/Sites-cisalfa-master/default/dw5fcb23bb/cisalfa/files/S5273251-UNI/image_sup03/S5273251_UNIcl003.jpg?sw=960&sh=1200','desktop',1,'immagine4','image4',181),(425,'2023-04-05 18:22:32',NULL,'https://www.cisalfasport.it/dw/image/v2/BBVV_PRD/on/demandware.static/-/Sites-cisalfa-master/default/dwb8acc510/cisalfa/files/S5318571-002/image/S5318571_002.jpg?sw=960&sh=1200','desktop',1,'immagine1','image1',182),(426,'2023-04-05 18:22:32',NULL,'https://www.cisalfasport.it/dw/image/v2/BBVV_PRD/on/demandware.static/-/Sites-cisalfa-master/default/dw61ad3ae5/cisalfa/files/S5318571-002/image_sup01/S5318571_002cl001.jpg?sw=960&sh=1200','desktop',1,'immagine2','image2',182),(427,'2023-04-05 18:22:32',NULL,'https://www.cisalfasport.it/dw/image/v2/BBVV_PRD/on/demandware.static/-/Sites-cisalfa-master/default/dwe17f3eb4/cisalfa/files/S5318571-002/image_sup02/S5318571_002cl002.jpg?sw=960&sh=1200','desktop',1,'immagine3','image3',182),(428,'2023-04-05 18:22:32',NULL,'https://www.cisalfasport.it/dw/image/v2/BBVV_PRD/on/demandware.static/-/Sites-cisalfa-master/default/dwa810fdf7/cisalfa/files/S5318571-002/image_sup03/S5318571_002cl003.jpg?sw=960&sh=1200','desktop',1,'immagine4','image4',182),(429,'2023-04-05 18:22:34',NULL,'https://www.cisalfasport.it/dw/image/v2/BBVV_PRD/on/demandware.static/-/Sites-cisalfa-master/default/dwe4fc2c37/cisalfa/files/S5247536-100/image/S5247536_100.jpg?sw=960&sh=1200','desktop',1,'immagine1','image1',183),(430,'2023-04-05 18:22:35',NULL,'https://www.cisalfasport.it/dw/image/v2/BBVV_PRD/on/demandware.static/-/Sites-cisalfa-master/default/dw87abb8c3/cisalfa/files/S5247536-100/image_sup01/S5247536_100cl001.jpg?sw=960&sh=1200','desktop',1,'immagine2','image2',183),(431,'2023-04-05 18:22:35',NULL,'https://www.cisalfasport.it/dw/image/v2/BBVV_PRD/on/demandware.static/-/Sites-cisalfa-master/default/dw5d4c9d15/cisalfa/files/S5247536-100/image_sup02/S5247536_100cl002.jpg?sw=960&sh=1200','desktop',1,'immagine3','image3',183),(432,'2023-04-05 18:22:35',NULL,'https://www.cisalfasport.it/dw/image/v2/BBVV_PRD/on/demandware.static/-/Sites-cisalfa-master/default/dweb565ec2/cisalfa/files/S5247536-100/image_sup03/S5247536_100cl003.jpg?sw=960&sh=1200','desktop',1,'immagine4','image4',183),(433,'2023-04-05 18:22:37',NULL,'https://www.cisalfasport.it/dw/image/v2/BBVV_PRD/on/demandware.static/-/Sites-cisalfa-master/default/dw3a001eef/cisalfa/files/S5249765-316/image/S5249765_316.jpg?sw=960&sh=1200','mobile',1,'immagine1','image1',184),(434,'2023-04-05 18:22:38',NULL,'https://www.cisalfasport.it/dw/image/v2/BBVV_PRD/on/demandware.static/-/Sites-cisalfa-master/default/dw744bf88d/cisalfa/files/S5249765-316/image_sup01/S5249765_316cl001.jpg?sw=960&sh=1200','mobile',2,'immagine2','image2',184),(435,'2023-04-05 18:22:38',NULL,'https://www.cisalfasport.it/dw/image/v2/BBVV_PRD/on/demandware.static/-/Sites-cisalfa-master/default/dwc609346e/cisalfa/files/S5249765-316/image_sup02/S5249765_316cl002.jpg?sw=960&sh=1200','mobile',3,'immagine3','image3',184),(436,'2023-04-05 18:22:38',NULL,'https://www.cisalfasport.it/dw/image/v2/BBVV_PRD/on/demandware.static/-/Sites-cisalfa-master/default/dw8cc562cc/cisalfa/files/S5249765-316/image_sup03/S5249765_316cl003.jpg?sw=960&sh=1200','mobile',4,'immagine4','image4',184),(437,'2023-04-05 18:22:40',NULL,'https://www.cisalfasport.it/dw/image/v2/BBVV_PRD/on/demandware.static/-/Sites-cisalfa-master/default/dwa58a3b0e/cisalfa/files/S5399029-04/image/S5399029_04.jpg?sw=960&sh=1200','mobile',1,'immagine1','image1',185),(438,'2023-04-05 18:22:41',NULL,'https://www.cisalfasport.it/dw/image/v2/BBVV_PRD/on/demandware.static/-/Sites-cisalfa-master/default/dw08bfed95/cisalfa/files/S5399029-04/image_sup01/S5399029_04cl001.jpg?sw=960&sh=1200','mobile',2,'immagine2','image2',185),(439,'2023-04-05 18:22:41',NULL,'https://www.cisalfasport.it/dw/image/v2/BBVV_PRD/on/demandware.static/-/Sites-cisalfa-master/default/dw08bfed95/cisalfa/files/S5399029-04/image_sup01/S5399029_04cl001.jpg?sw=960&sh=1200','mobile',3,'immagine3','image3',185),(440,'2023-04-05 18:22:41',NULL,'https://www.cisalfasport.it/dw/image/v2/BBVV_PRD/on/demandware.static/-/Sites-cisalfa-master/default/dw1b850a77/cisalfa/files/S5399029-04/image_sup03/S5399029_04cl003.jpg?sw=960&sh=1200','mobile',4,'immagine4','image4',185),(441,'2023-04-05 18:22:44',NULL,'https://www.cisalfasport.it/dw/image/v2/BBVV_PRD/on/demandware.static/-/Sites-cisalfa-master/default/dw0b59d5c1/cisalfa/files/S5384830-002/image/S5384830_002.jpg?sw=1440&sh=1800','mobile',1,'immagine1','image1',186),(442,'2023-04-05 18:22:44',NULL,'https://www.cisalfasport.it/dw/image/v2/BBVV_PRD/on/demandware.static/-/Sites-cisalfa-master/default/dw013113a7/cisalfa/files/S5384830-002/image_sup01/S5384830_002cl001.jpg?sw=1440&sh=1800','mobile',2,'immagine2','image2',186),(443,'2023-04-05 18:22:45',NULL,'https://www.cisalfasport.it/dw/image/v2/BBVV_PRD/on/demandware.static/-/Sites-cisalfa-master/default/dw8f56d996/cisalfa/files/S5384830-002/image_sup02/S5384830_002cl002.jpg?sw=1440&sh=1800','mobile',3,'immagine3','image3',186),(444,'2023-04-05 18:22:45',NULL,'https://www.cisalfasport.it/dw/image/v2/BBVV_PRD/on/demandware.static/-/Sites-cisalfa-master/default/dw819b054a/cisalfa/files/S5384830-002/image_sup03/S5384830_002cl003.jpg?sw=1440&sh=1800','mobile',4,'immagine4','image4',186),(445,'2023-04-05 18:22:48',NULL,'https://www.cisalfasport.it/dw/image/v2/BBVV_PRD/on/demandware.static/-/Sites-cisalfa-master/default/dwb2d8be83/cisalfa/files/S4058238-001/image/S4058238_001.jpg?sw=1440&sh=1800','mobile',1,'immagine1','image1',187),(446,'2023-04-05 18:22:48',NULL,'https://www.cisalfasport.it/dw/image/v2/BBVV_PRD/on/demandware.static/-/Sites-cisalfa-master/default/dw1cb824c8/cisalfa/files/S4058238-001/image_sup01/S4058238_001cl001.jpg?sw=1440&sh=1800','mobile',2,'immagine2','image2',187),(447,'2023-04-05 18:22:48',NULL,'https://www.cisalfasport.it/dw/image/v2/BBVV_PRD/on/demandware.static/-/Sites-cisalfa-master/default/dwb1460312/cisalfa/files/S4058238-001/image_sup02/S4058238_001cl002.jpg?sw=1440&sh=1800','mobile',3,'immagine3','image3',187),(448,'2023-04-05 18:22:48',NULL,'https://www.cisalfasport.it/dw/image/v2/BBVV_PRD/on/demandware.static/-/Sites-cisalfa-master/default/dw016e92e1/cisalfa/files/S4058238-001/image_sup03/S4058238_001cl003.jpg?sw=1440&sh=1800','mobile',4,'immagine4','image4',187),(449,'2023-04-05 18:22:52',NULL,'https://www.cisalfasport.it/dw/image/v2/BBVV_PRD/on/demandware.static/-/Sites-cisalfa-master/default/dw97795c99/cisalfa/files/S4116039-02A/image/S4116039_02A.jpg?sw=960&sh=1200','mobile',1,'immagine1','image1',188),(450,'2023-04-05 18:22:52',NULL,'https://www.cisalfasport.it/dw/image/v2/BBVV_PRD/on/demandware.static/-/Sites-cisalfa-master/default/dwb12eb3f6/cisalfa/files/S4116039-02A/image_sup01/S4116039_02Acl001.jpg?sw=960&sh=1200','mobile',2,'immagine2','image2',188),(451,'2023-04-05 18:22:52',NULL,'https://www.cisalfasport.it/dw/image/v2/BBVV_PRD/on/demandware.static/-/Sites-cisalfa-master/default/dw4432b8b9/cisalfa/files/S4116039-02A/image_sup02/S4116039_02Acl002.jpg?sw=960&sh=1200','mobile',3,'immagine3','image3',188),(452,'2023-04-05 18:22:52',NULL,'https://www.cisalfasport.it/dw/image/v2/BBVV_PRD/on/demandware.static/-/Sites-cisalfa-master/default/dw8e994e71/cisalfa/files/S4116039-02A/image_sup03/S4116039_02Acl003.jpg?sw=960&sh=1200','mobile',4,'immagine4','image4',188),(453,'2023-04-05 18:22:56',NULL,'https://www.cisalfasport.it/dw/image/v2/BBVV_PRD/on/demandware.static/-/Sites-cisalfa-master/default/dw6d8538e9/cisalfa/files/S5549719-ABIW/image/S5549719_ABIW.jpg?sw=960&sh=1200','mobile',1,'immagine1','image1',189),(454,'2023-04-05 18:22:56',NULL,'https://www.cisalfasport.it/dw/image/v2/BBVV_PRD/on/demandware.static/-/Sites-cisalfa-master/default/dw8d9960aa/cisalfa/files/S5549719-ABIW/image_sup01/S5549719_ABIWcl001.jpg?sw=960&sh=1200','mobile',2,'immagine2','image2',189),(455,'2023-04-05 18:22:56',NULL,'https://www.cisalfasport.it/dw/image/v2/BBVV_PRD/on/demandware.static/-/Sites-cisalfa-master/default/dwa2718ab9/cisalfa/files/S5549719-ABIW/image_sup02/S5549719_ABIWcl002.jpg?sw=960&sh=1200','mobile',3,'immagine3','image3',189),(456,'2023-04-05 18:22:57',NULL,'https://www.cisalfasport.it/dw/image/v2/BBVV_PRD/on/demandware.static/-/Sites-cisalfa-master/default/dw705512ed/cisalfa/files/S5549719-ABIW/image_sup03/S5549719_ABIWcl003.jpg?sw=960&sh=1200','mobile',4,'immagine4','image4',189),(457,'2023-04-05 18:23:00',NULL,'https://www.cisalfasport.it/dw/image/v2/BBVV_PRD/on/demandware.static/-/Sites-cisalfa-master/default/dw202418fe/cisalfa/files/S2012923-001/image/S2012923_001.jpg?sw=960&sh=1200','desktop',1,'immagine1','image1',190),(458,'2023-04-05 18:23:01',NULL,'https://www.cisalfasport.it/dw/image/v2/BBVV_PRD/on/demandware.static/-/Sites-cisalfa-master/default/dw86cfd833/cisalfa/files/S2012923-001/image_sup01/S2012923_001cl001.jpg?sw=960&sh=1200','desktop',1,'immagine2','image2',190),(459,'2023-04-05 18:23:01',NULL,'https://www.cisalfasport.it/dw/image/v2/BBVV_PRD/on/demandware.static/-/Sites-cisalfa-master/default/dwc6177b05/cisalfa/files/S2012923-001/image_sup04/S2012923_001cl004.jpg?sw=960&sh=1200','desktop',1,'immagine3','image3',190),(460,'2023-04-05 18:23:01',NULL,'https://www.cisalfasport.it/dw/image/v2/BBVV_PRD/on/demandware.static/-/Sites-cisalfa-master/default/dw89c255de/cisalfa/files/S2012923-001/image_sup05/S2012923_001cl005.jpg?sw=960&sh=1200','desktop',1,'immagine4','image4',190),(461,'2023-04-05 18:23:03',NULL,'https://www.cisalfasport.it/dw/image/v2/BBVV_PRD/on/demandware.static/-/Sites-cisalfa-master/default/dw48fa969c/cisalfa/files/S5273251-UNI/image/S5273251_UNI.jpg?sw=960&sh=1200','desktop',1,'immagine1','image1',191),(462,'2023-04-05 18:23:03',NULL,'https://www.cisalfasport.it/dw/image/v2/BBVV_PRD/on/demandware.static/-/Sites-cisalfa-master/default/dw0728bef9/cisalfa/files/S5273251-UNI/image_sup01/S5273251_UNIcl001.jpg?sw=960&sh=1200','desktop',1,'immagine2','image2',191),(463,'2023-04-05 18:23:03',NULL,'https://www.cisalfasport.it/dw/image/v2/BBVV_PRD/on/demandware.static/-/Sites-cisalfa-master/default/dwf1774847/cisalfa/files/S5273251-UNI/image_sup02/S5273251_UNIcl002.jpg?sw=960&sh=1200','desktop',1,'immagine3','image3',191),(464,'2023-04-05 18:23:04',NULL,'https://www.cisalfasport.it/dw/image/v2/BBVV_PRD/on/demandware.static/-/Sites-cisalfa-master/default/dw5fcb23bb/cisalfa/files/S5273251-UNI/image_sup03/S5273251_UNIcl003.jpg?sw=960&sh=1200','desktop',1,'immagine4','image4',191),(465,'2023-04-05 18:23:07',NULL,'https://www.cisalfasport.it/dw/image/v2/BBVV_PRD/on/demandware.static/-/Sites-cisalfa-master/default/dwb8acc510/cisalfa/files/S5318571-002/image/S5318571_002.jpg?sw=960&sh=1200','desktop',1,'immagine1','image1',192),(466,'2023-04-05 18:23:08',NULL,'https://www.cisalfasport.it/dw/image/v2/BBVV_PRD/on/demandware.static/-/Sites-cisalfa-master/default/dw61ad3ae5/cisalfa/files/S5318571-002/image_sup01/S5318571_002cl001.jpg?sw=960&sh=1200','desktop',1,'immagine2','image2',192),(467,'2023-04-05 18:23:08',NULL,'https://www.cisalfasport.it/dw/image/v2/BBVV_PRD/on/demandware.static/-/Sites-cisalfa-master/default/dwe17f3eb4/cisalfa/files/S5318571-002/image_sup02/S5318571_002cl002.jpg?sw=960&sh=1200','desktop',1,'immagine3','image3',192),(468,'2023-04-05 18:23:08',NULL,'https://www.cisalfasport.it/dw/image/v2/BBVV_PRD/on/demandware.static/-/Sites-cisalfa-master/default/dwa810fdf7/cisalfa/files/S5318571-002/image_sup03/S5318571_002cl003.jpg?sw=960&sh=1200','desktop',1,'immagine4','image4',192),(469,'2023-04-05 18:23:10',NULL,'https://www.cisalfasport.it/dw/image/v2/BBVV_PRD/on/demandware.static/-/Sites-cisalfa-master/default/dwe4fc2c37/cisalfa/files/S5247536-100/image/S5247536_100.jpg?sw=960&sh=1200','desktop',1,'immagine1','image1',193),(470,'2023-04-05 18:23:10',NULL,'https://www.cisalfasport.it/dw/image/v2/BBVV_PRD/on/demandware.static/-/Sites-cisalfa-master/default/dw87abb8c3/cisalfa/files/S5247536-100/image_sup01/S5247536_100cl001.jpg?sw=960&sh=1200','desktop',1,'immagine2','image2',193),(471,'2023-04-05 18:23:10',NULL,'https://www.cisalfasport.it/dw/image/v2/BBVV_PRD/on/demandware.static/-/Sites-cisalfa-master/default/dw5d4c9d15/cisalfa/files/S5247536-100/image_sup02/S5247536_100cl002.jpg?sw=960&sh=1200','desktop',1,'immagine3','image3',193),(472,'2023-04-05 18:23:11',NULL,'https://www.cisalfasport.it/dw/image/v2/BBVV_PRD/on/demandware.static/-/Sites-cisalfa-master/default/dweb565ec2/cisalfa/files/S5247536-100/image_sup03/S5247536_100cl003.jpg?sw=960&sh=1200','desktop',1,'immagine4','image4',193),(473,'2023-04-05 18:23:13',NULL,'https://www.cisalfasport.it/dw/image/v2/BBVV_PRD/on/demandware.static/-/Sites-cisalfa-master/default/dw3a001eef/cisalfa/files/S5249765-316/image/S5249765_316.jpg?sw=960&sh=1200','mobile',1,'immagine1','image1',194),(474,'2023-04-05 18:23:13',NULL,'https://www.cisalfasport.it/dw/image/v2/BBVV_PRD/on/demandware.static/-/Sites-cisalfa-master/default/dw744bf88d/cisalfa/files/S5249765-316/image_sup01/S5249765_316cl001.jpg?sw=960&sh=1200','mobile',2,'immagine2','image2',194),(475,'2023-04-05 18:23:14',NULL,'https://www.cisalfasport.it/dw/image/v2/BBVV_PRD/on/demandware.static/-/Sites-cisalfa-master/default/dwc609346e/cisalfa/files/S5249765-316/image_sup02/S5249765_316cl002.jpg?sw=960&sh=1200','mobile',3,'immagine3','image3',194),(476,'2023-04-05 18:23:14',NULL,'https://www.cisalfasport.it/dw/image/v2/BBVV_PRD/on/demandware.static/-/Sites-cisalfa-master/default/dw8cc562cc/cisalfa/files/S5249765-316/image_sup03/S5249765_316cl003.jpg?sw=960&sh=1200','mobile',4,'immagine4','image4',194),(477,'2023-04-05 18:23:16',NULL,'https://www.cisalfasport.it/dw/image/v2/BBVV_PRD/on/demandware.static/-/Sites-cisalfa-master/default/dwa58a3b0e/cisalfa/files/S5399029-04/image/S5399029_04.jpg?sw=960&sh=1200','mobile',1,'immagine1','image1',195),(478,'2023-04-05 18:23:16',NULL,'https://www.cisalfasport.it/dw/image/v2/BBVV_PRD/on/demandware.static/-/Sites-cisalfa-master/default/dw08bfed95/cisalfa/files/S5399029-04/image_sup01/S5399029_04cl001.jpg?sw=960&sh=1200','mobile',2,'immagine2','image2',195),(479,'2023-04-05 18:23:16',NULL,'https://www.cisalfasport.it/dw/image/v2/BBVV_PRD/on/demandware.static/-/Sites-cisalfa-master/default/dw08bfed95/cisalfa/files/S5399029-04/image_sup01/S5399029_04cl001.jpg?sw=960&sh=1200','mobile',3,'immagine3','image3',195),(480,'2023-04-05 18:23:17',NULL,'https://www.cisalfasport.it/dw/image/v2/BBVV_PRD/on/demandware.static/-/Sites-cisalfa-master/default/dw1b850a77/cisalfa/files/S5399029-04/image_sup03/S5399029_04cl003.jpg?sw=960&sh=1200','mobile',4,'immagine4','image4',195),(481,'2023-04-05 18:23:20',NULL,'https://www.cisalfasport.it/dw/image/v2/BBVV_PRD/on/demandware.static/-/Sites-cisalfa-master/default/dw0b59d5c1/cisalfa/files/S5384830-002/image/S5384830_002.jpg?sw=1440&sh=1800','mobile',1,'immagine1','image1',196),(482,'2023-04-05 18:23:20',NULL,'https://www.cisalfasport.it/dw/image/v2/BBVV_PRD/on/demandware.static/-/Sites-cisalfa-master/default/dw013113a7/cisalfa/files/S5384830-002/image_sup01/S5384830_002cl001.jpg?sw=1440&sh=1800','mobile',2,'immagine2','image2',196),(483,'2023-04-05 18:23:20',NULL,'https://www.cisalfasport.it/dw/image/v2/BBVV_PRD/on/demandware.static/-/Sites-cisalfa-master/default/dw8f56d996/cisalfa/files/S5384830-002/image_sup02/S5384830_002cl002.jpg?sw=1440&sh=1800','mobile',3,'immagine3','image3',196),(484,'2023-04-05 18:23:20',NULL,'https://www.cisalfasport.it/dw/image/v2/BBVV_PRD/on/demandware.static/-/Sites-cisalfa-master/default/dw819b054a/cisalfa/files/S5384830-002/image_sup03/S5384830_002cl003.jpg?sw=1440&sh=1800','mobile',4,'immagine4','image4',196),(485,'2023-04-05 18:23:23',NULL,'https://www.cisalfasport.it/dw/image/v2/BBVV_PRD/on/demandware.static/-/Sites-cisalfa-master/default/dwb2d8be83/cisalfa/files/S4058238-001/image/S4058238_001.jpg?sw=1440&sh=1800','mobile',1,'immagine1','image1',197),(486,'2023-04-05 18:23:23',NULL,'https://www.cisalfasport.it/dw/image/v2/BBVV_PRD/on/demandware.static/-/Sites-cisalfa-master/default/dw1cb824c8/cisalfa/files/S4058238-001/image_sup01/S4058238_001cl001.jpg?sw=1440&sh=1800','mobile',2,'immagine2','image2',197),(487,'2023-04-05 18:23:24',NULL,'https://www.cisalfasport.it/dw/image/v2/BBVV_PRD/on/demandware.static/-/Sites-cisalfa-master/default/dwb1460312/cisalfa/files/S4058238-001/image_sup02/S4058238_001cl002.jpg?sw=1440&sh=1800','mobile',3,'immagine3','image3',197),(488,'2023-04-05 18:23:24',NULL,'https://www.cisalfasport.it/dw/image/v2/BBVV_PRD/on/demandware.static/-/Sites-cisalfa-master/default/dw016e92e1/cisalfa/files/S4058238-001/image_sup03/S4058238_001cl003.jpg?sw=1440&sh=1800','mobile',4,'immagine4','image4',197),(489,'2023-04-05 18:23:27',NULL,'https://www.cisalfasport.it/dw/image/v2/BBVV_PRD/on/demandware.static/-/Sites-cisalfa-master/default/dw97795c99/cisalfa/files/S4116039-02A/image/S4116039_02A.jpg?sw=960&sh=1200','mobile',1,'immagine1','image1',198),(490,'2023-04-05 18:23:27',NULL,'https://www.cisalfasport.it/dw/image/v2/BBVV_PRD/on/demandware.static/-/Sites-cisalfa-master/default/dwb12eb3f6/cisalfa/files/S4116039-02A/image_sup01/S4116039_02Acl001.jpg?sw=960&sh=1200','mobile',2,'immagine2','image2',198),(491,'2023-04-05 18:23:27',NULL,'https://www.cisalfasport.it/dw/image/v2/BBVV_PRD/on/demandware.static/-/Sites-cisalfa-master/default/dw4432b8b9/cisalfa/files/S4116039-02A/image_sup02/S4116039_02Acl002.jpg?sw=960&sh=1200','mobile',3,'immagine3','image3',198),(492,'2023-04-05 18:23:27',NULL,'https://www.cisalfasport.it/dw/image/v2/BBVV_PRD/on/demandware.static/-/Sites-cisalfa-master/default/dw8e994e71/cisalfa/files/S4116039-02A/image_sup03/S4116039_02Acl003.jpg?sw=960&sh=1200','mobile',4,'immagine4','image4',198),(493,'2023-04-05 18:23:31',NULL,'https://www.cisalfasport.it/dw/image/v2/BBVV_PRD/on/demandware.static/-/Sites-cisalfa-master/default/dw6d8538e9/cisalfa/files/S5549719-ABIW/image/S5549719_ABIW.jpg?sw=960&sh=1200','mobile',1,'immagine1','image1',199),(494,'2023-04-05 18:23:31',NULL,'https://www.cisalfasport.it/dw/image/v2/BBVV_PRD/on/demandware.static/-/Sites-cisalfa-master/default/dw8d9960aa/cisalfa/files/S5549719-ABIW/image_sup01/S5549719_ABIWcl001.jpg?sw=960&sh=1200','mobile',2,'immagine2','image2',199),(495,'2023-04-05 18:23:31',NULL,'https://www.cisalfasport.it/dw/image/v2/BBVV_PRD/on/demandware.static/-/Sites-cisalfa-master/default/dwa2718ab9/cisalfa/files/S5549719-ABIW/image_sup02/S5549719_ABIWcl002.jpg?sw=960&sh=1200','mobile',3,'immagine3','image3',199),(496,'2023-04-05 18:23:32',NULL,'https://www.cisalfasport.it/dw/image/v2/BBVV_PRD/on/demandware.static/-/Sites-cisalfa-master/default/dw705512ed/cisalfa/files/S5549719-ABIW/image_sup03/S5549719_ABIWcl003.jpg?sw=960&sh=1200','mobile',4,'immagine4','image4',199),(497,'2023-04-05 18:23:35',NULL,'https://www.cisalfasport.it/dw/image/v2/BBVV_PRD/on/demandware.static/-/Sites-cisalfa-master/default/dw202418fe/cisalfa/files/S2012923-001/image/S2012923_001.jpg?sw=960&sh=1200','desktop',1,'immagine1','image1',200),(498,'2023-04-05 18:23:36',NULL,'https://www.cisalfasport.it/dw/image/v2/BBVV_PRD/on/demandware.static/-/Sites-cisalfa-master/default/dw86cfd833/cisalfa/files/S2012923-001/image_sup01/S2012923_001cl001.jpg?sw=960&sh=1200','desktop',1,'immagine2','image2',200),(499,'2023-04-05 18:23:36',NULL,'https://www.cisalfasport.it/dw/image/v2/BBVV_PRD/on/demandware.static/-/Sites-cisalfa-master/default/dwc6177b05/cisalfa/files/S2012923-001/image_sup04/S2012923_001cl004.jpg?sw=960&sh=1200','desktop',1,'immagine3','image3',200),(500,'2023-04-05 18:23:36',NULL,'https://www.cisalfasport.it/dw/image/v2/BBVV_PRD/on/demandware.static/-/Sites-cisalfa-master/default/dw89c255de/cisalfa/files/S2012923-001/image_sup05/S2012923_001cl005.jpg?sw=960&sh=1200','desktop',1,'immagine4','image4',200),(501,'2023-04-05 18:23:38',NULL,'https://www.cisalfasport.it/dw/image/v2/BBVV_PRD/on/demandware.static/-/Sites-cisalfa-master/default/dw48fa969c/cisalfa/files/S5273251-UNI/image/S5273251_UNI.jpg?sw=960&sh=1200','desktop',1,'immagine1','image1',201),(502,'2023-04-05 18:23:38',NULL,'https://www.cisalfasport.it/dw/image/v2/BBVV_PRD/on/demandware.static/-/Sites-cisalfa-master/default/dw0728bef9/cisalfa/files/S5273251-UNI/image_sup01/S5273251_UNIcl001.jpg?sw=960&sh=1200','desktop',1,'immagine2','image2',201),(503,'2023-04-05 18:23:39',NULL,'https://www.cisalfasport.it/dw/image/v2/BBVV_PRD/on/demandware.static/-/Sites-cisalfa-master/default/dwf1774847/cisalfa/files/S5273251-UNI/image_sup02/S5273251_UNIcl002.jpg?sw=960&sh=1200','desktop',1,'immagine3','image3',201),(504,'2023-04-05 18:23:39',NULL,'https://www.cisalfasport.it/dw/image/v2/BBVV_PRD/on/demandware.static/-/Sites-cisalfa-master/default/dw5fcb23bb/cisalfa/files/S5273251-UNI/image_sup03/S5273251_UNIcl003.jpg?sw=960&sh=1200','desktop',1,'immagine4','image4',201),(505,'2023-04-05 18:23:42',NULL,'https://www.cisalfasport.it/dw/image/v2/BBVV_PRD/on/demandware.static/-/Sites-cisalfa-master/default/dwb8acc510/cisalfa/files/S5318571-002/image/S5318571_002.jpg?sw=960&sh=1200','desktop',1,'immagine1','image1',202),(506,'2023-04-05 18:23:42',NULL,'https://www.cisalfasport.it/dw/image/v2/BBVV_PRD/on/demandware.static/-/Sites-cisalfa-master/default/dw61ad3ae5/cisalfa/files/S5318571-002/image_sup01/S5318571_002cl001.jpg?sw=960&sh=1200','desktop',1,'immagine2','image2',202),(507,'2023-04-05 18:23:43',NULL,'https://www.cisalfasport.it/dw/image/v2/BBVV_PRD/on/demandware.static/-/Sites-cisalfa-master/default/dwe17f3eb4/cisalfa/files/S5318571-002/image_sup02/S5318571_002cl002.jpg?sw=960&sh=1200','desktop',1,'immagine3','image3',202),(508,'2023-04-05 18:23:43',NULL,'https://www.cisalfasport.it/dw/image/v2/BBVV_PRD/on/demandware.static/-/Sites-cisalfa-master/default/dwa810fdf7/cisalfa/files/S5318571-002/image_sup03/S5318571_002cl003.jpg?sw=960&sh=1200','desktop',1,'immagine4','image4',202),(509,'2023-04-05 18:23:45',NULL,'https://www.cisalfasport.it/dw/image/v2/BBVV_PRD/on/demandware.static/-/Sites-cisalfa-master/default/dwe4fc2c37/cisalfa/files/S5247536-100/image/S5247536_100.jpg?sw=960&sh=1200','desktop',1,'immagine1','image1',203),(510,'2023-04-05 18:23:45',NULL,'https://www.cisalfasport.it/dw/image/v2/BBVV_PRD/on/demandware.static/-/Sites-cisalfa-master/default/dw87abb8c3/cisalfa/files/S5247536-100/image_sup01/S5247536_100cl001.jpg?sw=960&sh=1200','desktop',1,'immagine2','image2',203),(511,'2023-04-05 18:23:45',NULL,'https://www.cisalfasport.it/dw/image/v2/BBVV_PRD/on/demandware.static/-/Sites-cisalfa-master/default/dw5d4c9d15/cisalfa/files/S5247536-100/image_sup02/S5247536_100cl002.jpg?sw=960&sh=1200','desktop',1,'immagine3','image3',203),(512,'2023-04-05 18:23:46',NULL,'https://www.cisalfasport.it/dw/image/v2/BBVV_PRD/on/demandware.static/-/Sites-cisalfa-master/default/dweb565ec2/cisalfa/files/S5247536-100/image_sup03/S5247536_100cl003.jpg?sw=960&sh=1200','desktop',1,'immagine4','image4',203),(513,'2023-04-05 18:23:48',NULL,'https://www.cisalfasport.it/dw/image/v2/BBVV_PRD/on/demandware.static/-/Sites-cisalfa-master/default/dw3a001eef/cisalfa/files/S5249765-316/image/S5249765_316.jpg?sw=960&sh=1200','mobile',1,'immagine1','image1',204),(514,'2023-04-05 18:23:48',NULL,'https://www.cisalfasport.it/dw/image/v2/BBVV_PRD/on/demandware.static/-/Sites-cisalfa-master/default/dw744bf88d/cisalfa/files/S5249765-316/image_sup01/S5249765_316cl001.jpg?sw=960&sh=1200','mobile',2,'immagine2','image2',204),(515,'2023-04-05 18:23:48',NULL,'https://www.cisalfasport.it/dw/image/v2/BBVV_PRD/on/demandware.static/-/Sites-cisalfa-master/default/dwc609346e/cisalfa/files/S5249765-316/image_sup02/S5249765_316cl002.jpg?sw=960&sh=1200','mobile',3,'immagine3','image3',204),(516,'2023-04-05 18:23:48',NULL,'https://www.cisalfasport.it/dw/image/v2/BBVV_PRD/on/demandware.static/-/Sites-cisalfa-master/default/dw8cc562cc/cisalfa/files/S5249765-316/image_sup03/S5249765_316cl003.jpg?sw=960&sh=1200','mobile',4,'immagine4','image4',204),(517,'2023-04-05 18:23:50',NULL,'https://www.cisalfasport.it/dw/image/v2/BBVV_PRD/on/demandware.static/-/Sites-cisalfa-master/default/dwa58a3b0e/cisalfa/files/S5399029-04/image/S5399029_04.jpg?sw=960&sh=1200','mobile',1,'immagine1','image1',205),(518,'2023-04-05 18:23:51',NULL,'https://www.cisalfasport.it/dw/image/v2/BBVV_PRD/on/demandware.static/-/Sites-cisalfa-master/default/dw08bfed95/cisalfa/files/S5399029-04/image_sup01/S5399029_04cl001.jpg?sw=960&sh=1200','mobile',2,'immagine2','image2',205),(519,'2023-04-05 18:23:51',NULL,'https://www.cisalfasport.it/dw/image/v2/BBVV_PRD/on/demandware.static/-/Sites-cisalfa-master/default/dw08bfed95/cisalfa/files/S5399029-04/image_sup01/S5399029_04cl001.jpg?sw=960&sh=1200','mobile',3,'immagine3','image3',205),(520,'2023-04-05 18:23:51',NULL,'https://www.cisalfasport.it/dw/image/v2/BBVV_PRD/on/demandware.static/-/Sites-cisalfa-master/default/dw1b850a77/cisalfa/files/S5399029-04/image_sup03/S5399029_04cl003.jpg?sw=960&sh=1200','mobile',4,'immagine4','image4',205),(521,'2023-04-05 18:23:54',NULL,'https://www.cisalfasport.it/dw/image/v2/BBVV_PRD/on/demandware.static/-/Sites-cisalfa-master/default/dw0b59d5c1/cisalfa/files/S5384830-002/image/S5384830_002.jpg?sw=1440&sh=1800','mobile',1,'immagine1','image1',206),(522,'2023-04-05 18:23:54',NULL,'https://www.cisalfasport.it/dw/image/v2/BBVV_PRD/on/demandware.static/-/Sites-cisalfa-master/default/dw013113a7/cisalfa/files/S5384830-002/image_sup01/S5384830_002cl001.jpg?sw=1440&sh=1800','mobile',2,'immagine2','image2',206),(523,'2023-04-05 18:23:55',NULL,'https://www.cisalfasport.it/dw/image/v2/BBVV_PRD/on/demandware.static/-/Sites-cisalfa-master/default/dw8f56d996/cisalfa/files/S5384830-002/image_sup02/S5384830_002cl002.jpg?sw=1440&sh=1800','mobile',3,'immagine3','image3',206),(524,'2023-04-05 18:23:55',NULL,'https://www.cisalfasport.it/dw/image/v2/BBVV_PRD/on/demandware.static/-/Sites-cisalfa-master/default/dw819b054a/cisalfa/files/S5384830-002/image_sup03/S5384830_002cl003.jpg?sw=1440&sh=1800','mobile',4,'immagine4','image4',206),(525,'2023-04-05 18:23:58',NULL,'https://www.cisalfasport.it/dw/image/v2/BBVV_PRD/on/demandware.static/-/Sites-cisalfa-master/default/dwb2d8be83/cisalfa/files/S4058238-001/image/S4058238_001.jpg?sw=1440&sh=1800','mobile',1,'immagine1','image1',207),(526,'2023-04-05 18:23:58',NULL,'https://www.cisalfasport.it/dw/image/v2/BBVV_PRD/on/demandware.static/-/Sites-cisalfa-master/default/dw1cb824c8/cisalfa/files/S4058238-001/image_sup01/S4058238_001cl001.jpg?sw=1440&sh=1800','mobile',2,'immagine2','image2',207),(527,'2023-04-05 18:23:58',NULL,'https://www.cisalfasport.it/dw/image/v2/BBVV_PRD/on/demandware.static/-/Sites-cisalfa-master/default/dwb1460312/cisalfa/files/S4058238-001/image_sup02/S4058238_001cl002.jpg?sw=1440&sh=1800','mobile',3,'immagine3','image3',207),(528,'2023-04-05 18:23:58',NULL,'https://www.cisalfasport.it/dw/image/v2/BBVV_PRD/on/demandware.static/-/Sites-cisalfa-master/default/dw016e92e1/cisalfa/files/S4058238-001/image_sup03/S4058238_001cl003.jpg?sw=1440&sh=1800','mobile',4,'immagine4','image4',207),(529,'2023-04-05 18:24:02',NULL,'https://www.cisalfasport.it/dw/image/v2/BBVV_PRD/on/demandware.static/-/Sites-cisalfa-master/default/dw97795c99/cisalfa/files/S4116039-02A/image/S4116039_02A.jpg?sw=960&sh=1200','mobile',1,'immagine1','image1',208),(530,'2023-04-05 18:24:02',NULL,'https://www.cisalfasport.it/dw/image/v2/BBVV_PRD/on/demandware.static/-/Sites-cisalfa-master/default/dwb12eb3f6/cisalfa/files/S4116039-02A/image_sup01/S4116039_02Acl001.jpg?sw=960&sh=1200','mobile',2,'immagine2','image2',208),(531,'2023-04-05 18:24:03',NULL,'https://www.cisalfasport.it/dw/image/v2/BBVV_PRD/on/demandware.static/-/Sites-cisalfa-master/default/dw4432b8b9/cisalfa/files/S4116039-02A/image_sup02/S4116039_02Acl002.jpg?sw=960&sh=1200','mobile',3,'immagine3','image3',208),(532,'2023-04-05 18:24:03',NULL,'https://www.cisalfasport.it/dw/image/v2/BBVV_PRD/on/demandware.static/-/Sites-cisalfa-master/default/dw8e994e71/cisalfa/files/S4116039-02A/image_sup03/S4116039_02Acl003.jpg?sw=960&sh=1200','mobile',4,'immagine4','image4',208),(533,'2023-04-05 18:24:07',NULL,'https://www.cisalfasport.it/dw/image/v2/BBVV_PRD/on/demandware.static/-/Sites-cisalfa-master/default/dw6d8538e9/cisalfa/files/S5549719-ABIW/image/S5549719_ABIW.jpg?sw=960&sh=1200','mobile',1,'immagine1','image1',209),(534,'2023-04-05 18:24:07',NULL,'https://www.cisalfasport.it/dw/image/v2/BBVV_PRD/on/demandware.static/-/Sites-cisalfa-master/default/dw8d9960aa/cisalfa/files/S5549719-ABIW/image_sup01/S5549719_ABIWcl001.jpg?sw=960&sh=1200','mobile',2,'immagine2','image2',209),(535,'2023-04-05 18:24:07',NULL,'https://www.cisalfasport.it/dw/image/v2/BBVV_PRD/on/demandware.static/-/Sites-cisalfa-master/default/dwa2718ab9/cisalfa/files/S5549719-ABIW/image_sup02/S5549719_ABIWcl002.jpg?sw=960&sh=1200','mobile',3,'immagine3','image3',209),(536,'2023-04-05 18:24:07',NULL,'https://www.cisalfasport.it/dw/image/v2/BBVV_PRD/on/demandware.static/-/Sites-cisalfa-master/default/dw705512ed/cisalfa/files/S5549719-ABIW/image_sup03/S5549719_ABIWcl003.jpg?sw=960&sh=1200','mobile',4,'immagine4','image4',209),(537,'2023-04-05 18:24:11',NULL,'https://www.cisalfasport.it/dw/image/v2/BBVV_PRD/on/demandware.static/-/Sites-cisalfa-master/default/dw202418fe/cisalfa/files/S2012923-001/image/S2012923_001.jpg?sw=960&sh=1200','desktop',1,'immagine1','image1',210),(538,'2023-04-05 18:24:11',NULL,'https://www.cisalfasport.it/dw/image/v2/BBVV_PRD/on/demandware.static/-/Sites-cisalfa-master/default/dw86cfd833/cisalfa/files/S2012923-001/image_sup01/S2012923_001cl001.jpg?sw=960&sh=1200','desktop',1,'immagine2','image2',210),(539,'2023-04-05 18:24:11',NULL,'https://www.cisalfasport.it/dw/image/v2/BBVV_PRD/on/demandware.static/-/Sites-cisalfa-master/default/dwc6177b05/cisalfa/files/S2012923-001/image_sup04/S2012923_001cl004.jpg?sw=960&sh=1200','desktop',1,'immagine3','image3',210),(540,'2023-04-05 18:24:11',NULL,'https://www.cisalfasport.it/dw/image/v2/BBVV_PRD/on/demandware.static/-/Sites-cisalfa-master/default/dw89c255de/cisalfa/files/S2012923-001/image_sup05/S2012923_001cl005.jpg?sw=960&sh=1200','desktop',1,'immagine4','image4',210),(541,'2023-04-05 18:24:14',NULL,'https://www.cisalfasport.it/dw/image/v2/BBVV_PRD/on/demandware.static/-/Sites-cisalfa-master/default/dw48fa969c/cisalfa/files/S5273251-UNI/image/S5273251_UNI.jpg?sw=960&sh=1200','desktop',1,'immagine1','image1',211),(542,'2023-04-05 18:24:14',NULL,'https://www.cisalfasport.it/dw/image/v2/BBVV_PRD/on/demandware.static/-/Sites-cisalfa-master/default/dw0728bef9/cisalfa/files/S5273251-UNI/image_sup01/S5273251_UNIcl001.jpg?sw=960&sh=1200','desktop',1,'immagine2','image2',211),(543,'2023-04-05 18:24:14',NULL,'https://www.cisalfasport.it/dw/image/v2/BBVV_PRD/on/demandware.static/-/Sites-cisalfa-master/default/dwf1774847/cisalfa/files/S5273251-UNI/image_sup02/S5273251_UNIcl002.jpg?sw=960&sh=1200','desktop',1,'immagine3','image3',211),(544,'2023-04-05 18:24:15',NULL,'https://www.cisalfasport.it/dw/image/v2/BBVV_PRD/on/demandware.static/-/Sites-cisalfa-master/default/dw5fcb23bb/cisalfa/files/S5273251-UNI/image_sup03/S5273251_UNIcl003.jpg?sw=960&sh=1200','desktop',1,'immagine4','image4',211),(545,'2023-04-05 18:24:19',NULL,'https://www.cisalfasport.it/dw/image/v2/BBVV_PRD/on/demandware.static/-/Sites-cisalfa-master/default/dwb8acc510/cisalfa/files/S5318571-002/image/S5318571_002.jpg?sw=960&sh=1200','desktop',1,'immagine1','image1',212),(546,'2023-04-05 18:24:19',NULL,'https://www.cisalfasport.it/dw/image/v2/BBVV_PRD/on/demandware.static/-/Sites-cisalfa-master/default/dw61ad3ae5/cisalfa/files/S5318571-002/image_sup01/S5318571_002cl001.jpg?sw=960&sh=1200','desktop',1,'immagine2','image2',212),(547,'2023-04-05 18:24:19',NULL,'https://www.cisalfasport.it/dw/image/v2/BBVV_PRD/on/demandware.static/-/Sites-cisalfa-master/default/dwe17f3eb4/cisalfa/files/S5318571-002/image_sup02/S5318571_002cl002.jpg?sw=960&sh=1200','desktop',1,'immagine3','image3',212),(548,'2023-04-05 18:24:19',NULL,'https://www.cisalfasport.it/dw/image/v2/BBVV_PRD/on/demandware.static/-/Sites-cisalfa-master/default/dwa810fdf7/cisalfa/files/S5318571-002/image_sup03/S5318571_002cl003.jpg?sw=960&sh=1200','desktop',1,'immagine4','image4',212),(549,'2023-04-05 18:24:21',NULL,'https://www.cisalfasport.it/dw/image/v2/BBVV_PRD/on/demandware.static/-/Sites-cisalfa-master/default/dwe4fc2c37/cisalfa/files/S5247536-100/image/S5247536_100.jpg?sw=960&sh=1200','desktop',1,'immagine1','image1',213),(550,'2023-04-05 18:24:22',NULL,'https://www.cisalfasport.it/dw/image/v2/BBVV_PRD/on/demandware.static/-/Sites-cisalfa-master/default/dw87abb8c3/cisalfa/files/S5247536-100/image_sup01/S5247536_100cl001.jpg?sw=960&sh=1200','desktop',1,'immagine2','image2',213),(551,'2023-04-05 18:24:22',NULL,'https://www.cisalfasport.it/dw/image/v2/BBVV_PRD/on/demandware.static/-/Sites-cisalfa-master/default/dw5d4c9d15/cisalfa/files/S5247536-100/image_sup02/S5247536_100cl002.jpg?sw=960&sh=1200','desktop',1,'immagine3','image3',213),(552,'2023-04-05 18:24:22',NULL,'https://www.cisalfasport.it/dw/image/v2/BBVV_PRD/on/demandware.static/-/Sites-cisalfa-master/default/dweb565ec2/cisalfa/files/S5247536-100/image_sup03/S5247536_100cl003.jpg?sw=960&sh=1200','desktop',1,'immagine4','image4',213),(553,'2023-04-05 18:24:24',NULL,'https://www.cisalfasport.it/dw/image/v2/BBVV_PRD/on/demandware.static/-/Sites-cisalfa-master/default/dw3a001eef/cisalfa/files/S5249765-316/image/S5249765_316.jpg?sw=960&sh=1200','mobile',1,'immagine1','image1',214),(554,'2023-04-05 18:24:24',NULL,'https://www.cisalfasport.it/dw/image/v2/BBVV_PRD/on/demandware.static/-/Sites-cisalfa-master/default/dw744bf88d/cisalfa/files/S5249765-316/image_sup01/S5249765_316cl001.jpg?sw=960&sh=1200','mobile',2,'immagine2','image2',214),(555,'2023-04-05 18:24:25',NULL,'https://www.cisalfasport.it/dw/image/v2/BBVV_PRD/on/demandware.static/-/Sites-cisalfa-master/default/dwc609346e/cisalfa/files/S5249765-316/image_sup02/S5249765_316cl002.jpg?sw=960&sh=1200','mobile',3,'immagine3','image3',214),(556,'2023-04-05 18:24:25',NULL,'https://www.cisalfasport.it/dw/image/v2/BBVV_PRD/on/demandware.static/-/Sites-cisalfa-master/default/dw8cc562cc/cisalfa/files/S5249765-316/image_sup03/S5249765_316cl003.jpg?sw=960&sh=1200','mobile',4,'immagine4','image4',214),(557,'2023-04-05 18:24:27',NULL,'https://www.cisalfasport.it/dw/image/v2/BBVV_PRD/on/demandware.static/-/Sites-cisalfa-master/default/dwa58a3b0e/cisalfa/files/S5399029-04/image/S5399029_04.jpg?sw=960&sh=1200','mobile',1,'immagine1','image1',215),(558,'2023-04-05 18:24:27',NULL,'https://www.cisalfasport.it/dw/image/v2/BBVV_PRD/on/demandware.static/-/Sites-cisalfa-master/default/dw08bfed95/cisalfa/files/S5399029-04/image_sup01/S5399029_04cl001.jpg?sw=960&sh=1200','mobile',2,'immagine2','image2',215),(559,'2023-04-05 18:24:27',NULL,'https://www.cisalfasport.it/dw/image/v2/BBVV_PRD/on/demandware.static/-/Sites-cisalfa-master/default/dw08bfed95/cisalfa/files/S5399029-04/image_sup01/S5399029_04cl001.jpg?sw=960&sh=1200','mobile',3,'immagine3','image3',215),(560,'2023-04-05 18:24:28',NULL,'https://www.cisalfasport.it/dw/image/v2/BBVV_PRD/on/demandware.static/-/Sites-cisalfa-master/default/dw1b850a77/cisalfa/files/S5399029-04/image_sup03/S5399029_04cl003.jpg?sw=960&sh=1200','mobile',4,'immagine4','image4',215),(561,'2023-04-05 18:24:31',NULL,'https://www.cisalfasport.it/dw/image/v2/BBVV_PRD/on/demandware.static/-/Sites-cisalfa-master/default/dw0b59d5c1/cisalfa/files/S5384830-002/image/S5384830_002.jpg?sw=1440&sh=1800','mobile',1,'immagine1','image1',216),(562,'2023-04-05 18:24:31',NULL,'https://www.cisalfasport.it/dw/image/v2/BBVV_PRD/on/demandware.static/-/Sites-cisalfa-master/default/dw013113a7/cisalfa/files/S5384830-002/image_sup01/S5384830_002cl001.jpg?sw=1440&sh=1800','mobile',2,'immagine2','image2',216),(563,'2023-04-05 18:24:31',NULL,'https://www.cisalfasport.it/dw/image/v2/BBVV_PRD/on/demandware.static/-/Sites-cisalfa-master/default/dw8f56d996/cisalfa/files/S5384830-002/image_sup02/S5384830_002cl002.jpg?sw=1440&sh=1800','mobile',3,'immagine3','image3',216),(564,'2023-04-05 18:24:31',NULL,'https://www.cisalfasport.it/dw/image/v2/BBVV_PRD/on/demandware.static/-/Sites-cisalfa-master/default/dw819b054a/cisalfa/files/S5384830-002/image_sup03/S5384830_002cl003.jpg?sw=1440&sh=1800','mobile',4,'immagine4','image4',216),(565,'2023-04-05 18:24:35',NULL,'https://www.cisalfasport.it/dw/image/v2/BBVV_PRD/on/demandware.static/-/Sites-cisalfa-master/default/dwb2d8be83/cisalfa/files/S4058238-001/image/S4058238_001.jpg?sw=1440&sh=1800','mobile',1,'immagine1','image1',217),(566,'2023-04-05 18:24:35',NULL,'https://www.cisalfasport.it/dw/image/v2/BBVV_PRD/on/demandware.static/-/Sites-cisalfa-master/default/dw1cb824c8/cisalfa/files/S4058238-001/image_sup01/S4058238_001cl001.jpg?sw=1440&sh=1800','mobile',2,'immagine2','image2',217),(567,'2023-04-05 18:24:35',NULL,'https://www.cisalfasport.it/dw/image/v2/BBVV_PRD/on/demandware.static/-/Sites-cisalfa-master/default/dwb1460312/cisalfa/files/S4058238-001/image_sup02/S4058238_001cl002.jpg?sw=1440&sh=1800','mobile',3,'immagine3','image3',217),(568,'2023-04-05 18:24:35',NULL,'https://www.cisalfasport.it/dw/image/v2/BBVV_PRD/on/demandware.static/-/Sites-cisalfa-master/default/dw016e92e1/cisalfa/files/S4058238-001/image_sup03/S4058238_001cl003.jpg?sw=1440&sh=1800','mobile',4,'immagine4','image4',217),(569,'2023-04-05 18:24:38',NULL,'https://www.cisalfasport.it/dw/image/v2/BBVV_PRD/on/demandware.static/-/Sites-cisalfa-master/default/dw97795c99/cisalfa/files/S4116039-02A/image/S4116039_02A.jpg?sw=960&sh=1200','mobile',1,'immagine1','image1',218),(570,'2023-04-05 18:24:39',NULL,'https://www.cisalfasport.it/dw/image/v2/BBVV_PRD/on/demandware.static/-/Sites-cisalfa-master/default/dwb12eb3f6/cisalfa/files/S4116039-02A/image_sup01/S4116039_02Acl001.jpg?sw=960&sh=1200','mobile',2,'immagine2','image2',218),(571,'2023-04-05 18:24:39',NULL,'https://www.cisalfasport.it/dw/image/v2/BBVV_PRD/on/demandware.static/-/Sites-cisalfa-master/default/dw4432b8b9/cisalfa/files/S4116039-02A/image_sup02/S4116039_02Acl002.jpg?sw=960&sh=1200','mobile',3,'immagine3','image3',218),(572,'2023-04-05 18:24:39',NULL,'https://www.cisalfasport.it/dw/image/v2/BBVV_PRD/on/demandware.static/-/Sites-cisalfa-master/default/dw8e994e71/cisalfa/files/S4116039-02A/image_sup03/S4116039_02Acl003.jpg?sw=960&sh=1200','mobile',4,'immagine4','image4',218),(573,'2023-04-05 18:24:43',NULL,'https://www.cisalfasport.it/dw/image/v2/BBVV_PRD/on/demandware.static/-/Sites-cisalfa-master/default/dw6d8538e9/cisalfa/files/S5549719-ABIW/image/S5549719_ABIW.jpg?sw=960&sh=1200','mobile',1,'immagine1','image1',219),(574,'2023-04-05 18:24:43',NULL,'https://www.cisalfasport.it/dw/image/v2/BBVV_PRD/on/demandware.static/-/Sites-cisalfa-master/default/dw8d9960aa/cisalfa/files/S5549719-ABIW/image_sup01/S5549719_ABIWcl001.jpg?sw=960&sh=1200','mobile',2,'immagine2','image2',219),(575,'2023-04-05 18:24:44',NULL,'https://www.cisalfasport.it/dw/image/v2/BBVV_PRD/on/demandware.static/-/Sites-cisalfa-master/default/dwa2718ab9/cisalfa/files/S5549719-ABIW/image_sup02/S5549719_ABIWcl002.jpg?sw=960&sh=1200','mobile',3,'immagine3','image3',219),(576,'2023-04-05 18:24:44',NULL,'https://www.cisalfasport.it/dw/image/v2/BBVV_PRD/on/demandware.static/-/Sites-cisalfa-master/default/dw705512ed/cisalfa/files/S5549719-ABIW/image_sup03/S5549719_ABIWcl003.jpg?sw=960&sh=1200','mobile',4,'immagine4','image4',219),(577,'2023-04-05 18:24:48',NULL,'https://www.cisalfasport.it/dw/image/v2/BBVV_PRD/on/demandware.static/-/Sites-cisalfa-master/default/dw202418fe/cisalfa/files/S2012923-001/image/S2012923_001.jpg?sw=960&sh=1200','desktop',1,'immagine1','image1',220),(578,'2023-04-05 18:24:48',NULL,'https://www.cisalfasport.it/dw/image/v2/BBVV_PRD/on/demandware.static/-/Sites-cisalfa-master/default/dw86cfd833/cisalfa/files/S2012923-001/image_sup01/S2012923_001cl001.jpg?sw=960&sh=1200','desktop',1,'immagine2','image2',220),(579,'2023-04-05 18:24:48',NULL,'https://www.cisalfasport.it/dw/image/v2/BBVV_PRD/on/demandware.static/-/Sites-cisalfa-master/default/dwc6177b05/cisalfa/files/S2012923-001/image_sup04/S2012923_001cl004.jpg?sw=960&sh=1200','desktop',1,'immagine3','image3',220),(580,'2023-04-05 18:24:49',NULL,'https://www.cisalfasport.it/dw/image/v2/BBVV_PRD/on/demandware.static/-/Sites-cisalfa-master/default/dw89c255de/cisalfa/files/S2012923-001/image_sup05/S2012923_001cl005.jpg?sw=960&sh=1200','desktop',1,'immagine4','image4',220),(581,'2023-04-05 18:24:51',NULL,'https://www.cisalfasport.it/dw/image/v2/BBVV_PRD/on/demandware.static/-/Sites-cisalfa-master/default/dw48fa969c/cisalfa/files/S5273251-UNI/image/S5273251_UNI.jpg?sw=960&sh=1200','desktop',1,'immagine1','image1',221),(582,'2023-04-05 18:24:51',NULL,'https://www.cisalfasport.it/dw/image/v2/BBVV_PRD/on/demandware.static/-/Sites-cisalfa-master/default/dw0728bef9/cisalfa/files/S5273251-UNI/image_sup01/S5273251_UNIcl001.jpg?sw=960&sh=1200','desktop',1,'immagine2','image2',221),(583,'2023-04-05 18:24:51',NULL,'https://www.cisalfasport.it/dw/image/v2/BBVV_PRD/on/demandware.static/-/Sites-cisalfa-master/default/dwf1774847/cisalfa/files/S5273251-UNI/image_sup02/S5273251_UNIcl002.jpg?sw=960&sh=1200','desktop',1,'immagine3','image3',221),(584,'2023-04-05 18:24:52',NULL,'https://www.cisalfasport.it/dw/image/v2/BBVV_PRD/on/demandware.static/-/Sites-cisalfa-master/default/dw5fcb23bb/cisalfa/files/S5273251-UNI/image_sup03/S5273251_UNIcl003.jpg?sw=960&sh=1200','desktop',1,'immagine4','image4',221),(585,'2023-04-05 18:24:56',NULL,'https://www.cisalfasport.it/dw/image/v2/BBVV_PRD/on/demandware.static/-/Sites-cisalfa-master/default/dwb8acc510/cisalfa/files/S5318571-002/image/S5318571_002.jpg?sw=960&sh=1200','desktop',1,'immagine1','image1',222),(586,'2023-04-05 18:24:56',NULL,'https://www.cisalfasport.it/dw/image/v2/BBVV_PRD/on/demandware.static/-/Sites-cisalfa-master/default/dw61ad3ae5/cisalfa/files/S5318571-002/image_sup01/S5318571_002cl001.jpg?sw=960&sh=1200','desktop',1,'immagine2','image2',222),(587,'2023-04-05 18:24:56',NULL,'https://www.cisalfasport.it/dw/image/v2/BBVV_PRD/on/demandware.static/-/Sites-cisalfa-master/default/dwe17f3eb4/cisalfa/files/S5318571-002/image_sup02/S5318571_002cl002.jpg?sw=960&sh=1200','desktop',1,'immagine3','image3',222),(588,'2023-04-05 18:24:56',NULL,'https://www.cisalfasport.it/dw/image/v2/BBVV_PRD/on/demandware.static/-/Sites-cisalfa-master/default/dwa810fdf7/cisalfa/files/S5318571-002/image_sup03/S5318571_002cl003.jpg?sw=960&sh=1200','desktop',1,'immagine4','image4',222),(589,'2023-04-05 18:24:59',NULL,'https://www.cisalfasport.it/dw/image/v2/BBVV_PRD/on/demandware.static/-/Sites-cisalfa-master/default/dwe4fc2c37/cisalfa/files/S5247536-100/image/S5247536_100.jpg?sw=960&sh=1200','desktop',1,'immagine1','image1',223),(590,'2023-04-05 18:24:59',NULL,'https://www.cisalfasport.it/dw/image/v2/BBVV_PRD/on/demandware.static/-/Sites-cisalfa-master/default/dw87abb8c3/cisalfa/files/S5247536-100/image_sup01/S5247536_100cl001.jpg?sw=960&sh=1200','desktop',1,'immagine2','image2',223),(591,'2023-04-05 18:24:59',NULL,'https://www.cisalfasport.it/dw/image/v2/BBVV_PRD/on/demandware.static/-/Sites-cisalfa-master/default/dw5d4c9d15/cisalfa/files/S5247536-100/image_sup02/S5247536_100cl002.jpg?sw=960&sh=1200','desktop',1,'immagine3','image3',223),(592,'2023-04-05 18:24:59',NULL,'https://www.cisalfasport.it/dw/image/v2/BBVV_PRD/on/demandware.static/-/Sites-cisalfa-master/default/dweb565ec2/cisalfa/files/S5247536-100/image_sup03/S5247536_100cl003.jpg?sw=960&sh=1200','desktop',1,'immagine4','image4',223),(593,'2023-04-06 09:31:24','2023-04-06 07:32:05','https://beije-dev.s3.eu-south-1.amazonaws.com/shoes/upload/2oJ1AD-1680766284357.jpg','desktop',0,'immagine','image',225),(594,'2023-04-06 09:31:24','2023-04-06 07:32:05','https://beije-dev.s3.eu-south-1.amazonaws.com/shoes/upload/SAmM0I-1680766284527.jpg','desktop',0,'immagine','image',225),(595,'2023-04-06 09:31:24','2023-04-06 07:32:05','https://beije-dev.s3.eu-south-1.amazonaws.com/shoes/upload/9J0gIT-1680766284664.jpg','desktop',0,'immagine','image',225),(596,'2023-04-06 10:21:26','2023-04-06 08:22:00','https://beije-dev.s3.eu-south-1.amazonaws.com/shoes/upload/H1h5Gm-1680769286403.jpg','desktop',0,'immagine','image',226),(597,'2023-04-06 10:21:26','2023-04-06 08:22:00','https://beije-dev.s3.eu-south-1.amazonaws.com/shoes/upload/p39GOb-1680769286642.jpg','desktop',0,'immagine','image',226),(598,'2023-04-06 10:21:26','2023-04-06 08:22:00','https://beije-dev.s3.eu-south-1.amazonaws.com/shoes/upload/ADGG4N-1680769286769.jpg','desktop',0,'immagine','image',226),(599,'2023-04-06 12:10:07',NULL,'https://beije-dev.s3.eu-south-1.amazonaws.com/shoes/upload/58acYm-1680775807717.jpg','desktop',0,'immagine','image',227),(600,'2023-04-06 12:10:08',NULL,'https://beije-dev.s3.eu-south-1.amazonaws.com/shoes/upload/HOvuQQ-1680775807936.jpg','desktop',0,'immagine','image',227),(601,'2023-04-06 12:10:08',NULL,'https://beije-dev.s3.eu-south-1.amazonaws.com/shoes/upload/glgEf1-1680775808067.jpg','desktop',0,'immagine','image',227);
/*!40000 ALTER TABLE `product_images` ENABLE KEYS */;
UNLOCK TABLES;

--
-- Table structure for table `products`
--

DROP TABLE IF EXISTS `products`;
/*!40101 SET @saved_cs_client     = @@character_set_client */;
/*!50503 SET character_set_client = utf8mb4 */;
CREATE TABLE `products` (
  `id` int NOT NULL AUTO_INCREMENT,
  `created_at` datetime NOT NULL DEFAULT CURRENT_TIMESTAMP,
  `disabled_at` datetime DEFAULT NULL,
  `name` varchar(100) NOT NULL,
  `description_it` text,
  `description_eng` text,
  `is_listed` tinyint(1) NOT NULL DEFAULT '0',
  `listed_price` double NOT NULL,
  `color` varchar(100) NOT NULL,
  `category` varchar(100) NOT NULL,
  `type` varchar(100) NOT NULL,
  `brand` varchar(100) NOT NULL,
  `image_preview` varchar(3000) DEFAULT NULL,
  `starting_price` double NOT NULL,
  PRIMARY KEY (`id`),
  KEY `fk1_idx` (`color`),
  KEY `fk1_products_category_idx` (`category`),
  KEY `fk1_products_brand_idx` (`brand`),
  CONSTRAINT `fk1_products_brand` FOREIGN KEY (`brand`) REFERENCES `brands` (`code`),
  CONSTRAINT `fk1_products_category` FOREIGN KEY (`category`) REFERENCES `categories` (`code`),
  CONSTRAINT `fk1_products_color` FOREIGN KEY (`color`) REFERENCES `colors` (`code`)
) ENGINE=InnoDB AUTO_INCREMENT=228 DEFAULT CHARSET=utf8mb4 COLLATE=utf8mb4_0900_ai_ci;
/*!40101 SET character_set_client = @saved_cs_client */;

--
-- Dumping data for table `products`
--

LOCK TABLES `products` WRITE;
/*!40000 ALTER TABLE `products` DISABLE KEYS */;
INSERT INTO `products` VALUES (1,'2023-03-07 19:46:09','2023-04-05 18:04:52','Zoom Rush','Scarpe da corsa leggere','Lightweight running shoes',0,129.99,'Multicolor','Corsa','M','Nike','test',67),(2,'2023-03-06 11:45:20','2023-04-05 18:04:52','All Star','Sneakers alte nere in pelle','Black leather high-top sneakers',0,69.99,'Nero','Sneakers','W','Converse','',31),(3,'2023-03-06 11:43:17','2023-04-05 18:04:52','King Pro','Scarpe da calcio con tacchetti','Soccer cleats with studs',0,89.99,'Rosa','Calcio','M','Puma','',46),(4,'2023-03-20 11:38:09','2023-04-05 18:04:52','Ultra Boost','	Scarpe da corsa traspiranti','Breathable running shoes',0,109.99,'Blu','Corsa','W','Adidas','/blablabla',52),(5,'2023-03-20 14:18:50','2023-04-05 18:04:52','Old Skool Pro','Scarpe da skate con lacci bianchi','White lace-up skate shoes',0,79.99,'Bianco','Skate','M','Vans','/boh',70),(6,'2023-03-29 13:19:14','2023-04-05 18:04:52','Disruptor Lite','Scarpe da fitness rosa in tessuto','Pink fabric fitness shoes',0,59.99,'Grigio','Fitness','W','Fila','',44),(7,'2023-03-22 13:19:58','2023-04-05 18:04:52','Nano X','Scarpe da cross-training nere','Black cross-training shoes',0,99.99,'Multicolor','Cross training','M','Reebok','',78),(8,'2023-03-22 13:22:03','2023-04-05 18:04:52','Fresh Foam Arishi','Scarpe da passeggio comode','Comfortable walking shoes',0,89.99,'Verde','Camminata','W','New Balance','',80),(9,'2023-03-22 13:22:03','2023-04-05 18:04:52','Gel Sonoma','Scarpe da trail running impermeabili','Waterproof trail running shoes',0,119.99,'Nero','Trail running','M','Asics','',100),(10,'2023-03-27 13:22:03','2023-04-05 18:04:52','Curry Flow 9','Scarpe da basket con ammortizzazione','Cushioned basketball shoes',0,129.99,'Rosso','Pallacanestro','W','Under Armour','',110),(11,'2023-03-30 15:11:53','2023-04-05 18:04:52','God Shoes','Scarpe per volare (+3 punti mobilita\')','Shoes to fly (+3 mobility points)',0,399.99,'Multicolor','Fitness','M','BR1','/bohboh',410),(20,'2023-03-31 08:32:30','2023-04-05 18:04:52','string','string','string',0,0,'Verde','Corsa','string','Adidas','aaaaaaa',0),(21,'2023-03-31 10:46:52','2023-04-05 18:04:52','Scarpe da capra','string','string',0,0,'Verde','Corsa','string','Adidas','aaaaaaa',0),(22,'2023-03-31 14:06:52','2023-04-05 18:04:52','Scarpe','BBBBBBBBB','AAAAAAAAAAAAAAAAA',0,300,'Rosa','Sneakers','M','Adidas','/aiuto',100),(23,'2023-03-31 13:20:29','2023-04-05 18:04:52','Scarpe da alpaca','string','string',0,0,'Verde','Corsa','string','Adidas','aaaaaaa',0),(24,'2023-03-31 13:24:56','2023-04-05 18:04:52','Scarpe da alpaca','string','string',0,0,'Verde','Corsa','string','Adidas','aaaaaaa',0),(27,'2023-03-31 14:38:45','2023-04-05 18:04:52','Scarpe Martino','non lo so','i dont know',0,20,'Multicolor','Calcio','M','Reebok','/ehboh',25),(28,'2023-03-31 14:41:18','2023-04-05 18:04:52','Scarpe Martino','non lo so','i dont know',0,20,'Multicolor','Calcio','M','Reebok','/ehboh',25),(29,'2023-03-31 14:41:42','2023-04-05 18:04:52','Scarpe Martino','non lo so','i dont know',0,20,'Multicolor','Calcio','M','Reebok','/ehboh',25),(30,'2023-03-31 14:42:48','2023-04-05 18:04:52','Scarpe Martino','non lo so','i dont know',0,20,'Multicolor','Calcio','M','Reebok','/ehboh',25),(31,'2023-03-31 14:44:13','2023-04-05 18:04:52','Scarpe Mart','non lo so','i dont know',0,20,'Multicolor','Calcio','M','Reebok','/ehboh',25),(33,'2023-03-31 14:54:36','2023-04-05 18:04:52','Test 3','BBBBBBBBB','AAAAAAAAAAAAAAAAA',0,300,'Lilla','Cross Training','M','Adidas','/aiuto',0),(34,'2023-03-31 17:14:42','2023-04-05 18:04:52','Test 2','BBBBBBBBB','AAAAAAAAAAAAAAAAA',0,300,'Lilla','Cross Training','M','Adidas','/aiuto',0),(35,'2023-03-31 17:16:14','2023-04-05 18:04:52','Test 2','BBBBBBBBB','AAAAAAAAAAAAAAAAA',0,300,'Lilla','Cross Training','M','Adidas','/aiuto',20),(36,'2023-03-31 17:52:32','2023-04-05 18:04:52','Test 2','BBBBBBBBB','AAAAAAAAAAAAAAAAA',0,300,'Lilla','Cross Training','M','Adidas','/aiuto',90),(37,'2023-04-03 21:44:17','2023-04-05 18:04:52','Test 2','BBBBBBBBB','AAAAAAAAAAAAAAAAA',0,300,'Lilla','Cross Training','M','Adidas','/aiuto',90),(38,'2023-04-03 22:00:15','2023-04-05 18:04:52','Test 3','BBBBBBBBB','AAAAAAAAAAAAAAAAA',0,300,'Lilla','Cross Training','M','Adidas','/aiuto',90),(41,'2023-04-04 07:45:16','2023-04-05 18:04:52','Scarpe da coccodrillo','Descrizione','Description',0,1,'Verde','Pallacanestro','Man','Adidas','/nopreview',1),(42,'2023-04-04 08:01:33','2023-04-05 18:04:52','Test 4','BBBBBBBBB','AAAAAAAAAAAAAAAAA',0,300,'Lilla','Cross Training','M','Adidas','/aiuto',90),(43,'2023-04-04 08:02:41','2023-04-05 18:04:52','Test 5','BBBBBBBBB','AAAAAAAAAAAAAAAAA',0,300,'Lilla','Cross Training','M','Adidas','/aiuto',90),(44,'2023-04-04 08:07:41','2023-04-05 18:04:52','Scarpe da coccodrillo','Descrizione','Description',0,1,'Verde','Pallacanestro','M','Adidas','/nopreview',1),(45,'2023-04-04 08:15:45','2023-04-05 18:04:52','Scarpe da coccodrillo','Descrizione','Description',0,1,'Verde','Pallacanestro','M','Adidas','/nopreview',1),(46,'2023-04-04 10:16:29','2023-04-05 18:04:52','IMG TEST','Test','Test Caricamento Immagini',0,300,'Lilla','Cross Training','M','Adidas','che ci mettiamo qui??',90),(47,'2023-04-04 10:19:37','2023-04-05 18:04:52','IMG TEST','Test','Test Caricamento Immagini',0,300,'Lilla','Cross Training','M','Adidas','che ci mettiamo qui??',90),(48,'2023-04-04 08:20:24','2023-04-05 18:04:52','Test 5','BBBBBBBBB','AAAAAAAAAAAAAAAAA',0,300,'Lilla','Cross Training','M','Adidas','/aiuto',90),(49,'2023-04-04 10:22:33','2023-04-05 18:04:52','IMG TEST','Test','Test Caricamento Immagini',0,300,'Lilla','Cross Training','M','Adidas','che ci mettiamo qui??',90),(50,'2023-04-04 10:22:58','2023-04-05 18:04:52','IMG TEST','Test','Test Caricamento Immagini',0,300,'Lilla','Cross Training','M','Adidas','che ci mettiamo qui??',90),(51,'2023-04-04 08:23:10','2023-04-05 18:04:52','Test 6','BBBBBBBBB','AAAAAAAAAAAAAAAAA',0,300,'Lilla','Cross Training','m','Adidas','/aiuto',90),(52,'2023-04-04 08:27:38','2023-04-05 18:04:52','Test 7','BBBBBBBBB','AAAAAAAAAAAAAAAAA',0,300,'Lilla','Cross Training','m','Adidas','/aiuto',90),(53,'2023-04-04 10:29:41','2023-04-05 18:04:52','MOCASSINI TATTICI','Test','Test Caricamento Immagini',0,300,'Lilla','Cross Training','M','Adidas','che ci mettiamo qui??',90),(54,'2023-04-04 08:33:52','2023-04-05 18:04:52','Test 7','BBBBBBBBB','AAAAAAAAAAAAAAAAA',0,300,'Lilla','Cross Training','m','Adidas','/aiuto',90),(55,'2023-04-04 10:38:41','2023-04-05 18:04:52','MOCASSINI TATTICI 2.0','Test Update','Test Caricamento Immagini',0,300,'Nero','Cross Training','M','Nike','che ci mettiamo qui??',30),(56,'2023-04-04 08:39:37','2023-04-05 18:04:52','Scarpe da lemure','Descrizione','Description',0,1,'Verde','Pallacanestro','M','Adidas','/nopreview',1),(57,'2023-04-04 08:44:27','2023-04-05 18:04:52','Testing number 8','Descriziione','Description',0,300,'Lilla','Cross Training','m','Adidas','/nopreview',90),(58,'2023-04-04 08:44:58','2023-04-05 18:04:52','Testing number 8','Descriziione','Description',0,300,'Lilla','Cross Training','m','Adidas','/nopreview',90),(59,'2023-04-04 10:48:18','2023-04-05 18:04:52','MOCASSINI TATTICI NUCLEARI','Test','Test Caricamento Immagini',0,300,'Lilla','Cross Training','M','Adidas','che ci mettiamo qui??',90),(60,'2023-04-04 08:48:59','2023-04-05 18:04:52','Test 6','BBBBBBBBB','AAAAAAAAAAAAAAAAA',0,300,'Lilla','Cross Training','m','Adidas','/aiuto',90),(61,'2023-04-04 09:19:54','2023-04-05 18:04:52','MOCASSINI DEL WEB','Test','Test Caricamento Immagini',0,300,'Lilla','Cross Training','M','Adidas','che ci mettiamo qui??',90),(62,'2023-04-04 09:28:18','2023-04-05 18:04:52','Test 6','BBBBBBBBB','AAAAAAAAAAAAAAAAA',0,300,'Lilla','Cross Training','m','Adidas','/aiuto',90),(63,'2023-04-04 09:46:30','2023-04-05 18:04:52','Scarpe da Bertuccia','Descrizione','Description',0,1,'Verde','Pallacanestro','Man','Adidas','/nopreview',1),(64,'2023-04-04 09:50:32','2023-04-05 18:04:52','Scarpe da Bertuccia','Descrizione','Description',0,1,'Verde','Pallacanestro','Man','Adidas','/nopreview',3),(65,'2023-04-04 09:50:40','2023-04-05 18:04:52','Scarpe da Bertuccia','Descrizione','Description',0,1,'Verde','Pallacanestro','Man','Adidas','/nopreview',3),(66,'2023-04-04 09:51:18','2023-04-05 18:04:52','Test x','BBBBBBBBB','AAAAAAAAAAAAAAAAA',0,300,'Lilla','Cross Training','m','Adidas','/aiuto',90),(67,'2023-04-04 11:57:45','2023-04-05 18:04:52','MOCASSINI MODIFICATI','Test Update','Test Caricamento Immagini',1,300,'Nero','Cross Training','M','Nike','https://beije-dev.s3.eu-south-1.amazonaws.com/shoes/upload/zB5R0d-1680603462672.jpg',30),(68,'2023-04-04 12:19:58','2023-04-05 18:04:52','MOCASSINI FINALI','Test','Test Caricamento Immagini',1,300,'Lilla','Cross Training','M','Adidas','https://beije-dev.s3.eu-south-1.amazonaws.com/shoes/upload/FcBD2i-1680603600001.jpg',200),(69,'2023-04-04 15:52:15','2023-04-05 18:04:52','MOCASSINI FINALI','Test','Test Caricamento Immagini',1,300,'Lilla','Cross Training','M','Adidas','https://beije-dev.s3.eu-south-1.amazonaws.com/shoes/upload/kl3ruN-1680616337037.jpg',200),(70,'2023-04-04 15:02:56','2023-04-05 18:04:52','Scarpe in pelle di Bisonte','Scarpe artigianali','Scarps Artigianaling',1,70,'Verde','Pallacanestro','Unisex','Adidas','https://beije-dev.s3.eu-south-1.amazonaws.com/shoes/upload/MCYFLn-1680620576301.jpg',100),(71,'2023-04-04 15:03:16','2023-04-05 18:04:52','Scarpe in pelle di Bisonte','Scarpe artigianali','Scarps Artigianaling',1,70,'Verde','Pallacanestro','Unisex','Adidas','https://beije-dev.s3.eu-south-1.amazonaws.com/shoes/upload/auR4MA-1680620596036.jpg',100),(72,'2023-04-04 15:03:33','2023-04-05 18:04:52','Scarpe in pelle di marziano','string','string',0,10,'Verde','Pallacanestro','Unisex','Adidas','errore nel parsing dei dati',100),(73,'2023-04-04 15:04:16','2023-04-05 18:04:52','Scarpe in pelle di Bisonte','Scarpe artigianali','Scarps Artigianaling',1,70,'Verde','Pallacanestro','Unisex','Adidas','https://beije-dev.s3.eu-south-1.amazonaws.com/shoes/upload/H16p4R-1680620656913.jpg',100),(74,'2023-04-04 15:05:47','2023-04-05 18:04:52','Scarpe in pelle di Ocefalo','Descrizione','Scarps Artigianaling',1,68,'Verde','Pallacanestro','Unisex','Adidas','https://beije-dev.s3.eu-south-1.amazonaws.com/shoes/upload/TBoqYp-1680620747677.jpg',100),(75,'2023-04-05 15:56:11','2023-04-05 18:04:52','MOCASSINI GIA\' CARICATI','Test','Test Caricamento Immagini',1,300,'Lilla','Cross Training','M','Adidas','https://m.media-amazon.com/images/W/IMAGERENDERING_521856-T1/images/I/61XwYJNwRtL._AC_UX500_.jpg',200),(82,'2023-04-05 17:12:45','2023-04-05 18:04:52','AIR MAX 270 GS JR','Scarpe comode','Comfy Shoes',1,130,'Nero','Sneakers','M','Nike',NULL,130),(83,'2023-04-05 17:13:06','2023-04-05 18:04:52','AIR MAX 270 GS JR','Scarpe comode','Comfort Shoes',1,129.99,'Nero','Sneakers','M','Nike','https://www.cisalfasport.it/dw/image/v2/BBVV_PRD/on/demandware.static/-/Sites-cisalfa-master/default/dw202418fe/cisalfa/files/S2012923-001/image/S2012923_001.jpg?sw=960&sh=1200',129.99),(84,'2023-04-05 17:14:43','2023-04-05 18:04:52','JAZZ O','Scarpe da corsa','Running Shoes',1,120,'Blu','Sneakers','M','Saucony',NULL,110),(85,'2023-04-05 17:16:19','2023-04-05 18:04:52','JAZZ O','Scarpe da corsa','Running Shoes',1,120,'Blu','Sneakers','M','Saucony',NULL,110),(86,'2023-04-05 17:17:40','2023-04-05 18:04:52','JAZZ O','Scarpe da corsa','Running Shoes',1,120,'Blu','Sneakers','M','Saucony',NULL,110),(87,'2023-04-05 17:18:28','2023-04-05 18:04:52','JAZZ O','Scarpe da corsa','Running Shoes',1,120,'Blu','Sneakers','M','Saucony','https://www.cisalfasport.it/dw/image/v2/BBVV_PRD/on/demandware.static/-/Sites-cisalfa-master/default/dw3a001eef/cisalfa/files/S5249765-316/image/S5249765_316.jpg?sw=960&sh=1200',110),(88,'2023-04-05 15:19:01','2023-04-05 18:04:52','Mocassini scamosciati','Ottimi mocassini pregiati','Great precious mocassini',0,149,'Verde','Pallacanestro','Unisex','Adidas','/nopreview',200),(89,'2023-04-05 15:19:19','2023-04-05 18:04:52','Mocassini scamosciati','Ottimi mocassini pregiati','Great precious mocassini',1,149,'Verde','Pallacanestro','Unisex','Adidas','https://beije-dev.s3.eu-south-1.amazonaws.com/shoes/upload/ioErik-1680707959467.jpg',100),(97,'2023-04-05 17:32:52','2023-04-05 18:04:52','Blazer','Scarpe comode','Comfort Shoes',1,86,'Nero','Sneakers','W','Nike','https://www.cisalfasport.it/dw/image/v2/BBVV_PRD/on/demandware.static/-/Sites-cisalfa-master/default/dwe4fc2c37/cisalfa/files/S5247536-100/image/S5247536_100.jpg?sw=960&sh=1200',86),(98,'2023-04-05 17:37:03','2023-04-05 18:04:52','STAN SMITH GS JR','Scarpe comode','Comfort Shoes',0,75.99,'Bianco','Sneakers','W','Adidas','errore nel parsing dei dati',75.99),(99,'2023-04-05 17:37:20','2023-04-05 18:04:52','CLIFTON 9 W','La pluripremiata Clifton è giunta alla sua nona versione. Più leggera e ammortizzata che mai. Eliminando peso e aggiungendo 3 mm di altezza della suola, la nuova Clifton 9 offre sensazioni rivitalizzanti alla pianta del piede con una nuova schiuma reattiva e un design della suola migliorato. Privata dei rinforzi e degli elementi termofusi, la tomaia semplificata è stata realizzata con metodi attenti all’ambiente e presenta un tallone più morbido, un pannello catarifrangente sul tallone e una linguetta snellita con pannello sul lato mediale.Te ne innamorerai perché è una scarpa da running rivoluzionaria, perfetta per gli allenamenti di tutti i giorni.','The award-winning Clifton is now in its ninth version. Lighter and more cushioned than ever before. Eliminating weight and adding 3 mm of sole height, the new Clifton 9 delivers revitalizing sensations to the sole of the foot with new responsive foam and an improved outsole design. Deprived of reinforcements and heat-molded elements, the simplified upper is made with environmentally conscious methods and features a softer heel, a reflective heel panel, and a streamlined tongue with a panel on the medial side.You\'ll fall in love with it because it\'s a revolutionary running shoe perfect for everyday workouts.',1,65,'Multicolor','Fitness','W','Hoka','https://www.cisalfasport.it/dw/image/v2/BBVV_PRD/on/demandware.static/-/Sites-cisalfa-master/default/dw6d8538e9/cisalfa/files/S5549719-ABIW/image/S5549719_ABIW.jpg?sw=960&sh=1200',150),(100,'2023-04-05 17:39:58','2023-04-05 18:04:52','COURT VISION MID LTR W','Scarpe comode','Comfort Shoes',0,85.99,'Nero','Sneakers','W','Nike','errore nel parsing dei dati',85.99),(101,'2023-04-05 17:40:14','2023-04-05 18:04:52','JAZZ O','Scarpe da corsa','Running Shoes',1,120,'Blu','Sneakers','M','Saucony','https://www.cisalfasport.it/dw/image/v2/BBVV_PRD/on/demandware.static/-/Sites-cisalfa-master/default/dw3a001eef/cisalfa/files/S5249765-316/image/S5249765_316.jpg?sw=960&sh=1200',110),(102,'2023-04-05 17:40:37','2023-04-05 18:04:52','CAVEN DIME M','Scarpe da corsa','Running Shoes',0,75,'Bianco','Sneakers','W','Puma',NULL,75),(103,'2023-04-05 17:42:44','2023-04-05 18:04:52','CAVEN DIME M','Scarpe da corsa','Running Shoes',0,75,'Bianco','Sneakers','W','Puma','https://www.cisalfasport.it/dw/image/v2/BBVV_PRD/on/demandware.static/-/Sites-cisalfa-master/default/dwa58a3b0e/cisalfa/files/S5399029-04/image/S5399029_04.jpg?sw=960&sh=1200',75),(104,'2023-04-05 17:42:54','2023-04-05 18:04:52','GRIZZLY SD M','BEAR GRIZZLY, una low-top stringata con tomaia realizzata in pelle di alta qualita e un tessuto molto resistente il comfort è assicurato da una soletta in schiuma da 5mm ricoperta da un sottile strato di vero sughero','BEAR GRIZZLY, a low-top lace-up with uppers made of high-quality leather and a very durable fabric comfort is provided by a 5mm foam insole covered with a thin layer of real cork',1,65,'Nero','Sneakers','M','Bear','https://www.cisalfasport.it/dw/image/v2/BBVV_PRD/on/demandware.static/-/Sites-cisalfa-master/default/dw97795c99/cisalfa/files/S4116039-02A/image/S4116039_02A.jpg?sw=960&sh=1200',100),(105,'2023-04-05 17:43:37','2023-04-05 18:04:52','GEL-NIMBUS 24','La scarpa GEL- NIMBUS 24 garantisce un\'eccellente protezione dagli impatti per il tuo allenamento sulle lunghe distanze. La morbida rete rinforzata della tomaia e l\'inserto flessibile del mesopiede, muovendosi in armonia con il piede, contribuiscono a rendere la falcata più fluida a ogni passo. L\'ammortizzazione FF BLAST PLUS mantiene la scarpa leggera, garantendo una sensazione di maggiore morbidezza sotto il piede. Inoltre, questo materiale contribuisce ad aumentare le proprietà di rimbalzo della scarpa in fase di stacco.','The GEL-NIMBUS 24 shoe provides excellent impact protection for your long distance training. The soft, reinforced mesh in the upper and flexible midfoot insert move in harmony with your foot, helping to smooth out your stride with every step. The FF BLAST PLUS cushioning keeps the shoe light, ensuring a feeling of greater softness under the foot. Furthermore, this material helps to increase the rebound properties of the shoe in the toe-off phase.',1,159.99,'Nero','Camminata','W','Asics','https://www.cisalfasport.it/dw/image/v2/BBVV_PRD/on/demandware.static/-/Sites-cisalfa-master/default/dw0b59d5c1/cisalfa/files/S5384830-002/image/S5384830_002.jpg?sw=1440&sh=1800',133),(106,'2023-04-05 17:43:35','2023-04-05 18:04:52','GRIZZLY SD M','BEAR GRIZZLY, una low-top stringata con tomaia realizzata in pelle di alta qualita e un tessuto molto resistente il comfort è assicurato da una soletta in schiuma da 5mm ricoperta da un sottile strato di vero sughero','BEAR GRIZZLY, a low-top lace-up with uppers made of high-quality leather and a very durable fabric comfort is provided by a 5mm foam insole covered with a thin layer of real cork',1,65,'Nero','Sneakers','M','Bear','https://www.cisalfasport.it/dw/image/v2/BBVV_PRD/on/demandware.static/-/Sites-cisalfa-master/default/dw97795c99/cisalfa/files/S4116039-02A/image/S4116039_02A.jpg?sw=960&sh=1200',100),(107,'2023-04-05 17:43:59','2023-04-05 18:04:52','AIR MAX 270 W','La scarpa Nike Air Max 270 offre un\'ammortizzazione visibile ad ogni passo. Aggiornata per adeguarsi al comfort contemporaneo, rende omaggio alla versione originale del 1991 di Air Max 180, con la parte superiore della linguetta pronunciata e lo storico logo.','The Nike Air Max 270 shoe offers visible cushioning with every step. Updated for contemporary comfort, it pays homage to the original 1991 version of the Air Max 180, with a pronounced tongue top and historic logo.',1,159.99,'Multicolor','Camminata','W','Nike','https://www.cisalfasport.it/dw/image/v2/BBVV_PRD/on/demandware.static/-/Sites-cisalfa-master/default/dwb2d8be83/cisalfa/files/S4058238-001/image/S4058238_001.jpg?sw=1440&sh=1800',149.99),(108,'2023-04-05 17:45:16','2023-04-05 18:04:52','GRIZZLY SD M','BEAR GRIZZLY, una low-top stringata con tomaia realizzata in pelle di alta qualita e un tessuto molto resistente il comfort è assicurato da una soletta in schiuma da 5mm ricoperta da un sottile strato di vero sughero','BEAR GRIZZLY, a low-top lace-up with uppers made of high-quality leather and a very durable fabric comfort is provided by a 5mm foam insole covered with a thin layer of real cork',1,65,'Nero','Sneakers','M','Bear','https://www.cisalfasport.it/dw/image/v2/BBVV_PRD/on/demandware.static/-/Sites-cisalfa-master/default/dw97795c99/cisalfa/files/S4116039-02A/image/S4116039_02A.jpg?sw=960&sh=1200',100),(109,'2023-04-05 17:45:43','2023-04-05 18:04:52','CLIFTON 9 W','La pluripremiata Clifton è giunta alla sua nona versione. Più leggera e ammortizzata che mai. Eliminando peso e aggiungendo 3 mm di altezza della suola, la nuova Clifton 9 offre sensazioni rivitalizzanti alla pianta del piede con una nuova schiuma reattiva e un design della suola migliorato. Privata dei rinforzi e degli elementi termofusi, la tomaia semplificata è stata realizzata con metodi attenti all’ambiente e presenta un tallone più morbido, un pannello catarifrangente sul tallone e una linguetta snellita con pannello sul lato mediale.Te ne innamorerai perché è una scarpa da running rivoluzionaria, perfetta per gli allenamenti di tutti i giorni.','The award-winning Clifton is now in its ninth version. Lighter and more cushioned than ever before. Eliminating weight and adding 3 mm of sole height, the new Clifton 9 delivers revitalizing sensations to the sole of the foot with new responsive foam and an improved outsole design. Deprived of reinforcements and heat-molded elements, the simplified upper is made with environmentally conscious methods and features a softer heel, a reflective heel panel, and a streamlined tongue with a panel on the medial side.You\'ll fall in love with it because it\'s a revolutionary running shoe perfect for everyday workouts.',1,65,'Multicolor','Fitness','W','Hoka','https://www.cisalfasport.it/dw/image/v2/BBVV_PRD/on/demandware.static/-/Sites-cisalfa-master/default/dw6d8538e9/cisalfa/files/S5549719-ABIW/image/S5549719_ABIW.jpg?sw=960&sh=1200',150),(110,'2023-04-05 17:55:48','2023-04-05 18:04:52','AIR MAX 270 GS JR','Scarpe comode','Comfort Shoes',1,129.99,'Nero','Sneakers','W','Nike','https://www.cisalfasport.it/dw/image/v2/BBVV_PRD/on/demandware.static/-/Sites-cisalfa-master/default/dw202418fe/cisalfa/files/S2012923-001/image/S2012923_001.jpg?sw=960&sh=1200',129.99),(111,'2023-04-05 18:00:16','2023-04-05 18:04:52','STAN SMITH GS JR','Scarpe comode','Comfort Shoes',1,75.99,'Nero','Sneakers','W','Adidas','https://www.cisalfasport.it/dw/image/v2/BBVV_PRD/on/demandware.static/-/Sites-cisalfa-master/default/dw48fa969c/cisalfa/files/S5273251-UNI/image/S5273251_UNI.jpg?sw=960&sh=1200',75.99),(112,'2023-04-05 18:00:23','2023-04-05 18:04:52','COURT VISION MID LTR W','Scarpe comode','Comfort Shoes',1,85.99,'Nero','Sneakers','W','Nike','https://www.cisalfasport.it/dw/image/v2/BBVV_PRD/on/demandware.static/-/Sites-cisalfa-master/default/dwb8acc510/cisalfa/files/S5318571-002/image/S5318571_002.jpg?sw=960&sh=1200',85.99),(113,'2023-04-05 18:00:31','2023-04-05 18:04:52','BLAZER MID \'77 GS JR','Scarpe comode','Comfort Shoes',1,85.99,'Bianco','Sneakers','W','Nike','https://www.cisalfasport.it/dw/image/v2/BBVV_PRD/on/demandware.static/-/Sites-cisalfa-master/default/dwe4fc2c37/cisalfa/files/S5247536-100/image/S5247536_100.jpg?sw=960&sh=1200',85.99),(114,'2023-04-05 18:05:34','2023-05-15 07:43:40','JAZZ O','Scarpe da corsa','Running Shoes',1,120,'Blu','Sneakers','M','Saucony','https://www.cisalfasport.it/dw/image/v2/BBVV_PRD/on/demandware.static/-/Sites-cisalfa-master/default/dw3a001eef/cisalfa/files/S5249765-316/image/S5249765_316.jpg?sw=960&sh=1200',110),(115,'2023-04-05 18:05:42',NULL,'CAVEN DIME M','Scarpe da corsa','Running Shoes',1,75,'Bianco','Sneakers','W','Puma','https://www.cisalfasport.it/dw/image/v2/BBVV_PRD/on/demandware.static/-/Sites-cisalfa-master/default/dwa58a3b0e/cisalfa/files/S5399029-04/image/S5399029_04.jpg?sw=960&sh=1200',75),(116,'2023-04-05 18:05:49',NULL,'GEL-NIMBUS 24','La scarpa GEL- NIMBUS 24 garantisce un\'eccellente protezione dagli impatti per il tuo allenamento sulle lunghe distanze. La morbida rete rinforzata della tomaia e l\'inserto flessibile del mesopiede, muovendosi in armonia con il piede, contribuiscono a rendere la falcata più fluida a ogni passo. L\'ammortizzazione FF BLAST PLUS mantiene la scarpa leggera, garantendo una sensazione di maggiore morbidezza sotto il piede. Inoltre, questo materiale contribuisce ad aumentare le proprietà di rimbalzo della scarpa in fase di stacco.','The GEL-NIMBUS 24 shoe provides excellent impact protection for your long distance training. The soft, reinforced mesh in the upper and flexible midfoot insert move in harmony with your foot, helping to smooth out your stride with every step. The FF BLAST PLUS cushioning keeps the shoe light, ensuring a feeling of greater softness under the foot. Furthermore, this material helps to increase the rebound properties of the shoe in the toe-off phase.',1,159.99,'Nero','Camminata','W','Asics','https://www.cisalfasport.it/dw/image/v2/BBVV_PRD/on/demandware.static/-/Sites-cisalfa-master/default/dw0b59d5c1/cisalfa/files/S5384830-002/image/S5384830_002.jpg?sw=1440&sh=1800',133),(117,'2023-04-05 18:05:58',NULL,'AIR MAX 270 W','La scarpa Nike Air Max 270 offre un\'ammortizzazione visibile ad ogni passo. Aggiornata per adeguarsi al comfort contemporaneo, rende omaggio alla versione originale del 1991 di Air Max 180, con la parte superiore della linguetta pronunciata e lo storico logo.','The Nike Air Max 270 shoe offers visible cushioning with every step. Updated for contemporary comfort, it pays homage to the original 1991 version of the Air Max 180, with a pronounced tongue top and historic logo.',1,159.99,'Multicolor','Camminata','W','Nike','https://www.cisalfasport.it/dw/image/v2/BBVV_PRD/on/demandware.static/-/Sites-cisalfa-master/default/dwb2d8be83/cisalfa/files/S4058238-001/image/S4058238_001.jpg?sw=1440&sh=1800',149.99),(118,'2023-04-05 18:06:06',NULL,'GRIZZLY SD M','BEAR GRIZZLY, una low-top stringata con tomaia realizzata in pelle di alta qualita e un tessuto molto resistente il comfort è assicurato da una soletta in schiuma da 5mm ricoperta da un sottile strato di vero sughero','BEAR GRIZZLY, a low-top lace-up with uppers made of high-quality leather and a very durable fabric comfort is provided by a 5mm foam insole covered with a thin layer of real cork',1,65,'Nero','Sneakers','M','Bear','https://www.cisalfasport.it/dw/image/v2/BBVV_PRD/on/demandware.static/-/Sites-cisalfa-master/default/dw97795c99/cisalfa/files/S4116039-02A/image/S4116039_02A.jpg?sw=960&sh=1200',100),(119,'2023-04-05 18:06:14',NULL,'CLIFTON 9 W','La pluripremiata Clifton è giunta alla sua nona versione. Più leggera e ammortizzata che mai. Eliminando peso e aggiungendo 3 mm di altezza della suola, la nuova Clifton 9 offre sensazioni rivitalizzanti alla pianta del piede con una nuova schiuma reattiva e un design della suola migliorato. Privata dei rinforzi e degli elementi termofusi, la tomaia semplificata è stata realizzata con metodi attenti all’ambiente e presenta un tallone più morbido, un pannello catarifrangente sul tallone e una linguetta snellita con pannello sul lato mediale.Te ne innamorerai perché è una scarpa da running rivoluzionaria, perfetta per gli allenamenti di tutti i giorni.','The award-winning Clifton is now in its ninth version. Lighter and more cushioned than ever before. Eliminating weight and adding 3 mm of sole height, the new Clifton 9 delivers revitalizing sensations to the sole of the foot with new responsive foam and an improved outsole design. Deprived of reinforcements and heat-molded elements, the simplified upper is made with environmentally conscious methods and features a softer heel, a reflective heel panel, and a streamlined tongue with a panel on the medial side.You\'ll fall in love with it because it\'s a revolutionary running shoe perfect for everyday workouts.',1,65,'Multicolor','Fitness','W','Hoka','https://www.cisalfasport.it/dw/image/v2/BBVV_PRD/on/demandware.static/-/Sites-cisalfa-master/default/dw6d8538e9/cisalfa/files/S5549719-ABIW/image/S5549719_ABIW.jpg?sw=960&sh=1200',150),(120,'2023-04-05 18:06:23','2023-04-05 21:12:07','AIR MAX 270 GS JR','Scarpe comode','Comfort Shoes',1,129.99,'Nero','Sneakers','W','Nike','https://www.cisalfasport.it/dw/image/v2/BBVV_PRD/on/demandware.static/-/Sites-cisalfa-master/default/dw202418fe/cisalfa/files/S2012923-001/image/S2012923_001.jpg?sw=960&sh=1200',129.99),(121,'2023-04-05 18:06:31',NULL,'STAN SMITH GS JR','Scarpe comode','Comfort Shoes',1,75.99,'Nero','Sneakers','W','Adidas','https://www.cisalfasport.it/dw/image/v2/BBVV_PRD/on/demandware.static/-/Sites-cisalfa-master/default/dw48fa969c/cisalfa/files/S5273251-UNI/image/S5273251_UNI.jpg?sw=960&sh=1200',75.99),(122,'2023-04-05 18:06:37',NULL,'COURT VISION MID LTR W','Scarpe comode','Comfort Shoes',1,85.99,'Nero','Sneakers','W','Nike','https://www.cisalfasport.it/dw/image/v2/BBVV_PRD/on/demandware.static/-/Sites-cisalfa-master/default/dwb8acc510/cisalfa/files/S5318571-002/image/S5318571_002.jpg?sw=960&sh=1200',85.99),(123,'2023-04-05 18:06:46','2023-04-06 07:20:11','BLAZER MID \'77 GS JR','Scarpe comode','Comfort Shoes',1,85.99,'Bianco','Sneakers','W','Nike','https://www.cisalfasport.it/dw/image/v2/BBVV_PRD/on/demandware.static/-/Sites-cisalfa-master/default/dwe4fc2c37/cisalfa/files/S5247536-100/image/S5247536_100.jpg?sw=960&sh=1200',85.99),(124,'2023-04-05 18:18:57',NULL,'JAZZ O','Scarpe da corsa','Running Shoes',1,120,'Blu','Sneakers','M','Saucony','https://www.cisalfasport.it/dw/image/v2/BBVV_PRD/on/demandware.static/-/Sites-cisalfa-master/default/dw3a001eef/cisalfa/files/S5249765-316/image/S5249765_316.jpg?sw=960&sh=1200',110),(125,'2023-04-05 18:19:01',NULL,'CAVEN DIME M','Scarpe da corsa','Running Shoes',1,75,'Bianco','Sneakers','W','Puma','https://www.cisalfasport.it/dw/image/v2/BBVV_PRD/on/demandware.static/-/Sites-cisalfa-master/default/dwa58a3b0e/cisalfa/files/S5399029-04/image/S5399029_04.jpg?sw=960&sh=1200',75),(126,'2023-04-05 18:19:05',NULL,'GEL-NIMBUS 24','La scarpa GEL- NIMBUS 24 garantisce un\'eccellente protezione dagli impatti per il tuo allenamento sulle lunghe distanze. La morbida rete rinforzata della tomaia e l\'inserto flessibile del mesopiede, muovendosi in armonia con il piede, contribuiscono a rendere la falcata più fluida a ogni passo. L\'ammortizzazione FF BLAST PLUS mantiene la scarpa leggera, garantendo una sensazione di maggiore morbidezza sotto il piede. Inoltre, questo materiale contribuisce ad aumentare le proprietà di rimbalzo della scarpa in fase di stacco.','The GEL-NIMBUS 24 shoe provides excellent impact protection for your long distance training. The soft, reinforced mesh in the upper and flexible midfoot insert move in harmony with your foot, helping to smooth out your stride with every step. The FF BLAST PLUS cushioning keeps the shoe light, ensuring a feeling of greater softness under the foot. Furthermore, this material helps to increase the rebound properties of the shoe in the toe-off phase.',1,159.99,'Nero','Camminata','W','Asics','https://www.cisalfasport.it/dw/image/v2/BBVV_PRD/on/demandware.static/-/Sites-cisalfa-master/default/dw0b59d5c1/cisalfa/files/S5384830-002/image/S5384830_002.jpg?sw=1440&sh=1800',133),(127,'2023-04-05 18:19:09',NULL,'AIR MAX 270 W','La scarpa Nike Air Max 270 offre un\'ammortizzazione visibile ad ogni passo. Aggiornata per adeguarsi al comfort contemporaneo, rende omaggio alla versione originale del 1991 di Air Max 180, con la parte superiore della linguetta pronunciata e lo storico logo.','The Nike Air Max 270 shoe offers visible cushioning with every step. Updated for contemporary comfort, it pays homage to the original 1991 version of the Air Max 180, with a pronounced tongue top and historic logo.',1,159.99,'Multicolor','Camminata','W','Nike','https://www.cisalfasport.it/dw/image/v2/BBVV_PRD/on/demandware.static/-/Sites-cisalfa-master/default/dwb2d8be83/cisalfa/files/S4058238-001/image/S4058238_001.jpg?sw=1440&sh=1800',149.99),(128,'2023-04-05 18:19:13',NULL,'GRIZZLY SD M','BEAR GRIZZLY, una low-top stringata con tomaia realizzata in pelle di alta qualita e un tessuto molto resistente il comfort è assicurato da una soletta in schiuma da 5mm ricoperta da un sottile strato di vero sughero','BEAR GRIZZLY, a low-top lace-up with uppers made of high-quality leather and a very durable fabric comfort is provided by a 5mm foam insole covered with a thin layer of real cork',1,65,'Nero','Sneakers','M','Bear','https://www.cisalfasport.it/dw/image/v2/BBVV_PRD/on/demandware.static/-/Sites-cisalfa-master/default/dw97795c99/cisalfa/files/S4116039-02A/image/S4116039_02A.jpg?sw=960&sh=1200',100),(129,'2023-04-05 18:19:16',NULL,'CLIFTON 9 W','La pluripremiata Clifton è giunta alla sua nona versione. Più leggera e ammortizzata che mai. Eliminando peso e aggiungendo 3 mm di altezza della suola, la nuova Clifton 9 offre sensazioni rivitalizzanti alla pianta del piede con una nuova schiuma reattiva e un design della suola migliorato. Privata dei rinforzi e degli elementi termofusi, la tomaia semplificata è stata realizzata con metodi attenti all’ambiente e presenta un tallone più morbido, un pannello catarifrangente sul tallone e una linguetta snellita con pannello sul lato mediale.Te ne innamorerai perché è una scarpa da running rivoluzionaria, perfetta per gli allenamenti di tutti i giorni.','The award-winning Clifton is now in its ninth version. Lighter and more cushioned than ever before. Eliminating weight and adding 3 mm of sole height, the new Clifton 9 delivers revitalizing sensations to the sole of the foot with new responsive foam and an improved outsole design. Deprived of reinforcements and heat-molded elements, the simplified upper is made with environmentally conscious methods and features a softer heel, a reflective heel panel, and a streamlined tongue with a panel on the medial side.You\'ll fall in love with it because it\'s a revolutionary running shoe perfect for everyday workouts.',1,65,'Multicolor','Fitness','W','Hoka','https://www.cisalfasport.it/dw/image/v2/BBVV_PRD/on/demandware.static/-/Sites-cisalfa-master/default/dw6d8538e9/cisalfa/files/S5549719-ABIW/image/S5549719_ABIW.jpg?sw=960&sh=1200',150),(130,'2023-04-05 18:19:21',NULL,'AIR MAX 270 GS JR','Scarpe comode','Comfort Shoes',1,129.99,'Nero','Sneakers','W','Nike','https://www.cisalfasport.it/dw/image/v2/BBVV_PRD/on/demandware.static/-/Sites-cisalfa-master/default/dw202418fe/cisalfa/files/S2012923-001/image/S2012923_001.jpg?sw=960&sh=1200',129.99),(131,'2023-04-05 18:19:25',NULL,'STAN SMITH GS JR','Scarpe comode','Comfort Shoes',1,75.99,'Nero','Sneakers','W','Adidas','https://www.cisalfasport.it/dw/image/v2/BBVV_PRD/on/demandware.static/-/Sites-cisalfa-master/default/dw48fa969c/cisalfa/files/S5273251-UNI/image/S5273251_UNI.jpg?sw=960&sh=1200',75.99),(132,'2023-04-05 18:19:28',NULL,'COURT VISION MID LTR W','Scarpe comode','Comfort Shoes',1,85.99,'Nero','Sneakers','W','Nike','https://www.cisalfasport.it/dw/image/v2/BBVV_PRD/on/demandware.static/-/Sites-cisalfa-master/default/dwb8acc510/cisalfa/files/S5318571-002/image/S5318571_002.jpg?sw=960&sh=1200',85.99),(133,'2023-04-05 18:19:32',NULL,'BLAZER MID \'77 GS JR','Scarpe comode','Comfort Shoes',1,85.99,'Bianco','Sneakers','W','Nike','https://www.cisalfasport.it/dw/image/v2/BBVV_PRD/on/demandware.static/-/Sites-cisalfa-master/default/dwe4fc2c37/cisalfa/files/S5247536-100/image/S5247536_100.jpg?sw=960&sh=1200',85.99),(134,'2023-04-05 18:19:35',NULL,'JAZZ O','Scarpe da corsa','Running Shoes',1,120,'Blu','Sneakers','M','Saucony','https://www.cisalfasport.it/dw/image/v2/BBVV_PRD/on/demandware.static/-/Sites-cisalfa-master/default/dw3a001eef/cisalfa/files/S5249765-316/image/S5249765_316.jpg?sw=960&sh=1200',110),(135,'2023-04-05 18:19:38',NULL,'CAVEN DIME M','Scarpe da corsa','Running Shoes',1,75,'Bianco','Sneakers','W','Puma','https://www.cisalfasport.it/dw/image/v2/BBVV_PRD/on/demandware.static/-/Sites-cisalfa-master/default/dwa58a3b0e/cisalfa/files/S5399029-04/image/S5399029_04.jpg?sw=960&sh=1200',75),(136,'2023-04-05 18:19:41',NULL,'GEL-NIMBUS 24','La scarpa GEL- NIMBUS 24 garantisce un\'eccellente protezione dagli impatti per il tuo allenamento sulle lunghe distanze. La morbida rete rinforzata della tomaia e l\'inserto flessibile del mesopiede, muovendosi in armonia con il piede, contribuiscono a rendere la falcata più fluida a ogni passo. L\'ammortizzazione FF BLAST PLUS mantiene la scarpa leggera, garantendo una sensazione di maggiore morbidezza sotto il piede. Inoltre, questo materiale contribuisce ad aumentare le proprietà di rimbalzo della scarpa in fase di stacco.','The GEL-NIMBUS 24 shoe provides excellent impact protection for your long distance training. The soft, reinforced mesh in the upper and flexible midfoot insert move in harmony with your foot, helping to smooth out your stride with every step. The FF BLAST PLUS cushioning keeps the shoe light, ensuring a feeling of greater softness under the foot. Furthermore, this material helps to increase the rebound properties of the shoe in the toe-off phase.',1,159.99,'Nero','Camminata','W','Asics','https://www.cisalfasport.it/dw/image/v2/BBVV_PRD/on/demandware.static/-/Sites-cisalfa-master/default/dw0b59d5c1/cisalfa/files/S5384830-002/image/S5384830_002.jpg?sw=1440&sh=1800',133),(137,'2023-04-05 18:19:45',NULL,'AIR MAX 270 W','La scarpa Nike Air Max 270 offre un\'ammortizzazione visibile ad ogni passo. Aggiornata per adeguarsi al comfort contemporaneo, rende omaggio alla versione originale del 1991 di Air Max 180, con la parte superiore della linguetta pronunciata e lo storico logo.','The Nike Air Max 270 shoe offers visible cushioning with every step. Updated for contemporary comfort, it pays homage to the original 1991 version of the Air Max 180, with a pronounced tongue top and historic logo.',1,159.99,'Multicolor','Camminata','W','Nike','https://www.cisalfasport.it/dw/image/v2/BBVV_PRD/on/demandware.static/-/Sites-cisalfa-master/default/dwb2d8be83/cisalfa/files/S4058238-001/image/S4058238_001.jpg?sw=1440&sh=1800',149.99),(138,'2023-04-05 18:19:49',NULL,'GRIZZLY SD M','BEAR GRIZZLY, una low-top stringata con tomaia realizzata in pelle di alta qualita e un tessuto molto resistente il comfort è assicurato da una soletta in schiuma da 5mm ricoperta da un sottile strato di vero sughero','BEAR GRIZZLY, a low-top lace-up with uppers made of high-quality leather and a very durable fabric comfort is provided by a 5mm foam insole covered with a thin layer of real cork',1,65,'Nero','Sneakers','M','Bear','https://www.cisalfasport.it/dw/image/v2/BBVV_PRD/on/demandware.static/-/Sites-cisalfa-master/default/dw97795c99/cisalfa/files/S4116039-02A/image/S4116039_02A.jpg?sw=960&sh=1200',100),(139,'2023-04-05 18:19:53',NULL,'CLIFTON 9 W','La pluripremiata Clifton è giunta alla sua nona versione. Più leggera e ammortizzata che mai. Eliminando peso e aggiungendo 3 mm di altezza della suola, la nuova Clifton 9 offre sensazioni rivitalizzanti alla pianta del piede con una nuova schiuma reattiva e un design della suola migliorato. Privata dei rinforzi e degli elementi termofusi, la tomaia semplificata è stata realizzata con metodi attenti all’ambiente e presenta un tallone più morbido, un pannello catarifrangente sul tallone e una linguetta snellita con pannello sul lato mediale.Te ne innamorerai perché è una scarpa da running rivoluzionaria, perfetta per gli allenamenti di tutti i giorni.','The award-winning Clifton is now in its ninth version. Lighter and more cushioned than ever before. Eliminating weight and adding 3 mm of sole height, the new Clifton 9 delivers revitalizing sensations to the sole of the foot with new responsive foam and an improved outsole design. Deprived of reinforcements and heat-molded elements, the simplified upper is made with environmentally conscious methods and features a softer heel, a reflective heel panel, and a streamlined tongue with a panel on the medial side.You\'ll fall in love with it because it\'s a revolutionary running shoe perfect for everyday workouts.',1,65,'Multicolor','Fitness','W','Hoka','https://www.cisalfasport.it/dw/image/v2/BBVV_PRD/on/demandware.static/-/Sites-cisalfa-master/default/dw6d8538e9/cisalfa/files/S5549719-ABIW/image/S5549719_ABIW.jpg?sw=960&sh=1200',150),(140,'2023-04-05 18:19:58',NULL,'AIR MAX 270 GS JR','Scarpe comode','Comfort Shoes',1,129.99,'Nero','Sneakers','W','Nike','https://www.cisalfasport.it/dw/image/v2/BBVV_PRD/on/demandware.static/-/Sites-cisalfa-master/default/dw202418fe/cisalfa/files/S2012923-001/image/S2012923_001.jpg?sw=960&sh=1200',129.99),(141,'2023-04-05 18:20:03',NULL,'STAN SMITH GS JR','Scarpe comode','Comfort Shoes',1,75.99,'Nero','Sneakers','W','Adidas','https://www.cisalfasport.it/dw/image/v2/BBVV_PRD/on/demandware.static/-/Sites-cisalfa-master/default/dw48fa969c/cisalfa/files/S5273251-UNI/image/S5273251_UNI.jpg?sw=960&sh=1200',75.99),(142,'2023-04-05 18:20:06',NULL,'COURT VISION MID LTR W','Scarpe comode','Comfort Shoes',1,85.99,'Nero','Sneakers','W','Nike','https://www.cisalfasport.it/dw/image/v2/BBVV_PRD/on/demandware.static/-/Sites-cisalfa-master/default/dwb8acc510/cisalfa/files/S5318571-002/image/S5318571_002.jpg?sw=960&sh=1200',85.99),(143,'2023-04-05 18:20:10',NULL,'BLAZER MID \'77 GS JR','Scarpe comode','Comfort Shoes',1,85.99,'Bianco','Sneakers','W','Nike','https://www.cisalfasport.it/dw/image/v2/BBVV_PRD/on/demandware.static/-/Sites-cisalfa-master/default/dwe4fc2c37/cisalfa/files/S5247536-100/image/S5247536_100.jpg?sw=960&sh=1200',85.99),(144,'2023-04-05 18:20:13',NULL,'JAZZ O','Scarpe da corsa','Running Shoes',1,120,'Blu','Sneakers','M','Saucony','https://www.cisalfasport.it/dw/image/v2/BBVV_PRD/on/demandware.static/-/Sites-cisalfa-master/default/dw3a001eef/cisalfa/files/S5249765-316/image/S5249765_316.jpg?sw=960&sh=1200',110),(145,'2023-04-05 18:20:16',NULL,'CAVEN DIME M','Scarpe da corsa','Running Shoes',1,75,'Bianco','Sneakers','W','Puma','https://www.cisalfasport.it/dw/image/v2/BBVV_PRD/on/demandware.static/-/Sites-cisalfa-master/default/dwa58a3b0e/cisalfa/files/S5399029-04/image/S5399029_04.jpg?sw=960&sh=1200',75),(146,'2023-04-05 18:20:19',NULL,'GEL-NIMBUS 24','La scarpa GEL- NIMBUS 24 garantisce un\'eccellente protezione dagli impatti per il tuo allenamento sulle lunghe distanze. La morbida rete rinforzata della tomaia e l\'inserto flessibile del mesopiede, muovendosi in armonia con il piede, contribuiscono a rendere la falcata più fluida a ogni passo. L\'ammortizzazione FF BLAST PLUS mantiene la scarpa leggera, garantendo una sensazione di maggiore morbidezza sotto il piede. Inoltre, questo materiale contribuisce ad aumentare le proprietà di rimbalzo della scarpa in fase di stacco.','The GEL-NIMBUS 24 shoe provides excellent impact protection for your long distance training. The soft, reinforced mesh in the upper and flexible midfoot insert move in harmony with your foot, helping to smooth out your stride with every step. The FF BLAST PLUS cushioning keeps the shoe light, ensuring a feeling of greater softness under the foot. Furthermore, this material helps to increase the rebound properties of the shoe in the toe-off phase.',1,159.99,'Nero','Camminata','W','Asics','https://www.cisalfasport.it/dw/image/v2/BBVV_PRD/on/demandware.static/-/Sites-cisalfa-master/default/dw0b59d5c1/cisalfa/files/S5384830-002/image/S5384830_002.jpg?sw=1440&sh=1800',133),(147,'2023-04-05 18:20:22',NULL,'AIR MAX 270 W','La scarpa Nike Air Max 270 offre un\'ammortizzazione visibile ad ogni passo. Aggiornata per adeguarsi al comfort contemporaneo, rende omaggio alla versione originale del 1991 di Air Max 180, con la parte superiore della linguetta pronunciata e lo storico logo.','The Nike Air Max 270 shoe offers visible cushioning with every step. Updated for contemporary comfort, it pays homage to the original 1991 version of the Air Max 180, with a pronounced tongue top and historic logo.',1,159.99,'Multicolor','Camminata','W','Nike','https://www.cisalfasport.it/dw/image/v2/BBVV_PRD/on/demandware.static/-/Sites-cisalfa-master/default/dwb2d8be83/cisalfa/files/S4058238-001/image/S4058238_001.jpg?sw=1440&sh=1800',149.99),(148,'2023-04-05 18:20:26',NULL,'GRIZZLY SD M','BEAR GRIZZLY, una low-top stringata con tomaia realizzata in pelle di alta qualita e un tessuto molto resistente il comfort è assicurato da una soletta in schiuma da 5mm ricoperta da un sottile strato di vero sughero','BEAR GRIZZLY, a low-top lace-up with uppers made of high-quality leather and a very durable fabric comfort is provided by a 5mm foam insole covered with a thin layer of real cork',1,65,'Nero','Sneakers','M','Bear','https://www.cisalfasport.it/dw/image/v2/BBVV_PRD/on/demandware.static/-/Sites-cisalfa-master/default/dw97795c99/cisalfa/files/S4116039-02A/image/S4116039_02A.jpg?sw=960&sh=1200',100),(149,'2023-04-05 18:20:31',NULL,'CLIFTON 9 W','La pluripremiata Clifton è giunta alla sua nona versione. Più leggera e ammortizzata che mai. Eliminando peso e aggiungendo 3 mm di altezza della suola, la nuova Clifton 9 offre sensazioni rivitalizzanti alla pianta del piede con una nuova schiuma reattiva e un design della suola migliorato. Privata dei rinforzi e degli elementi termofusi, la tomaia semplificata è stata realizzata con metodi attenti all’ambiente e presenta un tallone più morbido, un pannello catarifrangente sul tallone e una linguetta snellita con pannello sul lato mediale.Te ne innamorerai perché è una scarpa da running rivoluzionaria, perfetta per gli allenamenti di tutti i giorni.','The award-winning Clifton is now in its ninth version. Lighter and more cushioned than ever before. Eliminating weight and adding 3 mm of sole height, the new Clifton 9 delivers revitalizing sensations to the sole of the foot with new responsive foam and an improved outsole design. Deprived of reinforcements and heat-molded elements, the simplified upper is made with environmentally conscious methods and features a softer heel, a reflective heel panel, and a streamlined tongue with a panel on the medial side.You\'ll fall in love with it because it\'s a revolutionary running shoe perfect for everyday workouts.',1,65,'Multicolor','Fitness','W','Hoka','https://www.cisalfasport.it/dw/image/v2/BBVV_PRD/on/demandware.static/-/Sites-cisalfa-master/default/dw6d8538e9/cisalfa/files/S5549719-ABIW/image/S5549719_ABIW.jpg?sw=960&sh=1200',150),(150,'2023-04-05 18:20:36',NULL,'AIR MAX 270 GS JR','Scarpe comode','Comfort Shoes',1,129.99,'Nero','Sneakers','W','Nike','https://www.cisalfasport.it/dw/image/v2/BBVV_PRD/on/demandware.static/-/Sites-cisalfa-master/default/dw202418fe/cisalfa/files/S2012923-001/image/S2012923_001.jpg?sw=960&sh=1200',129.99),(151,'2023-04-05 18:20:41',NULL,'STAN SMITH GS JR','Scarpe comode','Comfort Shoes',1,75.99,'Nero','Sneakers','W','Adidas','https://www.cisalfasport.it/dw/image/v2/BBVV_PRD/on/demandware.static/-/Sites-cisalfa-master/default/dw48fa969c/cisalfa/files/S5273251-UNI/image/S5273251_UNI.jpg?sw=960&sh=1200',75.99),(152,'2023-04-05 18:20:44',NULL,'COURT VISION MID LTR W','Scarpe comode','Comfort Shoes',1,85.99,'Nero','Sneakers','W','Nike','https://www.cisalfasport.it/dw/image/v2/BBVV_PRD/on/demandware.static/-/Sites-cisalfa-master/default/dwb8acc510/cisalfa/files/S5318571-002/image/S5318571_002.jpg?sw=960&sh=1200',85.99),(153,'2023-04-05 18:20:49',NULL,'BLAZER MID \'77 GS JR','Scarpe comode','Comfort Shoes',1,85.99,'Bianco','Sneakers','W','Nike','https://www.cisalfasport.it/dw/image/v2/BBVV_PRD/on/demandware.static/-/Sites-cisalfa-master/default/dwe4fc2c37/cisalfa/files/S5247536-100/image/S5247536_100.jpg?sw=960&sh=1200',85.99),(154,'2023-04-05 18:20:52',NULL,'JAZZ O','Scarpe da corsa','Running Shoes',1,120,'Blu','Sneakers','M','Saucony','https://www.cisalfasport.it/dw/image/v2/BBVV_PRD/on/demandware.static/-/Sites-cisalfa-master/default/dw3a001eef/cisalfa/files/S5249765-316/image/S5249765_316.jpg?sw=960&sh=1200',110),(155,'2023-04-05 18:20:55',NULL,'CAVEN DIME M','Scarpe da corsa','Running Shoes',1,75,'Bianco','Sneakers','W','Puma','https://www.cisalfasport.it/dw/image/v2/BBVV_PRD/on/demandware.static/-/Sites-cisalfa-master/default/dwa58a3b0e/cisalfa/files/S5399029-04/image/S5399029_04.jpg?sw=960&sh=1200',75),(156,'2023-04-05 18:20:58',NULL,'GEL-NIMBUS 24','La scarpa GEL- NIMBUS 24 garantisce un\'eccellente protezione dagli impatti per il tuo allenamento sulle lunghe distanze. La morbida rete rinforzata della tomaia e l\'inserto flessibile del mesopiede, muovendosi in armonia con il piede, contribuiscono a rendere la falcata più fluida a ogni passo. L\'ammortizzazione FF BLAST PLUS mantiene la scarpa leggera, garantendo una sensazione di maggiore morbidezza sotto il piede. Inoltre, questo materiale contribuisce ad aumentare le proprietà di rimbalzo della scarpa in fase di stacco.','The GEL-NIMBUS 24 shoe provides excellent impact protection for your long distance training. The soft, reinforced mesh in the upper and flexible midfoot insert move in harmony with your foot, helping to smooth out your stride with every step. The FF BLAST PLUS cushioning keeps the shoe light, ensuring a feeling of greater softness under the foot. Furthermore, this material helps to increase the rebound properties of the shoe in the toe-off phase.',1,159.99,'Nero','Camminata','W','Asics','https://www.cisalfasport.it/dw/image/v2/BBVV_PRD/on/demandware.static/-/Sites-cisalfa-master/default/dw0b59d5c1/cisalfa/files/S5384830-002/image/S5384830_002.jpg?sw=1440&sh=1800',133),(157,'2023-04-05 18:21:02',NULL,'AIR MAX 270 W','La scarpa Nike Air Max 270 offre un\'ammortizzazione visibile ad ogni passo. Aggiornata per adeguarsi al comfort contemporaneo, rende omaggio alla versione originale del 1991 di Air Max 180, con la parte superiore della linguetta pronunciata e lo storico logo.','The Nike Air Max 270 shoe offers visible cushioning with every step. Updated for contemporary comfort, it pays homage to the original 1991 version of the Air Max 180, with a pronounced tongue top and historic logo.',1,159.99,'Multicolor','Camminata','W','Nike','https://www.cisalfasport.it/dw/image/v2/BBVV_PRD/on/demandware.static/-/Sites-cisalfa-master/default/dwb2d8be83/cisalfa/files/S4058238-001/image/S4058238_001.jpg?sw=1440&sh=1800',149.99),(158,'2023-04-05 18:21:06',NULL,'GRIZZLY SD M','BEAR GRIZZLY, una low-top stringata con tomaia realizzata in pelle di alta qualita e un tessuto molto resistente il comfort è assicurato da una soletta in schiuma da 5mm ricoperta da un sottile strato di vero sughero','BEAR GRIZZLY, a low-top lace-up with uppers made of high-quality leather and a very durable fabric comfort is provided by a 5mm foam insole covered with a thin layer of real cork',1,65,'Nero','Sneakers','M','Bear','https://www.cisalfasport.it/dw/image/v2/BBVV_PRD/on/demandware.static/-/Sites-cisalfa-master/default/dw97795c99/cisalfa/files/S4116039-02A/image/S4116039_02A.jpg?sw=960&sh=1200',100),(159,'2023-04-05 18:21:09',NULL,'CLIFTON 9 W','La pluripremiata Clifton è giunta alla sua nona versione. Più leggera e ammortizzata che mai. Eliminando peso e aggiungendo 3 mm di altezza della suola, la nuova Clifton 9 offre sensazioni rivitalizzanti alla pianta del piede con una nuova schiuma reattiva e un design della suola migliorato. Privata dei rinforzi e degli elementi termofusi, la tomaia semplificata è stata realizzata con metodi attenti all’ambiente e presenta un tallone più morbido, un pannello catarifrangente sul tallone e una linguetta snellita con pannello sul lato mediale.Te ne innamorerai perché è una scarpa da running rivoluzionaria, perfetta per gli allenamenti di tutti i giorni.','The award-winning Clifton is now in its ninth version. Lighter and more cushioned than ever before. Eliminating weight and adding 3 mm of sole height, the new Clifton 9 delivers revitalizing sensations to the sole of the foot with new responsive foam and an improved outsole design. Deprived of reinforcements and heat-molded elements, the simplified upper is made with environmentally conscious methods and features a softer heel, a reflective heel panel, and a streamlined tongue with a panel on the medial side.You\'ll fall in love with it because it\'s a revolutionary running shoe perfect for everyday workouts.',1,65,'Multicolor','Fitness','W','Hoka','https://www.cisalfasport.it/dw/image/v2/BBVV_PRD/on/demandware.static/-/Sites-cisalfa-master/default/dw6d8538e9/cisalfa/files/S5549719-ABIW/image/S5549719_ABIW.jpg?sw=960&sh=1200',150),(160,'2023-04-05 18:21:14',NULL,'AIR MAX 270 GS JR','Scarpe comode','Comfort Shoes',1,129.99,'Nero','Sneakers','W','Nike','https://www.cisalfasport.it/dw/image/v2/BBVV_PRD/on/demandware.static/-/Sites-cisalfa-master/default/dw202418fe/cisalfa/files/S2012923-001/image/S2012923_001.jpg?sw=960&sh=1200',129.99),(161,'2023-04-05 18:21:18',NULL,'STAN SMITH GS JR','Scarpe comode','Comfort Shoes',1,75.99,'Nero','Sneakers','W','Adidas','https://www.cisalfasport.it/dw/image/v2/BBVV_PRD/on/demandware.static/-/Sites-cisalfa-master/default/dw48fa969c/cisalfa/files/S5273251-UNI/image/S5273251_UNI.jpg?sw=960&sh=1200',75.99),(162,'2023-04-05 18:21:21',NULL,'COURT VISION MID LTR W','Scarpe comode','Comfort Shoes',1,85.99,'Nero','Sneakers','W','Nike','https://www.cisalfasport.it/dw/image/v2/BBVV_PRD/on/demandware.static/-/Sites-cisalfa-master/default/dwb8acc510/cisalfa/files/S5318571-002/image/S5318571_002.jpg?sw=960&sh=1200',85.99),(163,'2023-04-05 18:21:25',NULL,'BLAZER MID \'77 GS JR','Scarpe comode','Comfort Shoes',1,85.99,'Bianco','Sneakers','W','Nike','https://www.cisalfasport.it/dw/image/v2/BBVV_PRD/on/demandware.static/-/Sites-cisalfa-master/default/dwe4fc2c37/cisalfa/files/S5247536-100/image/S5247536_100.jpg?sw=960&sh=1200',85.99),(164,'2023-04-05 18:21:28',NULL,'JAZZ O','Scarpe da corsa','Running Shoes',1,120,'Blu','Sneakers','M','Saucony','https://www.cisalfasport.it/dw/image/v2/BBVV_PRD/on/demandware.static/-/Sites-cisalfa-master/default/dw3a001eef/cisalfa/files/S5249765-316/image/S5249765_316.jpg?sw=960&sh=1200',110),(165,'2023-04-05 18:21:31',NULL,'CAVEN DIME M','Scarpe da corsa','Running Shoes',1,75,'Bianco','Sneakers','W','Puma','https://www.cisalfasport.it/dw/image/v2/BBVV_PRD/on/demandware.static/-/Sites-cisalfa-master/default/dwa58a3b0e/cisalfa/files/S5399029-04/image/S5399029_04.jpg?sw=960&sh=1200',75),(166,'2023-04-05 18:21:33',NULL,'GEL-NIMBUS 24','La scarpa GEL- NIMBUS 24 garantisce un\'eccellente protezione dagli impatti per il tuo allenamento sulle lunghe distanze. La morbida rete rinforzata della tomaia e l\'inserto flessibile del mesopiede, muovendosi in armonia con il piede, contribuiscono a rendere la falcata più fluida a ogni passo. L\'ammortizzazione FF BLAST PLUS mantiene la scarpa leggera, garantendo una sensazione di maggiore morbidezza sotto il piede. Inoltre, questo materiale contribuisce ad aumentare le proprietà di rimbalzo della scarpa in fase di stacco.','The GEL-NIMBUS 24 shoe provides excellent impact protection for your long distance training. The soft, reinforced mesh in the upper and flexible midfoot insert move in harmony with your foot, helping to smooth out your stride with every step. The FF BLAST PLUS cushioning keeps the shoe light, ensuring a feeling of greater softness under the foot. Furthermore, this material helps to increase the rebound properties of the shoe in the toe-off phase.',1,159.99,'Nero','Camminata','W','Asics','https://www.cisalfasport.it/dw/image/v2/BBVV_PRD/on/demandware.static/-/Sites-cisalfa-master/default/dw0b59d5c1/cisalfa/files/S5384830-002/image/S5384830_002.jpg?sw=1440&sh=1800',133),(167,'2023-04-05 18:21:37',NULL,'AIR MAX 270 W','La scarpa Nike Air Max 270 offre un\'ammortizzazione visibile ad ogni passo. Aggiornata per adeguarsi al comfort contemporaneo, rende omaggio alla versione originale del 1991 di Air Max 180, con la parte superiore della linguetta pronunciata e lo storico logo.','The Nike Air Max 270 shoe offers visible cushioning with every step. Updated for contemporary comfort, it pays homage to the original 1991 version of the Air Max 180, with a pronounced tongue top and historic logo.',1,159.99,'Multicolor','Camminata','W','Nike','https://www.cisalfasport.it/dw/image/v2/BBVV_PRD/on/demandware.static/-/Sites-cisalfa-master/default/dwb2d8be83/cisalfa/files/S4058238-001/image/S4058238_001.jpg?sw=1440&sh=1800',149.99),(168,'2023-04-05 18:21:40',NULL,'GRIZZLY SD M','BEAR GRIZZLY, una low-top stringata con tomaia realizzata in pelle di alta qualita e un tessuto molto resistente il comfort è assicurato da una soletta in schiuma da 5mm ricoperta da un sottile strato di vero sughero','BEAR GRIZZLY, a low-top lace-up with uppers made of high-quality leather and a very durable fabric comfort is provided by a 5mm foam insole covered with a thin layer of real cork',1,65,'Nero','Sneakers','M','Bear','https://www.cisalfasport.it/dw/image/v2/BBVV_PRD/on/demandware.static/-/Sites-cisalfa-master/default/dw97795c99/cisalfa/files/S4116039-02A/image/S4116039_02A.jpg?sw=960&sh=1200',100),(169,'2023-04-05 18:21:44',NULL,'CLIFTON 9 W','La pluripremiata Clifton è giunta alla sua nona versione. Più leggera e ammortizzata che mai. Eliminando peso e aggiungendo 3 mm di altezza della suola, la nuova Clifton 9 offre sensazioni rivitalizzanti alla pianta del piede con una nuova schiuma reattiva e un design della suola migliorato. Privata dei rinforzi e degli elementi termofusi, la tomaia semplificata è stata realizzata con metodi attenti all’ambiente e presenta un tallone più morbido, un pannello catarifrangente sul tallone e una linguetta snellita con pannello sul lato mediale.Te ne innamorerai perché è una scarpa da running rivoluzionaria, perfetta per gli allenamenti di tutti i giorni.','The award-winning Clifton is now in its ninth version. Lighter and more cushioned than ever before. Eliminating weight and adding 3 mm of sole height, the new Clifton 9 delivers revitalizing sensations to the sole of the foot with new responsive foam and an improved outsole design. Deprived of reinforcements and heat-molded elements, the simplified upper is made with environmentally conscious methods and features a softer heel, a reflective heel panel, and a streamlined tongue with a panel on the medial side.You\'ll fall in love with it because it\'s a revolutionary running shoe perfect for everyday workouts.',1,65,'Multicolor','Fitness','W','Hoka','https://www.cisalfasport.it/dw/image/v2/BBVV_PRD/on/demandware.static/-/Sites-cisalfa-master/default/dw6d8538e9/cisalfa/files/S5549719-ABIW/image/S5549719_ABIW.jpg?sw=960&sh=1200',150),(170,'2023-04-05 18:21:49',NULL,'AIR MAX 270 GS JR','Scarpe comode','Comfort Shoes',1,129.99,'Nero','Sneakers','W','Nike','https://www.cisalfasport.it/dw/image/v2/BBVV_PRD/on/demandware.static/-/Sites-cisalfa-master/default/dw202418fe/cisalfa/files/S2012923-001/image/S2012923_001.jpg?sw=960&sh=1200',129.99),(171,'2023-04-05 18:21:53',NULL,'STAN SMITH GS JR','Scarpe comode','Comfort Shoes',1,75.99,'Nero','Sneakers','W','Adidas','https://www.cisalfasport.it/dw/image/v2/BBVV_PRD/on/demandware.static/-/Sites-cisalfa-master/default/dw48fa969c/cisalfa/files/S5273251-UNI/image/S5273251_UNI.jpg?sw=960&sh=1200',75.99),(172,'2023-04-05 18:21:55',NULL,'COURT VISION MID LTR W','Scarpe comode','Comfort Shoes',1,85.99,'Nero','Sneakers','W','Nike','https://www.cisalfasport.it/dw/image/v2/BBVV_PRD/on/demandware.static/-/Sites-cisalfa-master/default/dwb8acc510/cisalfa/files/S5318571-002/image/S5318571_002.jpg?sw=960&sh=1200',85.99),(173,'2023-04-05 18:22:00',NULL,'BLAZER MID \'77 GS JR','Scarpe comode','Comfort Shoes',1,85.99,'Bianco','Sneakers','W','Nike','https://www.cisalfasport.it/dw/image/v2/BBVV_PRD/on/demandware.static/-/Sites-cisalfa-master/default/dwe4fc2c37/cisalfa/files/S5247536-100/image/S5247536_100.jpg?sw=960&sh=1200',85.99),(174,'2023-04-05 18:22:03',NULL,'JAZZ O','Scarpe da corsa','Running Shoes',1,120,'Blu','Sneakers','M','Saucony','https://www.cisalfasport.it/dw/image/v2/BBVV_PRD/on/demandware.static/-/Sites-cisalfa-master/default/dw3a001eef/cisalfa/files/S5249765-316/image/S5249765_316.jpg?sw=960&sh=1200',110),(175,'2023-04-05 18:22:05',NULL,'CAVEN DIME M','Scarpe da corsa','Running Shoes',1,75,'Bianco','Sneakers','W','Puma','https://www.cisalfasport.it/dw/image/v2/BBVV_PRD/on/demandware.static/-/Sites-cisalfa-master/default/dwa58a3b0e/cisalfa/files/S5399029-04/image/S5399029_04.jpg?sw=960&sh=1200',75),(176,'2023-04-05 18:22:08',NULL,'GEL-NIMBUS 24','La scarpa GEL- NIMBUS 24 garantisce un\'eccellente protezione dagli impatti per il tuo allenamento sulle lunghe distanze. La morbida rete rinforzata della tomaia e l\'inserto flessibile del mesopiede, muovendosi in armonia con il piede, contribuiscono a rendere la falcata più fluida a ogni passo. L\'ammortizzazione FF BLAST PLUS mantiene la scarpa leggera, garantendo una sensazione di maggiore morbidezza sotto il piede. Inoltre, questo materiale contribuisce ad aumentare le proprietà di rimbalzo della scarpa in fase di stacco.','The GEL-NIMBUS 24 shoe provides excellent impact protection for your long distance training. The soft, reinforced mesh in the upper and flexible midfoot insert move in harmony with your foot, helping to smooth out your stride with every step. The FF BLAST PLUS cushioning keeps the shoe light, ensuring a feeling of greater softness under the foot. Furthermore, this material helps to increase the rebound properties of the shoe in the toe-off phase.',1,159.99,'Nero','Camminata','W','Asics','https://www.cisalfasport.it/dw/image/v2/BBVV_PRD/on/demandware.static/-/Sites-cisalfa-master/default/dw0b59d5c1/cisalfa/files/S5384830-002/image/S5384830_002.jpg?sw=1440&sh=1800',133),(177,'2023-04-05 18:22:12',NULL,'AIR MAX 270 W','La scarpa Nike Air Max 270 offre un\'ammortizzazione visibile ad ogni passo. Aggiornata per adeguarsi al comfort contemporaneo, rende omaggio alla versione originale del 1991 di Air Max 180, con la parte superiore della linguetta pronunciata e lo storico logo.','The Nike Air Max 270 shoe offers visible cushioning with every step. Updated for contemporary comfort, it pays homage to the original 1991 version of the Air Max 180, with a pronounced tongue top and historic logo.',1,159.99,'Multicolor','Camminata','W','Nike','https://www.cisalfasport.it/dw/image/v2/BBVV_PRD/on/demandware.static/-/Sites-cisalfa-master/default/dwb2d8be83/cisalfa/files/S4058238-001/image/S4058238_001.jpg?sw=1440&sh=1800',149.99),(178,'2023-04-05 18:22:15',NULL,'GRIZZLY SD M','BEAR GRIZZLY, una low-top stringata con tomaia realizzata in pelle di alta qualita e un tessuto molto resistente il comfort è assicurato da una soletta in schiuma da 5mm ricoperta da un sottile strato di vero sughero','BEAR GRIZZLY, a low-top lace-up with uppers made of high-quality leather and a very durable fabric comfort is provided by a 5mm foam insole covered with a thin layer of real cork',1,65,'Nero','Sneakers','M','Bear','https://www.cisalfasport.it/dw/image/v2/BBVV_PRD/on/demandware.static/-/Sites-cisalfa-master/default/dw97795c99/cisalfa/files/S4116039-02A/image/S4116039_02A.jpg?sw=960&sh=1200',100),(179,'2023-04-05 18:22:19',NULL,'CLIFTON 9 W','La pluripremiata Clifton è giunta alla sua nona versione. Più leggera e ammortizzata che mai. Eliminando peso e aggiungendo 3 mm di altezza della suola, la nuova Clifton 9 offre sensazioni rivitalizzanti alla pianta del piede con una nuova schiuma reattiva e un design della suola migliorato. Privata dei rinforzi e degli elementi termofusi, la tomaia semplificata è stata realizzata con metodi attenti all’ambiente e presenta un tallone più morbido, un pannello catarifrangente sul tallone e una linguetta snellita con pannello sul lato mediale.Te ne innamorerai perché è una scarpa da running rivoluzionaria, perfetta per gli allenamenti di tutti i giorni.','The award-winning Clifton is now in its ninth version. Lighter and more cushioned than ever before. Eliminating weight and adding 3 mm of sole height, the new Clifton 9 delivers revitalizing sensations to the sole of the foot with new responsive foam and an improved outsole design. Deprived of reinforcements and heat-molded elements, the simplified upper is made with environmentally conscious methods and features a softer heel, a reflective heel panel, and a streamlined tongue with a panel on the medial side.You\'ll fall in love with it because it\'s a revolutionary running shoe perfect for everyday workouts.',1,65,'Multicolor','Fitness','W','Hoka','https://www.cisalfasport.it/dw/image/v2/BBVV_PRD/on/demandware.static/-/Sites-cisalfa-master/default/dw6d8538e9/cisalfa/files/S5549719-ABIW/image/S5549719_ABIW.jpg?sw=960&sh=1200',150),(180,'2023-04-05 18:22:23',NULL,'AIR MAX 270 GS JR','Scarpe comode','Comfort Shoes',1,129.99,'Nero','Sneakers','W','Nike','https://www.cisalfasport.it/dw/image/v2/BBVV_PRD/on/demandware.static/-/Sites-cisalfa-master/default/dw202418fe/cisalfa/files/S2012923-001/image/S2012923_001.jpg?sw=960&sh=1200',129.99),(181,'2023-04-05 18:22:27',NULL,'STAN SMITH GS JR','Scarpe comode','Comfort Shoes',1,75.99,'Nero','Sneakers','W','Adidas','https://www.cisalfasport.it/dw/image/v2/BBVV_PRD/on/demandware.static/-/Sites-cisalfa-master/default/dw48fa969c/cisalfa/files/S5273251-UNI/image/S5273251_UNI.jpg?sw=960&sh=1200',75.99),(182,'2023-04-05 18:22:30',NULL,'COURT VISION MID LTR W','Scarpe comode','Comfort Shoes',1,85.99,'Nero','Sneakers','W','Nike','https://www.cisalfasport.it/dw/image/v2/BBVV_PRD/on/demandware.static/-/Sites-cisalfa-master/default/dwb8acc510/cisalfa/files/S5318571-002/image/S5318571_002.jpg?sw=960&sh=1200',85.99),(183,'2023-04-05 18:22:34',NULL,'BLAZER MID \'77 GS JR','Scarpe comode','Comfort Shoes',1,85.99,'Bianco','Sneakers','W','Nike','https://www.cisalfasport.it/dw/image/v2/BBVV_PRD/on/demandware.static/-/Sites-cisalfa-master/default/dwe4fc2c37/cisalfa/files/S5247536-100/image/S5247536_100.jpg?sw=960&sh=1200',85.99),(184,'2023-04-05 18:22:37',NULL,'JAZZ O','Scarpe da corsa','Running Shoes',1,120,'Blu','Sneakers','M','Saucony','https://www.cisalfasport.it/dw/image/v2/BBVV_PRD/on/demandware.static/-/Sites-cisalfa-master/default/dw3a001eef/cisalfa/files/S5249765-316/image/S5249765_316.jpg?sw=960&sh=1200',110),(185,'2023-04-05 18:22:40',NULL,'CAVEN DIME M','Scarpe da corsa','Running Shoes',1,75,'Bianco','Sneakers','W','Puma','https://www.cisalfasport.it/dw/image/v2/BBVV_PRD/on/demandware.static/-/Sites-cisalfa-master/default/dwa58a3b0e/cisalfa/files/S5399029-04/image/S5399029_04.jpg?sw=960&sh=1200',75),(186,'2023-04-05 18:22:43',NULL,'GEL-NIMBUS 24','La scarpa GEL- NIMBUS 24 garantisce un\'eccellente protezione dagli impatti per il tuo allenamento sulle lunghe distanze. La morbida rete rinforzata della tomaia e l\'inserto flessibile del mesopiede, muovendosi in armonia con il piede, contribuiscono a rendere la falcata più fluida a ogni passo. L\'ammortizzazione FF BLAST PLUS mantiene la scarpa leggera, garantendo una sensazione di maggiore morbidezza sotto il piede. Inoltre, questo materiale contribuisce ad aumentare le proprietà di rimbalzo della scarpa in fase di stacco.','The GEL-NIMBUS 24 shoe provides excellent impact protection for your long distance training. The soft, reinforced mesh in the upper and flexible midfoot insert move in harmony with your foot, helping to smooth out your stride with every step. The FF BLAST PLUS cushioning keeps the shoe light, ensuring a feeling of greater softness under the foot. Furthermore, this material helps to increase the rebound properties of the shoe in the toe-off phase.',1,159.99,'Nero','Camminata','W','Asics','https://www.cisalfasport.it/dw/image/v2/BBVV_PRD/on/demandware.static/-/Sites-cisalfa-master/default/dw0b59d5c1/cisalfa/files/S5384830-002/image/S5384830_002.jpg?sw=1440&sh=1800',133),(187,'2023-04-05 18:22:47',NULL,'AIR MAX 270 W','La scarpa Nike Air Max 270 offre un\'ammortizzazione visibile ad ogni passo. Aggiornata per adeguarsi al comfort contemporaneo, rende omaggio alla versione originale del 1991 di Air Max 180, con la parte superiore della linguetta pronunciata e lo storico logo.','The Nike Air Max 270 shoe offers visible cushioning with every step. Updated for contemporary comfort, it pays homage to the original 1991 version of the Air Max 180, with a pronounced tongue top and historic logo.',1,159.99,'Multicolor','Camminata','W','Nike','https://www.cisalfasport.it/dw/image/v2/BBVV_PRD/on/demandware.static/-/Sites-cisalfa-master/default/dwb2d8be83/cisalfa/files/S4058238-001/image/S4058238_001.jpg?sw=1440&sh=1800',149.99),(188,'2023-04-05 18:22:50',NULL,'GRIZZLY SD M','BEAR GRIZZLY, una low-top stringata con tomaia realizzata in pelle di alta qualita e un tessuto molto resistente il comfort è assicurato da una soletta in schiuma da 5mm ricoperta da un sottile strato di vero sughero','BEAR GRIZZLY, a low-top lace-up with uppers made of high-quality leather and a very durable fabric comfort is provided by a 5mm foam insole covered with a thin layer of real cork',1,65,'Nero','Sneakers','M','Bear','https://www.cisalfasport.it/dw/image/v2/BBVV_PRD/on/demandware.static/-/Sites-cisalfa-master/default/dw97795c99/cisalfa/files/S4116039-02A/image/S4116039_02A.jpg?sw=960&sh=1200',100),(189,'2023-04-05 18:22:54',NULL,'CLIFTON 9 W','La pluripremiata Clifton è giunta alla sua nona versione. Più leggera e ammortizzata che mai. Eliminando peso e aggiungendo 3 mm di altezza della suola, la nuova Clifton 9 offre sensazioni rivitalizzanti alla pianta del piede con una nuova schiuma reattiva e un design della suola migliorato. Privata dei rinforzi e degli elementi termofusi, la tomaia semplificata è stata realizzata con metodi attenti all’ambiente e presenta un tallone più morbido, un pannello catarifrangente sul tallone e una linguetta snellita con pannello sul lato mediale.Te ne innamorerai perché è una scarpa da running rivoluzionaria, perfetta per gli allenamenti di tutti i giorni.','The award-winning Clifton is now in its ninth version. Lighter and more cushioned than ever before. Eliminating weight and adding 3 mm of sole height, the new Clifton 9 delivers revitalizing sensations to the sole of the foot with new responsive foam and an improved outsole design. Deprived of reinforcements and heat-molded elements, the simplified upper is made with environmentally conscious methods and features a softer heel, a reflective heel panel, and a streamlined tongue with a panel on the medial side.You\'ll fall in love with it because it\'s a revolutionary running shoe perfect for everyday workouts.',1,65,'Multicolor','Fitness','W','Hoka','https://www.cisalfasport.it/dw/image/v2/BBVV_PRD/on/demandware.static/-/Sites-cisalfa-master/default/dw6d8538e9/cisalfa/files/S5549719-ABIW/image/S5549719_ABIW.jpg?sw=960&sh=1200',150),(190,'2023-04-05 18:22:59',NULL,'AIR MAX 270 GS JR','Scarpe comode','Comfort Shoes',1,129.99,'Nero','Sneakers','W','Nike','https://www.cisalfasport.it/dw/image/v2/BBVV_PRD/on/demandware.static/-/Sites-cisalfa-master/default/dw202418fe/cisalfa/files/S2012923-001/image/S2012923_001.jpg?sw=960&sh=1200',129.99),(191,'2023-04-05 18:23:03',NULL,'STAN SMITH GS JR','Scarpe comode','Comfort Shoes',1,75.99,'Nero','Sneakers','W','Adidas','https://www.cisalfasport.it/dw/image/v2/BBVV_PRD/on/demandware.static/-/Sites-cisalfa-master/default/dw48fa969c/cisalfa/files/S5273251-UNI/image/S5273251_UNI.jpg?sw=960&sh=1200',75.99),(192,'2023-04-05 18:23:06',NULL,'COURT VISION MID LTR W','Scarpe comode','Comfort Shoes',1,85.99,'Nero','Sneakers','W','Nike','https://www.cisalfasport.it/dw/image/v2/BBVV_PRD/on/demandware.static/-/Sites-cisalfa-master/default/dwb8acc510/cisalfa/files/S5318571-002/image/S5318571_002.jpg?sw=960&sh=1200',85.99),(193,'2023-04-05 18:23:10',NULL,'BLAZER MID \'77 GS JR','Scarpe comode','Comfort Shoes',1,85.99,'Bianco','Sneakers','W','Nike','https://www.cisalfasport.it/dw/image/v2/BBVV_PRD/on/demandware.static/-/Sites-cisalfa-master/default/dwe4fc2c37/cisalfa/files/S5247536-100/image/S5247536_100.jpg?sw=960&sh=1200',85.99),(194,'2023-04-05 18:23:13',NULL,'JAZZ O','Scarpe da corsa','Running Shoes',1,120,'Blu','Sneakers','M','Saucony','https://www.cisalfasport.it/dw/image/v2/BBVV_PRD/on/demandware.static/-/Sites-cisalfa-master/default/dw3a001eef/cisalfa/files/S5249765-316/image/S5249765_316.jpg?sw=960&sh=1200',110),(195,'2023-04-05 18:23:16',NULL,'CAVEN DIME M','Scarpe da corsa','Running Shoes',1,75,'Bianco','Sneakers','W','Puma','https://www.cisalfasport.it/dw/image/v2/BBVV_PRD/on/demandware.static/-/Sites-cisalfa-master/default/dwa58a3b0e/cisalfa/files/S5399029-04/image/S5399029_04.jpg?sw=960&sh=1200',75),(196,'2023-04-05 18:23:19',NULL,'GEL-NIMBUS 24','La scarpa GEL- NIMBUS 24 garantisce un\'eccellente protezione dagli impatti per il tuo allenamento sulle lunghe distanze. La morbida rete rinforzata della tomaia e l\'inserto flessibile del mesopiede, muovendosi in armonia con il piede, contribuiscono a rendere la falcata più fluida a ogni passo. L\'ammortizzazione FF BLAST PLUS mantiene la scarpa leggera, garantendo una sensazione di maggiore morbidezza sotto il piede. Inoltre, questo materiale contribuisce ad aumentare le proprietà di rimbalzo della scarpa in fase di stacco.','The GEL-NIMBUS 24 shoe provides excellent impact protection for your long distance training. The soft, reinforced mesh in the upper and flexible midfoot insert move in harmony with your foot, helping to smooth out your stride with every step. The FF BLAST PLUS cushioning keeps the shoe light, ensuring a feeling of greater softness under the foot. Furthermore, this material helps to increase the rebound properties of the shoe in the toe-off phase.',1,159.99,'Nero','Camminata','W','Asics','https://www.cisalfasport.it/dw/image/v2/BBVV_PRD/on/demandware.static/-/Sites-cisalfa-master/default/dw0b59d5c1/cisalfa/files/S5384830-002/image/S5384830_002.jpg?sw=1440&sh=1800',133),(197,'2023-04-05 18:23:22',NULL,'AIR MAX 270 W','La scarpa Nike Air Max 270 offre un\'ammortizzazione visibile ad ogni passo. Aggiornata per adeguarsi al comfort contemporaneo, rende omaggio alla versione originale del 1991 di Air Max 180, con la parte superiore della linguetta pronunciata e lo storico logo.','The Nike Air Max 270 shoe offers visible cushioning with every step. Updated for contemporary comfort, it pays homage to the original 1991 version of the Air Max 180, with a pronounced tongue top and historic logo.',1,159.99,'Multicolor','Camminata','W','Nike','https://www.cisalfasport.it/dw/image/v2/BBVV_PRD/on/demandware.static/-/Sites-cisalfa-master/default/dwb2d8be83/cisalfa/files/S4058238-001/image/S4058238_001.jpg?sw=1440&sh=1800',149.99),(198,'2023-04-05 18:23:26',NULL,'GRIZZLY SD M','BEAR GRIZZLY, una low-top stringata con tomaia realizzata in pelle di alta qualita e un tessuto molto resistente il comfort è assicurato da una soletta in schiuma da 5mm ricoperta da un sottile strato di vero sughero','BEAR GRIZZLY, a low-top lace-up with uppers made of high-quality leather and a very durable fabric comfort is provided by a 5mm foam insole covered with a thin layer of real cork',1,65,'Nero','Sneakers','M','Bear','https://www.cisalfasport.it/dw/image/v2/BBVV_PRD/on/demandware.static/-/Sites-cisalfa-master/default/dw97795c99/cisalfa/files/S4116039-02A/image/S4116039_02A.jpg?sw=960&sh=1200',100),(199,'2023-04-05 18:23:29',NULL,'CLIFTON 9 W','La pluripremiata Clifton è giunta alla sua nona versione. Più leggera e ammortizzata che mai. Eliminando peso e aggiungendo 3 mm di altezza della suola, la nuova Clifton 9 offre sensazioni rivitalizzanti alla pianta del piede con una nuova schiuma reattiva e un design della suola migliorato. Privata dei rinforzi e degli elementi termofusi, la tomaia semplificata è stata realizzata con metodi attenti all’ambiente e presenta un tallone più morbido, un pannello catarifrangente sul tallone e una linguetta snellita con pannello sul lato mediale.Te ne innamorerai perché è una scarpa da running rivoluzionaria, perfetta per gli allenamenti di tutti i giorni.','The award-winning Clifton is now in its ninth version. Lighter and more cushioned than ever before. Eliminating weight and adding 3 mm of sole height, the new Clifton 9 delivers revitalizing sensations to the sole of the foot with new responsive foam and an improved outsole design. Deprived of reinforcements and heat-molded elements, the simplified upper is made with environmentally conscious methods and features a softer heel, a reflective heel panel, and a streamlined tongue with a panel on the medial side.You\'ll fall in love with it because it\'s a revolutionary running shoe perfect for everyday workouts.',1,65,'Multicolor','Fitness','W','Hoka','https://www.cisalfasport.it/dw/image/v2/BBVV_PRD/on/demandware.static/-/Sites-cisalfa-master/default/dw6d8538e9/cisalfa/files/S5549719-ABIW/image/S5549719_ABIW.jpg?sw=960&sh=1200',150),(200,'2023-04-05 18:23:34',NULL,'AIR MAX 270 GS JR','Scarpe comode','Comfort Shoes',1,129.99,'Nero','Sneakers','W','Nike','https://www.cisalfasport.it/dw/image/v2/BBVV_PRD/on/demandware.static/-/Sites-cisalfa-master/default/dw202418fe/cisalfa/files/S2012923-001/image/S2012923_001.jpg?sw=960&sh=1200',129.99),(201,'2023-04-05 18:23:38',NULL,'STAN SMITH GS JR','Scarpe comode','Comfort Shoes',1,75.99,'Nero','Sneakers','W','Adidas','https://www.cisalfasport.it/dw/image/v2/BBVV_PRD/on/demandware.static/-/Sites-cisalfa-master/default/dw48fa969c/cisalfa/files/S5273251-UNI/image/S5273251_UNI.jpg?sw=960&sh=1200',75.99),(202,'2023-04-05 18:23:41',NULL,'COURT VISION MID LTR W','Scarpe comode','Comfort Shoes',1,85.99,'Nero','Sneakers','W','Nike','https://www.cisalfasport.it/dw/image/v2/BBVV_PRD/on/demandware.static/-/Sites-cisalfa-master/default/dwb8acc510/cisalfa/files/S5318571-002/image/S5318571_002.jpg?sw=960&sh=1200',85.99),(203,'2023-04-05 18:23:45',NULL,'BLAZER MID \'77 GS JR','Scarpe comode','Comfort Shoes',1,85.99,'Bianco','Sneakers','W','Nike','https://www.cisalfasport.it/dw/image/v2/BBVV_PRD/on/demandware.static/-/Sites-cisalfa-master/default/dwe4fc2c37/cisalfa/files/S5247536-100/image/S5247536_100.jpg?sw=960&sh=1200',85.99),(204,'2023-04-05 18:23:47',NULL,'JAZZ O','Scarpe da corsa','Running Shoes',1,120,'Blu','Sneakers','M','Saucony','https://www.cisalfasport.it/dw/image/v2/BBVV_PRD/on/demandware.static/-/Sites-cisalfa-master/default/dw3a001eef/cisalfa/files/S5249765-316/image/S5249765_316.jpg?sw=960&sh=1200',110),(205,'2023-04-05 18:23:50',NULL,'CAVEN DIME M','Scarpe da corsa','Running Shoes',1,75,'Bianco','Sneakers','W','Puma','https://www.cisalfasport.it/dw/image/v2/BBVV_PRD/on/demandware.static/-/Sites-cisalfa-master/default/dwa58a3b0e/cisalfa/files/S5399029-04/image/S5399029_04.jpg?sw=960&sh=1200',75),(206,'2023-04-05 18:23:53',NULL,'GEL-NIMBUS 24','La scarpa GEL- NIMBUS 24 garantisce un\'eccellente protezione dagli impatti per il tuo allenamento sulle lunghe distanze. La morbida rete rinforzata della tomaia e l\'inserto flessibile del mesopiede, muovendosi in armonia con il piede, contribuiscono a rendere la falcata più fluida a ogni passo. L\'ammortizzazione FF BLAST PLUS mantiene la scarpa leggera, garantendo una sensazione di maggiore morbidezza sotto il piede. Inoltre, questo materiale contribuisce ad aumentare le proprietà di rimbalzo della scarpa in fase di stacco.','The GEL-NIMBUS 24 shoe provides excellent impact protection for your long distance training. The soft, reinforced mesh in the upper and flexible midfoot insert move in harmony with your foot, helping to smooth out your stride with every step. The FF BLAST PLUS cushioning keeps the shoe light, ensuring a feeling of greater softness under the foot. Furthermore, this material helps to increase the rebound properties of the shoe in the toe-off phase.',1,159.99,'Nero','Camminata','W','Asics','https://www.cisalfasport.it/dw/image/v2/BBVV_PRD/on/demandware.static/-/Sites-cisalfa-master/default/dw0b59d5c1/cisalfa/files/S5384830-002/image/S5384830_002.jpg?sw=1440&sh=1800',133),(207,'2023-04-05 18:23:57',NULL,'AIR MAX 270 W','La scarpa Nike Air Max 270 offre un\'ammortizzazione visibile ad ogni passo. Aggiornata per adeguarsi al comfort contemporaneo, rende omaggio alla versione originale del 1991 di Air Max 180, con la parte superiore della linguetta pronunciata e lo storico logo.','The Nike Air Max 270 shoe offers visible cushioning with every step. Updated for contemporary comfort, it pays homage to the original 1991 version of the Air Max 180, with a pronounced tongue top and historic logo.',1,159.99,'Multicolor','Camminata','W','Nike','https://www.cisalfasport.it/dw/image/v2/BBVV_PRD/on/demandware.static/-/Sites-cisalfa-master/default/dwb2d8be83/cisalfa/files/S4058238-001/image/S4058238_001.jpg?sw=1440&sh=1800',149.99),(208,'2023-04-05 18:24:00',NULL,'GRIZZLY SD M','BEAR GRIZZLY, una low-top stringata con tomaia realizzata in pelle di alta qualita e un tessuto molto resistente il comfort è assicurato da una soletta in schiuma da 5mm ricoperta da un sottile strato di vero sughero','BEAR GRIZZLY, a low-top lace-up with uppers made of high-quality leather and a very durable fabric comfort is provided by a 5mm foam insole covered with a thin layer of real cork',1,65,'Nero','Sneakers','M','Bear','https://www.cisalfasport.it/dw/image/v2/BBVV_PRD/on/demandware.static/-/Sites-cisalfa-master/default/dw97795c99/cisalfa/files/S4116039-02A/image/S4116039_02A.jpg?sw=960&sh=1200',100),(209,'2023-04-05 18:24:05',NULL,'CLIFTON 9 W','La pluripremiata Clifton è giunta alla sua nona versione. Più leggera e ammortizzata che mai. Eliminando peso e aggiungendo 3 mm di altezza della suola, la nuova Clifton 9 offre sensazioni rivitalizzanti alla pianta del piede con una nuova schiuma reattiva e un design della suola migliorato. Privata dei rinforzi e degli elementi termofusi, la tomaia semplificata è stata realizzata con metodi attenti all’ambiente e presenta un tallone più morbido, un pannello catarifrangente sul tallone e una linguetta snellita con pannello sul lato mediale.Te ne innamorerai perché è una scarpa da running rivoluzionaria, perfetta per gli allenamenti di tutti i giorni.','The award-winning Clifton is now in its ninth version. Lighter and more cushioned than ever before. Eliminating weight and adding 3 mm of sole height, the new Clifton 9 delivers revitalizing sensations to the sole of the foot with new responsive foam and an improved outsole design. Deprived of reinforcements and heat-molded elements, the simplified upper is made with environmentally conscious methods and features a softer heel, a reflective heel panel, and a streamlined tongue with a panel on the medial side.You\'ll fall in love with it because it\'s a revolutionary running shoe perfect for everyday workouts.',1,65,'Multicolor','Fitness','W','Hoka','https://www.cisalfasport.it/dw/image/v2/BBVV_PRD/on/demandware.static/-/Sites-cisalfa-master/default/dw6d8538e9/cisalfa/files/S5549719-ABIW/image/S5549719_ABIW.jpg?sw=960&sh=1200',150),(210,'2023-04-05 18:24:09',NULL,'AIR MAX 270 GS JR','Scarpe comode','Comfort Shoes',1,129.99,'Nero','Sneakers','W','Nike','https://www.cisalfasport.it/dw/image/v2/BBVV_PRD/on/demandware.static/-/Sites-cisalfa-master/default/dw202418fe/cisalfa/files/S2012923-001/image/S2012923_001.jpg?sw=960&sh=1200',129.99),(211,'2023-04-05 18:24:13',NULL,'STAN SMITH GS JR','Scarpe comode','Comfort Shoes',1,75.99,'Nero','Sneakers','W','Adidas','https://www.cisalfasport.it/dw/image/v2/BBVV_PRD/on/demandware.static/-/Sites-cisalfa-master/default/dw48fa969c/cisalfa/files/S5273251-UNI/image/S5273251_UNI.jpg?sw=960&sh=1200',75.99),(212,'2023-04-05 18:24:17',NULL,'COURT VISION MID LTR W','Scarpe comode','Comfort Shoes',1,85.99,'Nero','Sneakers','W','Nike','https://www.cisalfasport.it/dw/image/v2/BBVV_PRD/on/demandware.static/-/Sites-cisalfa-master/default/dwb8acc510/cisalfa/files/S5318571-002/image/S5318571_002.jpg?sw=960&sh=1200',85.99),(213,'2023-04-05 18:24:21',NULL,'BLAZER MID \'77 GS JR','Scarpe comode','Comfort Shoes',1,85.99,'Bianco','Sneakers','W','Nike','https://www.cisalfasport.it/dw/image/v2/BBVV_PRD/on/demandware.static/-/Sites-cisalfa-master/default/dwe4fc2c37/cisalfa/files/S5247536-100/image/S5247536_100.jpg?sw=960&sh=1200',85.99),(214,'2023-04-05 18:24:24',NULL,'JAZZ O','Scarpe da corsa','Running Shoes',1,120,'Blu','Sneakers','M','Saucony','https://www.cisalfasport.it/dw/image/v2/BBVV_PRD/on/demandware.static/-/Sites-cisalfa-master/default/dw3a001eef/cisalfa/files/S5249765-316/image/S5249765_316.jpg?sw=960&sh=1200',110),(215,'2023-04-05 18:24:27',NULL,'CAVEN DIME M','Scarpe da corsa','Running Shoes',1,75,'Bianco','Sneakers','W','Puma','https://www.cisalfasport.it/dw/image/v2/BBVV_PRD/on/demandware.static/-/Sites-cisalfa-master/default/dwa58a3b0e/cisalfa/files/S5399029-04/image/S5399029_04.jpg?sw=960&sh=1200',75),(216,'2023-04-05 18:24:29',NULL,'GEL-NIMBUS 24','La scarpa GEL- NIMBUS 24 garantisce un\'eccellente protezione dagli impatti per il tuo allenamento sulle lunghe distanze. La morbida rete rinforzata della tomaia e l\'inserto flessibile del mesopiede, muovendosi in armonia con il piede, contribuiscono a rendere la falcata più fluida a ogni passo. L\'ammortizzazione FF BLAST PLUS mantiene la scarpa leggera, garantendo una sensazione di maggiore morbidezza sotto il piede. Inoltre, questo materiale contribuisce ad aumentare le proprietà di rimbalzo della scarpa in fase di stacco.','The GEL-NIMBUS 24 shoe provides excellent impact protection for your long distance training. The soft, reinforced mesh in the upper and flexible midfoot insert move in harmony with your foot, helping to smooth out your stride with every step. The FF BLAST PLUS cushioning keeps the shoe light, ensuring a feeling of greater softness under the foot. Furthermore, this material helps to increase the rebound properties of the shoe in the toe-off phase.',1,159.99,'Nero','Camminata','W','Asics','https://www.cisalfasport.it/dw/image/v2/BBVV_PRD/on/demandware.static/-/Sites-cisalfa-master/default/dw0b59d5c1/cisalfa/files/S5384830-002/image/S5384830_002.jpg?sw=1440&sh=1800',133),(217,'2023-04-05 18:24:33',NULL,'AIR MAX 270 W','La scarpa Nike Air Max 270 offre un\'ammortizzazione visibile ad ogni passo. Aggiornata per adeguarsi al comfort contemporaneo, rende omaggio alla versione originale del 1991 di Air Max 180, con la parte superiore della linguetta pronunciata e lo storico logo.','The Nike Air Max 270 shoe offers visible cushioning with every step. Updated for contemporary comfort, it pays homage to the original 1991 version of the Air Max 180, with a pronounced tongue top and historic logo.',1,159.99,'Multicolor','Camminata','W','Nike','https://www.cisalfasport.it/dw/image/v2/BBVV_PRD/on/demandware.static/-/Sites-cisalfa-master/default/dwb2d8be83/cisalfa/files/S4058238-001/image/S4058238_001.jpg?sw=1440&sh=1800',149.99),(218,'2023-04-05 18:24:37',NULL,'GRIZZLY SD M','BEAR GRIZZLY, una low-top stringata con tomaia realizzata in pelle di alta qualita e un tessuto molto resistente il comfort è assicurato da una soletta in schiuma da 5mm ricoperta da un sottile strato di vero sughero','BEAR GRIZZLY, a low-top lace-up with uppers made of high-quality leather and a very durable fabric comfort is provided by a 5mm foam insole covered with a thin layer of real cork',1,65,'Nero','Sneakers','M','Bear','https://www.cisalfasport.it/dw/image/v2/BBVV_PRD/on/demandware.static/-/Sites-cisalfa-master/default/dw97795c99/cisalfa/files/S4116039-02A/image/S4116039_02A.jpg?sw=960&sh=1200',100),(219,'2023-04-05 18:24:41',NULL,'CLIFTON 9 W','La pluripremiata Clifton è giunta alla sua nona versione. Più leggera e ammortizzata che mai. Eliminando peso e aggiungendo 3 mm di altezza della suola, la nuova Clifton 9 offre sensazioni rivitalizzanti alla pianta del piede con una nuova schiuma reattiva e un design della suola migliorato. Privata dei rinforzi e degli elementi termofusi, la tomaia semplificata è stata realizzata con metodi attenti all’ambiente e presenta un tallone più morbido, un pannello catarifrangente sul tallone e una linguetta snellita con pannello sul lato mediale.Te ne innamorerai perché è una scarpa da running rivoluzionaria, perfetta per gli allenamenti di tutti i giorni.','The award-winning Clifton is now in its ninth version. Lighter and more cushioned than ever before. Eliminating weight and adding 3 mm of sole height, the new Clifton 9 delivers revitalizing sensations to the sole of the foot with new responsive foam and an improved outsole design. Deprived of reinforcements and heat-molded elements, the simplified upper is made with environmentally conscious methods and features a softer heel, a reflective heel panel, and a streamlined tongue with a panel on the medial side.You\'ll fall in love with it because it\'s a revolutionary running shoe perfect for everyday workouts.',1,65,'Multicolor','Fitness','W','Hoka','https://www.cisalfasport.it/dw/image/v2/BBVV_PRD/on/demandware.static/-/Sites-cisalfa-master/default/dw6d8538e9/cisalfa/files/S5549719-ABIW/image/S5549719_ABIW.jpg?sw=960&sh=1200',150),(220,'2023-04-05 18:24:46',NULL,'AIR MAX 270 GS JR','Scarpe comode','Comfort Shoes',1,129.99,'Nero','Sneakers','W','Nike','https://www.cisalfasport.it/dw/image/v2/BBVV_PRD/on/demandware.static/-/Sites-cisalfa-master/default/dw202418fe/cisalfa/files/S2012923-001/image/S2012923_001.jpg?sw=960&sh=1200',129.99),(221,'2023-04-05 18:24:51',NULL,'STAN SMITH GS JR','Scarpe comode','Comfort Shoes',1,75.99,'Nero','Sneakers','W','Adidas','https://www.cisalfasport.it/dw/image/v2/BBVV_PRD/on/demandware.static/-/Sites-cisalfa-master/default/dw48fa969c/cisalfa/files/S5273251-UNI/image/S5273251_UNI.jpg?sw=960&sh=1200',75.99),(222,'2023-04-05 18:24:54',NULL,'COURT VISION MID LTR W','Scarpe comode','Comfort Shoes',1,85.99,'Nero','Sneakers','W','Nike','https://www.cisalfasport.it/dw/image/v2/BBVV_PRD/on/demandware.static/-/Sites-cisalfa-master/default/dwb8acc510/cisalfa/files/S5318571-002/image/S5318571_002.jpg?sw=960&sh=1200',85.99),(223,'2023-04-05 18:24:58',NULL,'BLAZER MID \'77 GS JR','Scarpe comode','Comfort Shoes',1,85.99,'Bianco','Sneakers','W','Nike','https://www.cisalfasport.it/dw/image/v2/BBVV_PRD/on/demandware.static/-/Sites-cisalfa-master/default/dwe4fc2c37/cisalfa/files/S5247536-100/image/S5247536_100.jpg?sw=960&sh=1200',85.99),(225,'2023-04-06 07:31:24','2023-04-06 07:32:05','Blazer','Scarpe molto belle','Very good looking shoes',1,110,'Multicolor','Sneakers','W','Nike','https://beije-dev.s3.eu-south-1.amazonaws.com/shoes/upload/2oJ1AD-1680766284357.jpg',120),(226,'2023-04-06 08:21:26','2023-04-06 08:22:00','Blazer','Belle','Good',1,110,'Multicolor','Sneakers','W','Nike','https://beije-dev.s3.eu-south-1.amazonaws.com/shoes/upload/H1h5Gm-1680769286403.jpg',120),(227,'2023-04-06 10:10:08',NULL,'Blazer','Belle','Good',1,110,'Multicolor','Sneakers','M','Nike','https://beije-dev.s3.eu-south-1.amazonaws.com/shoes/upload/58acYm-1680775807717.jpg',120);
/*!40000 ALTER TABLE `products` ENABLE KEYS */;
UNLOCK TABLES;

--
-- Table structure for table `refresh_token`
--

DROP TABLE IF EXISTS `refresh_token`;
/*!40101 SET @saved_cs_client     = @@character_set_client */;
/*!50503 SET character_set_client = utf8mb4 */;
CREATE TABLE `refresh_token` (
  `id` int NOT NULL AUTO_INCREMENT,
  `token` varchar(150) NOT NULL,
  `expiration_date` timestamp NOT NULL,
  `user_id` int NOT NULL,
  PRIMARY KEY (`id`),
  UNIQUE KEY `token_UNIQUE` (`token`),
  KEY `fk_refresh_token_user_idx` (`user_id`),
  CONSTRAINT `fk_refresh_token_user` FOREIGN KEY (`user_id`) REFERENCES `users` (`id`)
) ENGINE=InnoDB AUTO_INCREMENT=611 DEFAULT CHARSET=utf8mb4 COLLATE=utf8mb4_0900_ai_ci;
/*!40101 SET character_set_client = @saved_cs_client */;

--
-- Dumping data for table `refresh_token`
--

LOCK TABLES `refresh_token` WRITE;
/*!40000 ALTER TABLE `refresh_token` DISABLE KEYS */;
INSERT INTO `refresh_token` VALUES (610,'eyJhbGciOiJIUzI1NiJ9.eyJzdWIiOiJwYW9sbzFAZ21haWwuY29tIiwiZXhwIjoxNjg0MzM0Njg5fQ.mNcx6S6q8_eZEsM6HbBrd5dv2tt-orKOjFygU-BlosE','2023-05-17 12:44:50',88);
/*!40000 ALTER TABLE `refresh_token` ENABLE KEYS */;
UNLOCK TABLES;

--
-- Table structure for table `shopping_cart_item`
--

DROP TABLE IF EXISTS `shopping_cart_item`;
/*!40101 SET @saved_cs_client     = @@character_set_client */;
/*!50503 SET character_set_client = utf8mb4 */;
CREATE TABLE `shopping_cart_item` (
  `id` int NOT NULL AUTO_INCREMENT,
  `quantity` int NOT NULL,
  `created_at` datetime NOT NULL DEFAULT CURRENT_TIMESTAMP,
  `user_id` int NOT NULL,
  `product_details_id` int NOT NULL,
  PRIMARY KEY (`id`),
  KEY `product_details_id` (`product_details_id`),
  KEY `fk2_idx` (`user_id`),
  CONSTRAINT `cartItemFk1` FOREIGN KEY (`user_id`) REFERENCES `users` (`id`),
  CONSTRAINT `cartItemFk2` FOREIGN KEY (`product_details_id`) REFERENCES `product_details` (`id`)
) ENGINE=InnoDB AUTO_INCREMENT=224 DEFAULT CHARSET=utf8mb4 COLLATE=utf8mb4_0900_ai_ci;
/*!40101 SET character_set_client = @saved_cs_client */;

--
-- Dumping data for table `shopping_cart_item`
--

LOCK TABLES `shopping_cart_item` WRITE;
/*!40000 ALTER TABLE `shopping_cart_item` DISABLE KEYS */;
INSERT INTO `shopping_cart_item` VALUES (19,22,'2023-03-13 09:54:40',15,3),(57,4,'2023-03-31 08:09:14',83,8),(88,3,'2023-03-31 18:50:05',81,51),(109,2,'2023-04-03 17:14:05',91,53),(110,1,'2023-04-03 17:14:05',91,4),(111,68,'2023-04-03 17:17:21',93,2),(112,1,'2023-04-03 17:17:21',93,4),(128,1,'2023-04-04 13:38:01',82,23),(135,1,'2023-04-04 16:47:38',80,3),(171,1,'2023-04-06 07:42:10',98,230),(172,2,'2023-04-06 07:42:23',98,231),(196,2,'2023-05-15 08:30:22',88,547),(221,1,'2023-05-24 11:37:53',1,119),(222,1,'2023-05-24 11:38:23',1,119),(223,1,'2023-05-24 11:41:04',1,119);
/*!40000 ALTER TABLE `shopping_cart_item` ENABLE KEYS */;
UNLOCK TABLES;

--
-- Table structure for table `user_authority`
--

DROP TABLE IF EXISTS `user_authority`;
/*!40101 SET @saved_cs_client     = @@character_set_client */;
/*!50503 SET character_set_client = utf8mb4 */;
CREATE TABLE `user_authority` (
  `user_id` int NOT NULL,
  `authority_id` int NOT NULL,
  PRIMARY KEY (`user_id`,`authority_id`),
  KEY `fk_user_has_authority_authority1_idx` (`authority_id`),
  KEY `fk_user_has_authority_user1_idx` (`user_id`),
  CONSTRAINT `fk_user_has_authority_authority1` FOREIGN KEY (`authority_id`) REFERENCES `authority` (`id`),
  CONSTRAINT `fk_user_has_authority_user1` FOREIGN KEY (`user_id`) REFERENCES `users` (`id`)
) ENGINE=InnoDB DEFAULT CHARSET=utf8mb4 COLLATE=utf8mb4_0900_ai_ci;
/*!40101 SET character_set_client = @saved_cs_client */;

--
-- Dumping data for table `user_authority`
--

LOCK TABLES `user_authority` WRITE;
/*!40000 ALTER TABLE `user_authority` DISABLE KEYS */;
INSERT INTO `user_authority` VALUES (1,1),(5,1),(14,1),(15,1),(21,1),(22,1),(23,1),(25,1),(26,1),(27,1),(28,1),(29,1),(30,1),(31,1),(32,1),(33,1),(34,1),(35,1),(36,1),(37,1),(38,1),(39,1),(40,1),(41,1),(42,1),(43,1),(44,1),(45,1),(46,1),(47,1),(48,1),(49,1),(50,1),(51,1),(52,1),(53,1),(54,1),(55,1),(56,1),(57,1),(58,1),(59,1),(60,1),(61,1),(62,1),(63,1),(64,1),(65,1),(66,1),(67,1),(68,1),(69,1),(70,1),(71,1),(72,1),(73,1),(74,1),(75,1),(76,1),(77,1),(78,1),(80,1),(81,1),(82,1),(83,1),(84,1),(85,1),(86,1),(88,1),(90,1),(91,1),(92,1),(93,1),(96,1),(97,1),(98,1),(99,1),(100,1),(101,1),(102,1),(103,1),(104,1),(105,1),(106,1),(107,1),(108,1),(109,1),(110,1),(111,1),(112,1),(116,1),(117,1),(119,1),(122,1),(123,1),(124,1),(126,1),(129,1),(1,2),(15,2),(23,2),(55,2),(56,2),(57,2),(60,2),(64,2),(66,2),(67,2),(68,2),(77,2),(78,2),(79,2),(87,2),(88,2),(89,2),(95,2),(101,2),(29,3),(40,3),(50,3),(51,3),(52,3),(53,3),(54,3),(56,3),(96,3),(103,3),(111,3),(25,4),(39,4),(47,4),(58,4),(59,4),(69,4),(94,4),(97,4),(102,4);
/*!40000 ALTER TABLE `user_authority` ENABLE KEYS */;
UNLOCK TABLES;

--
-- Table structure for table `users`
--

DROP TABLE IF EXISTS `users`;
/*!40101 SET @saved_cs_client     = @@character_set_client */;
/*!50503 SET character_set_client = utf8mb4 */;
CREATE TABLE `users` (
  `id` int NOT NULL AUTO_INCREMENT,
  `created_at` datetime NOT NULL DEFAULT CURRENT_TIMESTAMP,
  `disabled_at` datetime DEFAULT NULL,
  `name` varchar(100) NOT NULL,
  `surname` varchar(100) NOT NULL,
  `email` varchar(100) NOT NULL,
  `password` varchar(100) NOT NULL,
  `telephone` varchar(100) DEFAULT NULL,
  `birth_date` date NOT NULL,
  PRIMARY KEY (`id`),
  UNIQUE KEY `email_UNIQUE` (`email`)
) ENGINE=InnoDB AUTO_INCREMENT=130 DEFAULT CHARSET=utf8mb4 COLLATE=utf8mb4_0900_ai_ci;
/*!40101 SET character_set_client = @saved_cs_client */;

--
-- Dumping data for table `users`
--

LOCK TABLES `users` WRITE;
/*!40000 ALTER TABLE `users` DISABLE KEYS */;
INSERT INTO `users` VALUES (1,'2023-03-06 12:40:19',NULL,'Marianna','Non Modificare','marianna@nido.it','12345','9658742','1998-03-06'),(5,'2023-03-07 09:32:10','2023-03-30 13:45:36','Maria','Verdi','prova@gmail.com4FDzZTgtVs5','prova','3455888394','2000-03-12'),(7,'2023-03-08 09:10:16',NULL,'Gian','Franco','gian@franco.it','gian','333333','1997-11-27'),(8,'2023-03-08 09:12:58',NULL,'You','Ness','you@ness.it','you','333333','2000-10-10'),(13,'2023-03-10 16:00:20',NULL,'Maria','Gialli','prova2@gmail.com','prova2','3445557833','2007-01-07'),(14,'2023-03-16 10:37:00','2023-03-24 11:57:02','user1','user1','user1@gmail.comnyzT8UL3Lw14','user1','23823423','2000-01-01'),(15,'2023-03-16 10:37:00',NULL,'admin1','admin1','admin1@gmail.com','admin1','23823423','1999-12-26'),(16,'2023-03-22 09:25:42',NULL,'lasignupfunziona','lasignupfunziona','signup@gmail.com','signup',NULL,'1989-12-26'),(18,'2023-03-22 09:52:57','2023-03-30 10:12:13','lasignupfunziona','lasignupfunziona','signup1@gmail.comkNtwegKhtU18','signup1',NULL,'1989-12-26'),(21,'2023-03-22 10:34:42',NULL,'modificatoancoraa','modificatoancoraa','signup2@gmail.com','signup2',NULL,'2000-01-01'),(22,'2023-03-22 10:35:06','2023-04-06 06:59:45','lasignupfunziona','lasignupfunziona','signup3@gmail.comLuxNbg3Otf22','signup3',NULL,'1989-12-26'),(23,'2023-03-22 11:27:17','2023-03-24 11:45:18','adminlasignupfunziona','adminlasignupfunziona','signup8@gmail.comEDXN20k6LZ23xwVZTiuCLC23dHnTRYm6wT23b0LjkDf6YW23','signup8',NULL,'1988-12-26'),(25,'2023-03-22 13:28:52','2023-03-30 12:46:00','Gennaro','Gennaro','signup01@gmail.comkxeNAjDVBS25','signup77',NULL,'1988-12-07'),(26,'2023-03-22 13:29:38','2023-04-05 14:41:11','adminlasignupfunziona','lasignupfunziona','togli@gmail.comci1XuZXwmO26','signup77',NULL,'1988-12-26'),(27,'2023-03-22 13:32:28','2023-03-30 13:00:19','adminlasignupfunziona','lasignupfunziona','togli1@gmail.comBOY7Y998qM27','signup77',NULL,'1988-12-26'),(28,'2023-03-22 13:33:50','2023-03-31 10:22:33','adminlasignupfunziona','lasignupfunziona','togli71@gmail.com2fpHt5oPep28','signup77',NULL,'1988-12-26'),(29,'2023-03-22 13:37:15',NULL,'Marco','Esposito','togli761@gmail.com','signup77','3334567894','1988-12-26'),(30,'2023-03-23 14:05:41','2023-04-04 20:17:32','adminlasignupfunziona','lasignupfunziona','example@example.comXGdpStSFZU30','Password1!',NULL,'1988-12-26'),(31,'2023-03-23 14:06:55',NULL,'adminlasignupfunziona','lasignupfunziona','testple@example.com','Password1!',NULL,'1988-12-26'),(32,'2023-03-23 14:08:14','2023-03-24 14:23:09','lasignupfunziona','lasignupfunziona','signup4@gmail.comMnhBDt5edb32','signup4',NULL,'1989-12-26'),(33,'2023-03-23 14:15:58','2023-03-24 12:46:56','adminlasignupfunziona','lasignupfunziona','testptest@example.comsBZhGusAnu33','Password1!',NULL,'1988-12-26'),(34,'2023-03-23 14:19:25','2023-03-31 12:52:09','adminlasignupfunziona','lasignupfunziona','testptestexample.comHUqc3e4xbH34','Password1!',NULL,'1988-12-26'),(35,'2023-03-23 14:22:04','2023-04-05 21:12:44','adminlasignupfunziona','lasignupfunziona','testptwestexample.comCEMpWyf0ht35','Password1!',NULL,'1988-12-26'),(36,'2023-03-23 14:22:21','2023-04-05 21:14:12','adminlasignupfunziona','lasignupfunziona','testpt..westexample.comKUXCB9flit36','Password1!',NULL,'1988-12-26'),(37,'2023-03-23 14:22:40','2023-04-05 21:14:57','adminlasignupfunziona','lasignupfunziona','testptwasedrfjghkjklY8V6jlgepI37','Password1!',NULL,'1988-12-26'),(38,'2023-03-23 14:30:31','2023-03-24 12:21:26','adminlasignupfunziona','lasignupfunziona','testptweste@xample.comcs8rU6DBu838','Password1@',NULL,'1988-12-26'),(39,'2023-03-27 07:49:27',NULL,'dataentry1','dataentry1','dataentry1@gmail.com','dataentry1',NULL,'1999-12-26'),(40,'2023-03-27 07:52:31',NULL,'marketing1','marketing1','marketing1@gmail.com','marketing1',NULL,'1999-12-26'),(41,'2023-03-27 09:00:56',NULL,'vdbvdsbdsb','bsbsbsb','fdbdsfbsdb@dsvsv.it','Lalalafrdsgla_23!',NULL,'1996-09-08'),(42,'2023-03-27 09:02:47','2023-03-31 13:54:51','vdgbdhdhdsh','hdshfsdghsgfgh','hsfhsfhsfhshf@fcsgf.itPIT9TBUzB342','Password_!34',NULL,'1996-09-08'),(43,'2023-03-27 09:11:55',NULL,'fabrizio','ettori','fabrizioettori@gmail.com','Password_23!',NULL,'1996-09-08'),(44,'2023-03-27 09:12:56',NULL,'fabrizio','ettori','fabrizioettori23@gmail.com','Password_23!',NULL,'1996-09-08'),(45,'2023-03-27 09:13:13',NULL,'fabrizio','ettori','fabrizioettori22@gmail.com','Password_23!',NULL,'1996-09-08'),(46,'2023-03-27 09:15:25',NULL,'fabrizio','ettori','fabrizioettori21@gmail.com','Password_23!',NULL,'1996-09-08'),(47,'2023-03-27 09:17:12',NULL,'Laurenti','Michele','michele@michele.it','Password_23!','3334567653','1996-09-08'),(48,'2023-03-27 09:19:55',NULL,'cmisdmvsv','cnmdisms','cndsusdn@michele.it','lalalalL_23<!!',NULL,'1996-09-08'),(49,'2023-03-27 09:36:37',NULL,'sdfsfsdfsd','sdfsdfdsfsdf','sfsdfsdfsdfsdf@gmail.com','Amsxiomss_23!',NULL,'1996-09-08'),(50,'2023-03-27 14:03:42','2023-04-06 08:02:13','aggiuntoDaUser','aggiuntoDaAdmin','aggiuntoDaUser@gmail.com7dTO5MPbNL50','daUser',NULL,'2000-01-01'),(51,'2023-03-29 15:31:21',NULL,'aggiuntoDaadmin','aggiuntoDaAdmin','testuser@gmail.com','PassaDmin1!',NULL,'2000-01-03'),(52,'2023-03-29 15:45:44','2023-03-30 13:06:10','aggiuntoDaadmin','aggiuntoDaAdmin','tes@gmail.comD5SGQFYbeq52','PassaDmin1!',NULL,'2000-01-03'),(53,'2023-03-29 15:54:23',NULL,'aggiuntoDaadmin','aggiuntoDaAdmin','teys@gmail.com','PassaDmin1!',NULL,'2000-01-03'),(54,'2023-03-29 15:56:15',NULL,'aggiuntoDaadmin','aggiuntoDaAdmin','teysr@gmail.com','12345',NULL,'2000-01-03'),(55,'2023-03-29 15:57:07',NULL,'aggiuntoDaadmin','aggiuntoDaAdmin','tey9@gmail.com','12345',NULL,'2000-01-03'),(56,'2023-03-29 15:57:27',NULL,'tEST','protca','provatest@gmail.com','1243345','343563','2000-01-06'),(57,'2023-03-29 16:00:24',NULL,'Test','Back office','prova.test@test.it','Password@12','+(123)554624624623463632  54567890','2000-02-03'),(58,'2023-03-29 16:43:32',NULL,'Cata','Test','francescocata@gmail.com','Admin@105',NULL,'1999-01-04'),(59,'2023-03-29 16:44:33',NULL,'Paolo','Test','paolotest@gmail.com','Admin@1051',NULL,'1999-01-04'),(60,'2023-03-29 17:26:22',NULL,'Valentino','Valentino','vale.rossi@gmail.com','Password@1',NULL,'2000-03-02'),(61,'2023-03-29 19:27:26',NULL,'Francesco','Scialdone','francesco@scialdone.it','Password@1',NULL,'1992-02-02'),(62,'2023-03-29 19:33:41',NULL,'Mario','Rossi','mario@rossi.it','MarioRossi@1',NULL,'1990-01-01'),(63,'2023-03-29 19:38:36',NULL,'Mario','Rossi','mario2@rossi.it','MarioRossi@1',NULL,'1990-01-01'),(64,'2023-03-29 22:17:45',NULL,'string','string','email@gmail.com','string',NULL,'2000-01-01'),(65,'2023-03-30 09:03:39',NULL,'luigi','luigi','luigi@mail.it','12345',NULL,'1991-03-01'),(66,'2023-03-30 09:15:11',NULL,'Giovanni','Giovanni','giovanni.esposito@gmail.com','Password@97',NULL,'2000-01-01'),(67,'2023-03-30 09:27:09',NULL,'Aldo','Rossi','aldo.rossi@gmail.com','RossiAldo12-',NULL,'2023-02-05'),(68,'2023-03-30 09:35:57',NULL,'Martino','Manzolini','martino@gmail.com','martinoA45-',NULL,'2023-03-05'),(69,'2023-03-30 09:36:49',NULL,'Paolo','Test','paolotst@gmail.com','Admin@1051',NULL,'1999-01-04'),(70,'2023-03-30 10:01:43',NULL,'Luigi','Luigi','luigi@emailprova.it','12345',NULL,'1991-03-01'),(71,'2023-03-30 10:04:19',NULL,'luigi','luigi','rossi@email.it','12345',NULL,'1991-01-30'),(72,'2023-03-30 10:10:40','2023-04-04 07:22:56','sara','sara','sara1@mail.itE7IuFEyIY772','12345',NULL,'1991-03-30'),(73,'2023-03-30 10:20:34',NULL,'sara','rossi','sara3@mail.it','12345678A!a',NULL,'1991-01-01'),(74,'2023-03-30 10:27:24',NULL,'luca','luca','luigi1@mail.it','12345',NULL,'2023-03-01'),(75,'2023-03-30 10:43:34',NULL,'luigi','rossi','luigi5@mail.it','12345678A!a','4444444','1991-03-31'),(76,'2023-03-30 10:51:29','2023-03-30 13:05:22','sara','rossi','sara4@mail.itQvpSwix96Q76','12345678A!a',NULL,'1991-03-01'),(77,'2023-03-30 14:12:40',NULL,'Luigi','Lesc','luigi.lesc@gmail.com','Password@97','3334554442','1999-01-02'),(78,'2023-03-30 16:35:30',NULL,'Paolo','Di Martino','paolo@test.it','Password@1','3334445551','1995-01-03'),(79,'2023-03-30 16:50:01',NULL,'Stringo','Stringoni','string@string.it','Password!1','3900000000','1999-01-02'),(80,'2023-03-31 09:48:08',NULL,'Fra','Sci','francesco2@scialdone.it','Password@1','684358753','1992-01-01'),(81,'2023-03-31 09:52:35',NULL,'Francesco','Scialdone','francesco3@scialdone.it','Password@1',NULL,'1990-01-01'),(82,'2023-03-31 10:03:41',NULL,'Francesco','Scialdone','francesco4@scialdone.it','Password@1',NULL,'1990-01-01'),(83,'2023-03-31 10:09:13',NULL,'Francesco','Scialdone','francesco5@scialdone.it','Password@1',NULL,'1990-01-01'),(84,'2023-03-31 11:22:14',NULL,'Francesco','Scialdone','francesco6@scialdone.it','Password@1',NULL,'1990-01-01'),(85,'2023-03-31 18:36:34',NULL,'Francesco','Scialdone','francesco8@scialdone.it','Password@1',NULL,'1990-01-01'),(86,'2023-03-31 20:33:03',NULL,'Francesco','Scialdone','francesco9@scialdone.it','Password@1',NULL,'1990-03-31'),(87,'2023-04-02 18:24:27',NULL,'Angela','Esposito','angela.esposito@gmail.com','12345678','3331233214','1967-01-03'),(88,'2023-04-02 18:33:48',NULL,'Paolo','Di Martino','paolo1@gmail.com','Password@1','3337571233','1999-02-10'),(89,'2023-04-02 18:37:41',NULL,'Paolo','Di Martino','paolo2@gmail.com','Password@2','3214325670','2001-06-13'),(90,'2023-04-03 19:08:29',NULL,'Mario','Rossi','mario3@rossi.it','Password@1',NULL,'1990-01-01'),(91,'2023-04-03 19:14:05',NULL,'Mario','Rossi','mario4@rossi.it','Password@1',NULL,'1990-01-01'),(92,'2023-04-03 19:16:16',NULL,'Mario','Rossi','mario6@rossi.it','Password@1',NULL,'1990-01-01'),(93,'2023-04-03 19:17:21',NULL,'Mario','Rossi','mario7@rossi.it','Password@1',NULL,'1990-01-01'),(94,'2023-04-04 13:45:03',NULL,'Angela','Saronno','angela.s@gmail.com','Password@0','3334567778','1994-06-08'),(95,'2023-04-04 13:53:50',NULL,'Mario','Principe','mario.principe@gmail.com','Password@9','3337871000','1969-06-11'),(96,'2023-04-04 13:56:19',NULL,'Alfredo','Giacomelli','alfredo.giacomelli@gmail.com','Password@8','3334567652','1989-10-19'),(97,'2023-04-04 17:20:02',NULL,'Maria','Sarnelli','maria.s@gmail.com','Password@8','3334323241','1988-06-15'),(98,'2023-04-04 18:49:16',NULL,'Mario','Rossi','mario8@rossi.it','Password@1',NULL,'1990-01-01'),(99,'2023-04-04 20:27:34',NULL,'Martina','Colombari','martina.colombari@gmail.com','Password@0','3345432346','1998-02-03'),(100,'2023-04-04 20:50:07',NULL,'Michele','Santarpia','michele.santarpia@gmail.com','Password@1',NULL,'1996-06-05'),(101,'2023-04-05 22:49:02',NULL,'Mario','Rosso','mario.rossi@gmail.com','Password@1','3334445561','1996-06-07'),(102,'2023-04-05 22:56:47',NULL,'Giulio','Bianchi','giulio.bianchi@gmail.com','Password@1','3334445567','1999-07-09'),(103,'2023-04-05 22:57:53',NULL,'Flavio','Neri','flavio.neri@gmail.com','Password@1','3334445568','1996-03-07'),(104,'2023-04-06 10:05:20',NULL,'Michele','Angioni','micheleangioni@gmail.com','Password_23!',NULL,'1996-09-08'),(105,'2023-04-26 11:24:28',NULL,'John','Smith','johndoeg@example.com','Abc1234!','+1-555-555-1212','1993-05-18'),(106,'2023-04-26 11:27:28',NULL,'John','Smith','mars@example.com','Abc1234!','+1-555-555-1212','1993-05-18'),(107,'2023-04-26 11:49:49',NULL,'John','Smith','mars1@example.com','Abc1234!','+1-555-555-1212','1993-05-18'),(108,'2023-04-26 11:50:33',NULL,'John','Smith','mars2@example.com','Abc1234!','+1-555-555-1212','1993-05-18'),(109,'2023-04-26 12:45:45',NULL,'John','Smith','mars5@example.com','Abc1234!','+1-555-555-1212','1993-05-18'),(110,'2023-04-26 12:50:55',NULL,'John','Smith','mars57@example.com','Abc1234!','+1-555-555-1212','1993-05-18'),(111,'2023-05-15 10:38:30',NULL,'Mario','Rossi','mariorossi@gmail.com','Password@1','33333332323','2024-01-01'),(112,'2023-05-18 10:09:23',NULL,'Rigel Holt','Vaughn','voty@mailinator.com','Pa$$w0rd!','+1 (679) 462-5674','2016-01-24'),(113,'2023-05-18 10:17:43',NULL,'Prova','express','prova@express.it','12345698','34105412','2013-01-05'),(114,'2023-05-18 10:18:45',NULL,'Tanya Mcdowell','Vaughan','naxef@mailinator.com','Pa$$w0rd!','+1 (866) 459-4235','1973-01-04'),(115,'2023-05-18 10:19:17',NULL,'Hayley Vang','Alford','nuloxob@mailinator.com','Pa$$w0rd!','+1 (704) 534-5342','2000-08-24'),(116,'2023-05-18 10:20:19',NULL,'Cynthia Snow','Cotton','vyjahijyv@mailinator.com','Pa$$w0rd!','+1 (516) 542-9153','2010-04-04'),(117,'2023-05-18 10:24:45',NULL,'proviamo','express','probiamo@auth','12345','3126541','1954-12-10'),(119,'2023-05-18 10:28:10',NULL,'Chastity Hawkins','Justice','tycyl@mailinator.com','Pa$$w0rd!','+1 (551) 598-5147','1995-12-10'),(122,'2023-05-18 10:30:13',NULL,'Fitzgerald Simon','Flynn','cipoz@mailinator.com','Pa$$w0rd!','+1 (847) 862-6369','1971-04-12'),(123,'2023-05-18 10:33:07',NULL,'Lana Clemons','Levy','lycojaf@mailinator.com','Pa$$w0rd!','+1 (418) 416-6718','1980-06-23'),(124,'2023-05-18 10:33:18',NULL,'','','','','','0000-00-00'),(126,'2023-05-18 10:35:48',NULL,'Barrett Mann','Hudson','fuholotyby@mailinator.com','Pa$$w0rd!','+1 (436) 892-2064','1986-07-03'),(129,'2023-05-18 10:38:09',NULL,'Barbara Fowler','Donaldson','zolunocavi@mailinator.com','Pa$$w0rd!','+1 (307) 199-7412','2019-01-19');
/*!40000 ALTER TABLE `users` ENABLE KEYS */;
UNLOCK TABLES;

--
-- Table structure for table `wishlist_item`
--

DROP TABLE IF EXISTS `wishlist_item`;
/*!40101 SET @saved_cs_client     = @@character_set_client */;
/*!50503 SET character_set_client = utf8mb4 */;
CREATE TABLE `wishlist_item` (
  `id` int NOT NULL AUTO_INCREMENT,
  `created_at` datetime NOT NULL DEFAULT CURRENT_TIMESTAMP,
  `user_id` int NOT NULL,
  `product_id` int NOT NULL,
  PRIMARY KEY (`id`),
  KEY `fk1_idx` (`user_id`),
  KEY `fk2_idx` (`product_id`),
  CONSTRAINT `fk1` FOREIGN KEY (`user_id`) REFERENCES `users` (`id`),
  CONSTRAINT `fk2wishlistproduct` FOREIGN KEY (`product_id`) REFERENCES `products` (`id`)
) ENGINE=InnoDB AUTO_INCREMENT=141 DEFAULT CHARSET=utf8mb4 COLLATE=utf8mb4_0900_ai_ci;
/*!40101 SET character_set_client = @saved_cs_client */;

--
-- Dumping data for table `wishlist_item`
--

LOCK TABLES `wishlist_item` WRITE;
/*!40000 ALTER TABLE `wishlist_item` DISABLE KEYS */;
INSERT INTO `wishlist_item` VALUES (126,'2023-04-05 21:39:51',88,168),(134,'2023-04-06 07:16:24',98,114),(136,'2023-04-06 08:23:17',75,114),(139,'2023-04-06 17:59:41',75,118);
/*!40000 ALTER TABLE `wishlist_item` ENABLE KEYS */;
UNLOCK TABLES;
SET @@SESSION.SQL_LOG_BIN = @MYSQLDUMP_TEMP_LOG_BIN;
/*!40103 SET TIME_ZONE=@OLD_TIME_ZONE */;

/*!40101 SET SQL_MODE=@OLD_SQL_MODE */;
/*!40014 SET FOREIGN_KEY_CHECKS=@OLD_FOREIGN_KEY_CHECKS */;
/*!40014 SET UNIQUE_CHECKS=@OLD_UNIQUE_CHECKS */;
/*!40101 SET CHARACTER_SET_CLIENT=@OLD_CHARACTER_SET_CLIENT */;
/*!40101 SET CHARACTER_SET_RESULTS=@OLD_CHARACTER_SET_RESULTS */;
/*!40101 SET COLLATION_CONNECTION=@OLD_COLLATION_CONNECTION */;
/*!40111 SET SQL_NOTES=@OLD_SQL_NOTES */;

-- Dump completed on 2024-04-17 15:00:22
